{
	"format_version": "1.12.0",
	"minecraft:geometry": [
		{
			"description": {
				"identifier": "geometry.unknown",
				"texture_width": 32,
				"texture_height": 32,
				"visible_bounds_width": 2,
				"visible_bounds_height": 1.5,
				"visible_bounds_offset": [0, 0.25, 0]
			},
			"bones": [
				{
					"name": "bb_main",
					"pivot": [0, 0, 0],
					"cubes": [
						{
							"origin": [-0.75, 0, -1.75],
							"size": [1.5, 4, 3.5],
							"uv": {
								"up": {"uv": [10, 5], "uv_size": [1.5, 3.5]},
								"down": {"uv": [6, 13.5], "uv_size": [1.5, -3.5]}
							}
						},
						{
							"origin": [-1, 0, -2],
							"size": [2, 5, 0.25],
							"uv": {
								"north": {"uv": [0, 10], "uv_size": [2, 5]},
								"east": {"uv": [10, 12], "uv_size": [0.25, 5]},
								"south": {"uv": [10, 0], "uv_size": [2, 5]},
								"west": {"uv": [11, 12], "uv_size": [0.25, 5]},
								"up": {"uv": [15, 7], "uv_size": [2, 0.25]},
								"down": {"uv": [15, 8.25], "uv_size": [2, -0.25]}
							}
						},
						{
							"origin": [0.75, 0, -1.75],
							"size": [0.25, 5, 3.5],
							"uv": {
								"east": {"uv": [0, 0], "uv_size": [3.5, 5]},
								"west": {"uv": [4, 0], "uv_size": [3.5, 5]},
								"up": {"uv": [12, 5], "uv_size": [0.25, 3.5]},
								"down": {"uv": [12, 15.5], "uv_size": [0.25, -3.5]}
							}
						},
						{
							"origin": [0.75, 5, 1],
							"size": [0.25, 1, 0.75],
							"uv": {
								"north": {"uv": [14, 13], "uv_size": [0.75, 1]},
								"east": {"uv": [14, 13], "uv_size": [0.75, 1]},
								"south": {"uv": [14, 13], "uv_size": [0.75, 1]},
								"west": {"uv": [14, 13], "uv_size": [0.75, 1]},
								"up": {"uv": [14.75, 14], "uv_size": [-0.75, -1]},
								"down": {"uv": [14.75, 14], "uv_size": [-0.75, -1]}
							}
						},
						{
							"origin": [-1, 0, -1.75],
							"size": [0.25, 5, 3.5],
							"uv": {
								"east": {"uv": [0, 5], "uv_size": [3.5, 5]},
								"west": {"uv": [4, 5], "uv_size": [3.5, 5]},
								"up": {"uv": [13, 5], "uv_size": [0.25, 3.5]},
								"down": {"uv": [13, 15.5], "uv_size": [0.25, -3.5]}
							}
						},
						{
							"origin": [-0.999, 4.86754, -1.9785],
							"size": [0.248, 1, 3.16228],
							"pivot": [0, 5.36754, 0.68377],
							"rotation": [18.435, 0, 0],
							"uv": {
								"north": {"uv": [16, 1], "uv_size": [0.25, 1]},
								"east": {"uv": [10, 11], "uv_size": [3.1875, 1]},
								"west": {"uv": [12, 0], "uv_size": [3.1875, 1]},
								"up": {"uv": [14, 6], "uv_size": [0.25, 3.1875]},
								"down": {"uv": [7, 17.1875], "uv_size": [0.25, -3.1875]}
							}
						},
						{
							"origin": [-1, 5, 1],
							"size": [0.25, 1, 0.75],
							"uv": {
								"north": {"uv": [14, 13], "uv_size": [0.75, 1]},
								"east": {"uv": [14, 13], "uv_size": [0.75, 1]},
								"south": {"uv": [14, 13], "uv_size": [0.75, 1]},
								"west": {"uv": [14, 13], "uv_size": [0.75, 1]},
								"up": {"uv": [14.75, 14], "uv_size": [-0.75, -1]},
								"down": {"uv": [14.75, 14], "uv_size": [-0.75, -1]}
							}
						},
						{
							"origin": [-1, 0, 1.75],
							"size": [2, 6, 0.25],
							"uv": {
								"north": {"uv": [8, 0], "uv_size": [2, 6]},
								"east": {"uv": [8, 12], "uv_size": [0.25, 6]},
								"south": {"uv": [8, 6], "uv_size": [2, 6]},
								"west": {"uv": [9, 12], "uv_size": [0.25, 6]},
								"down": {"uv": [15, 6.25], "uv_size": [2, -0.25]}
							}
						},
						{
							"origin": [0.751, 4.86754, -1.9785],
							"size": [0.248, 1, 3.16228],
							"pivot": [0, 5.36754, 0.68377],
							"rotation": [18.435, 0, 0],
							"uv": {
								"north": {"uv": [16.25, 1], "uv_size": [-0.25, 1]},
								"east": {"uv": [15.1875, 0], "uv_size": [-3.1875, 1]},
								"west": {"uv": [13.1875, 11], "uv_size": [-3.1875, 1]},
								"up": {"uv": [14.25, 6], "uv_size": [-0.25, 3.1875]},
								"down": {"uv": [7.25, 17.1875], "uv_size": [-0.25, -3.1875]}
							}
						}
					]
				},
				{
					"name": "bone",
					"pivot": [0, 6, 2],
					"rotation": [-35, 0, 0],
					"cubes": [
						{
							"origin": [-1, 6.11897, -2.34594],
							"size": [2, 0.25, 3.16228],
							"pivot": [0, 6.62538, 1.27472],
							"rotation": [18.435, 0, 0],
							"uv": {
								"north": {"uv": [3, 15], "uv_size": [2, 0.25]},
								"east": {"uv": [3, 14], "uv_size": [3.1875, 0.25]},
								"south": {"uv": [15, 3], "uv_size": [2, 0.25]},
								"west": {"uv": [14, 5], "uv_size": [3.1875, 0.25]},
								"up": {"uv": [2, 10], "uv_size": [2, 3.1875]},
								"down": {"uv": [4, 13.1875], "uv_size": [2, -3.1875]}
							}
						},
						{
							"origin": [-1, 6, 0.92094],
							"size": [2, 0.23718, 1.07906],
							"uv": {
								"north": {"uv": [15, 4], "uv_size": [2, 0.25]},
								"east": {"uv": [15, 9], "uv_size": [1.0625, 0.25]},
								"south": {"uv": [5, 15], "uv_size": [2, 0.25]},
								"west": {"uv": [15, 10], "uv_size": [1.0625, 0.25]},
								"up": {"uv": [12, 1], "uv_size": [2, 1.0625]},
								"down": {"uv": [12, 4.0625], "uv_size": [2, -1.0625]}
							}
						}
					]
				},
				{
					"name": "bone2",
					"pivot": [0, 0, 2.5]
				},
				{
					"name": "762x4",
					"parent": "bone2",
					"pivot": [0, 5.25, -0.5],
					"rotation": [90, 0, 0],
					"cubes": [
						{
							"origin": [-0.24375, 4.41274, -0.74375],
							"size": [0.4875, 1.14532, 0.4875],
							"uv": {
								"north": {"uv": [14, 14], "uv_size": [0.5, 1.125]},
								"east": {"uv": [0, 15], "uv_size": [0.5, 1.125]},
								"south": {"uv": [1, 15], "uv_size": [0.5, 1.125]},
								"west": {"uv": [15, 1], "uv_size": [0.5, 1.125]},
								"up": {"uv": [15, 13], "uv_size": [0.5, 0.5]},
								"down": {"uv": [15, 14.5], "uv_size": [0.5, -0.5]}
							}
						},
						{
							"origin": [-0.18282, 5.55493, -0.68281],
							"size": [0.36563, 0.48593, 0.36563],
							"inflate": 0.001,
							"uv": {
								"north": {"uv": [3, 16], "uv_size": [0.375, 0.5]},
								"east": {"uv": [4, 16], "uv_size": [0.375, 0.5]},
								"south": {"uv": [5, 16], "uv_size": [0.375, 0.5]},
								"west": {"uv": [6, 16], "uv_size": [0.375, 0.5]},
								"up": {"uv": [16, 11], "uv_size": [0.375, 0.375]}
							}
						},
						{
							"origin": [-0.05782, 6.02993, -0.55781],
							"size": [0.11563, 0.38593, 0.11563],
							"inflate": 0.001,
							"uv": {
								"north": {"uv": [14, 16], "uv_size": [0.125, 0.375]},
								"east": {"uv": [16, 14], "uv_size": [0.125, 0.375]},
								"south": {"uv": [15, 16], "uv_size": [0.125, 0.375]},
								"west": {"uv": [16, 15], "uv_size": [0.125, 0.375]},
								"up": {"uv": [18, 0], "uv_size": [0.125, 0.125]}
							}
						},
						{
							"origin": [-0.10869, 6.01174, -0.55781],
							"size": [0.11563, 0.39328, 0.11563],
							"inflate": 0.001,
							"pivot": [-0.05087, 6.25471, -0.49999],
							"rotation": [0, 0, 18.435],
							"uv": {
								"north": {"uv": [16, 16], "uv_size": [0.125, 0.375]},
								"east": {"uv": [0, 17], "uv_size": [0.125, 0.375]},
								"south": {"uv": [17, 0], "uv_size": [0.125, 0.375]},
								"west": {"uv": [1, 17], "uv_size": [0.125, 0.375]},
								"up": {"uv": [1, 18], "uv_size": [0.125, 0.125]}
							}
						},
						{
							"origin": [-0.00695, 6.01174, -0.55781],
							"size": [0.11563, 0.39328, 0.11563],
							"inflate": 0.001,
							"pivot": [0.05086, 6.25471, -0.49999],
							"rotation": [0, 0, -18.435],
							"uv": {
								"north": {"uv": [17, 1], "uv_size": [0.125, 0.375]},
								"east": {"uv": [17, 2], "uv_size": [0.125, 0.375]},
								"south": {"uv": [3, 17], "uv_size": [0.125, 0.375]},
								"west": {"uv": [17, 3], "uv_size": [0.125, 0.375]},
								"up": {"uv": [18, 1], "uv_size": [0.125, 0.125]}
							}
						},
						{
							"origin": [-0.05782, 6.01174, -0.50694],
							"size": [0.11563, 0.39328, 0.11563],
							"inflate": 0.001,
							"pivot": [0, 6.25471, -0.44913],
							"rotation": [18.435, 0, 0],
							"uv": {
								"north": {"uv": [4, 17], "uv_size": [0.125, 0.375]},
								"east": {"uv": [17, 4], "uv_size": [0.125, 0.375]},
								"south": {"uv": [5, 17], "uv_size": [0.125, 0.375]},
								"west": {"uv": [6, 17], "uv_size": [0.125, 0.375]},
								"up": {"uv": [2, 18], "uv_size": [0.125, 0.125]}
							}
						},
						{
							"origin": [-0.05782, 6.01174, -0.60868],
							"size": [0.11563, 0.39328, 0.11563],
							"inflate": 0.001,
							"pivot": [0, 6.25471, -0.55086],
							"rotation": [-18.435, 0, 0],
							"uv": {
								"north": {"uv": [17, 6], "uv_size": [0.125, 0.375]},
								"east": {"uv": [17, 7], "uv_size": [0.125, 0.375]},
								"south": {"uv": [17, 8], "uv_size": [0.125, 0.375]},
								"west": {"uv": [17, 9], "uv_size": [0.125, 0.375]},
								"up": {"uv": [18, 2], "uv_size": [0.125, 0.125]}
							}
						},
						{
							"origin": [-0.18282, 5.47366, -0.68052],
							"size": [0.36563, 0.24375, 0.12187],
							"pivot": [0, 5.67477, -0.5],
							"rotation": [-22.5, 0, 0],
							"uv": {
								"north": {"uv": [12, 16], "uv_size": [0.375, 0.25]},
								"east": {"uv": [12, 17], "uv_size": [0.125, 0.25]},
								"west": {"uv": [17, 12], "uv_size": [0.125, 0.25]}
							}
						},
						{
							"origin": [-0.18282, 5.47366, -0.44135],
							"size": [0.36563, 0.24375, 0.12187],
							"pivot": [0, 5.67477, -0.5],
							"rotation": [22.5, 0, 0],
							"uv": {
								"east": {"uv": [13, 17], "uv_size": [0.125, 0.25]},
								"south": {"uv": [16, 12], "uv_size": [0.375, 0.25]},
								"west": {"uv": [17, 13], "uv_size": [0.125, 0.25]}
							}
						},
						{
							"origin": [-0.18052, 5.47366, -0.68281],
							"size": [0.12187, 0.24375, 0.36563],
							"pivot": [0, 5.67477, -0.5],
							"rotation": [0, 0, 22.5],
							"uv": {
								"north": {"uv": [14, 17], "uv_size": [0.125, 0.25]},
								"east": {"uv": [13, 16], "uv_size": [0.375, 0.25]},
								"south": {"uv": [17, 14], "uv_size": [0.125, 0.25]}
							}
						},
						{
							"origin": [0.05865, 5.47366, -0.68281],
							"size": [0.12187, 0.24375, 0.36563],
							"pivot": [0, 5.67477, -0.5],
							"rotation": [0, 0, -22.5],
							"uv": {
								"north": {"uv": [15, 17], "uv_size": [0.125, 0.25]},
								"south": {"uv": [17, 15], "uv_size": [0.125, 0.25]},
								"west": {"uv": [16, 13], "uv_size": [0.375, 0.25]}
							}
						},
						{
							"origin": [-0.24375, 4.22993, -0.74375],
							"size": [0.4875, 0.0914, 0.4875],
							"uv": {
								"north": {"uv": [16, 17], "uv_size": [0.5, 0.0625]},
								"east": {"uv": [17, 16], "uv_size": [0.5, 0.0625]},
								"south": {"uv": [17, 17], "uv_size": [0.5, 0.0625]},
								"west": {"uv": [0, 18], "uv_size": [0.5, 0.0625]},
								"up": {"uv": [15, 15], "uv_size": [0.5, 0.5]},
								"down": {"uv": [16, 0.5], "uv_size": [0.5, -0.5]}
							}
						},
						{
							"origin": [-0.18282, 4.29086, -0.68281],
							"size": [0.36563, 0.12188, 0.36563],
							"uv": {
								"north": {"uv": [10, 17], "uv_size": [0.375, 0.125]},
								"east": {"uv": [17, 10], "uv_size": [0.375, 0.125]},
								"south": {"uv": [11, 17], "uv_size": [0.375, 0.125]},
								"west": {"uv": [17, 11], "uv_size": [0.375, 0.125]}
							}
						}
					]
				},
				{
					"name": "762x2",
					"parent": "bone2",
					"pivot": [-0.5, 5.25, -0.5],
					"rotation": [90, 0, 0],
					"cubes": [
						{
							"origin": [-0.74375, 4.41274, -0.74375],
							"size": [0.4875, 1.14532, 0.4875],
							"uv": {
								"north": {"uv": [14, 14], "uv_size": [0.5, 1.125]},
								"east": {"uv": [0, 15], "uv_size": [0.5, 1.125]},
								"south": {"uv": [1, 15], "uv_size": [0.5, 1.125]},
								"west": {"uv": [15, 1], "uv_size": [0.5, 1.125]},
								"up": {"uv": [15, 13], "uv_size": [0.5, 0.5]},
								"down": {"uv": [15, 14.5], "uv_size": [0.5, -0.5]}
							}
						},
						{
							"origin": [-0.68282, 5.55493, -0.68281],
							"size": [0.36563, 0.48593, 0.36563],
							"inflate": 0.001,
							"uv": {
								"north": {"uv": [3, 16], "uv_size": [0.375, 0.5]},
								"east": {"uv": [4, 16], "uv_size": [0.375, 0.5]},
								"south": {"uv": [5, 16], "uv_size": [0.375, 0.5]},
								"west": {"uv": [6, 16], "uv_size": [0.375, 0.5]},
								"up": {"uv": [16, 11], "uv_size": [0.375, 0.375]}
							}
						},
						{
							"origin": [-0.55782, 6.02993, -0.55781],
							"size": [0.11563, 0.38593, 0.11563],
							"inflate": 0.001,
							"uv": {
								"north": {"uv": [14, 16], "uv_size": [0.125, 0.375]},
								"east": {"uv": [16, 14], "uv_size": [0.125, 0.375]},
								"south": {"uv": [15, 16], "uv_size": [0.125, 0.375]},
								"west": {"uv": [16, 15], "uv_size": [0.125, 0.375]},
								"up": {"uv": [18, 0], "uv_size": [0.125, 0.125]}
							}
						},
						{
							"origin": [-0.60869, 6.01174, -0.55781],
							"size": [0.11563, 0.39328, 0.11563],
							"inflate": 0.001,
							"pivot": [-0.55087, 6.25471, -0.49999],
							"rotation": [0, 0, 18.435],
							"uv": {
								"north": {"uv": [16, 16], "uv_size": [0.125, 0.375]},
								"east": {"uv": [0, 17], "uv_size": [0.125, 0.375]},
								"south": {"uv": [17, 0], "uv_size": [0.125, 0.375]},
								"west": {"uv": [1, 17], "uv_size": [0.125, 0.375]},
								"up": {"uv": [1, 18], "uv_size": [0.125, 0.125]}
							}
						},
						{
							"origin": [-0.50695, 6.01174, -0.55781],
							"size": [0.11563, 0.39328, 0.11563],
							"inflate": 0.001,
							"pivot": [-0.44914, 6.25471, -0.49999],
							"rotation": [0, 0, -18.435],
							"uv": {
								"north": {"uv": [17, 1], "uv_size": [0.125, 0.375]},
								"east": {"uv": [17, 2], "uv_size": [0.125, 0.375]},
								"south": {"uv": [3, 17], "uv_size": [0.125, 0.375]},
								"west": {"uv": [17, 3], "uv_size": [0.125, 0.375]},
								"up": {"uv": [18, 1], "uv_size": [0.125, 0.125]}
							}
						},
						{
							"origin": [-0.55782, 6.01174, -0.50694],
							"size": [0.11563, 0.39328, 0.11563],
							"inflate": 0.001,
							"pivot": [-0.5, 6.25471, -0.44913],
							"rotation": [18.435, 0, 0],
							"uv": {
								"north": {"uv": [4, 17], "uv_size": [0.125, 0.375]},
								"east": {"uv": [17, 4], "uv_size": [0.125, 0.375]},
								"south": {"uv": [5, 17], "uv_size": [0.125, 0.375]},
								"west": {"uv": [6, 17], "uv_size": [0.125, 0.375]},
								"up": {"uv": [2, 18], "uv_size": [0.125, 0.125]}
							}
						},
						{
							"origin": [-0.55782, 6.01174, -0.60868],
							"size": [0.11563, 0.39328, 0.11563],
							"inflate": 0.001,
							"pivot": [-0.5, 6.25471, -0.55086],
							"rotation": [-18.435, 0, 0],
							"uv": {
								"north": {"uv": [17, 6], "uv_size": [0.125, 0.375]},
								"east": {"uv": [17, 7], "uv_size": [0.125, 0.375]},
								"south": {"uv": [17, 8], "uv_size": [0.125, 0.375]},
								"west": {"uv": [17, 9], "uv_size": [0.125, 0.375]},
								"up": {"uv": [18, 2], "uv_size": [0.125, 0.125]}
							}
						},
						{
							"origin": [-0.68282, 5.47366, -0.68052],
							"size": [0.36563, 0.24375, 0.12187],
							"pivot": [-0.5, 5.67477, -0.5],
							"rotation": [-22.5, 0, 0],
							"uv": {
								"north": {"uv": [12, 16], "uv_size": [0.375, 0.25]},
								"east": {"uv": [12, 17], "uv_size": [0.125, 0.25]},
								"west": {"uv": [17, 12], "uv_size": [0.125, 0.25]}
							}
						},
						{
							"origin": [-0.68282, 5.47366, -0.44135],
							"size": [0.36563, 0.24375, 0.12187],
							"pivot": [-0.5, 5.67477, -0.5],
							"rotation": [22.5, 0, 0],
							"uv": {
								"east": {"uv": [13, 17], "uv_size": [0.125, 0.25]},
								"south": {"uv": [16, 12], "uv_size": [0.375, 0.25]},
								"west": {"uv": [17, 13], "uv_size": [0.125, 0.25]}
							}
						},
						{
							"origin": [-0.68052, 5.47366, -0.68281],
							"size": [0.12187, 0.24375, 0.36563],
							"pivot": [-0.5, 5.67477, -0.5],
							"rotation": [0, 0, 22.5],
							"uv": {
								"north": {"uv": [14, 17], "uv_size": [0.125, 0.25]},
								"east": {"uv": [13, 16], "uv_size": [0.375, 0.25]},
								"south": {"uv": [17, 14], "uv_size": [0.125, 0.25]}
							}
						},
						{
							"origin": [-0.44135, 5.47366, -0.68281],
							"size": [0.12187, 0.24375, 0.36563],
							"pivot": [-0.5, 5.67477, -0.5],
							"rotation": [0, 0, -22.5],
							"uv": {
								"north": {"uv": [15, 17], "uv_size": [0.125, 0.25]},
								"south": {"uv": [17, 15], "uv_size": [0.125, 0.25]},
								"west": {"uv": [16, 13], "uv_size": [0.375, 0.25]}
							}
						},
						{
							"origin": [-0.74375, 4.22993, -0.74375],
							"size": [0.4875, 0.0914, 0.4875],
							"uv": {
								"north": {"uv": [16, 17], "uv_size": [0.5, 0.0625]},
								"east": {"uv": [17, 16], "uv_size": [0.5, 0.0625]},
								"south": {"uv": [17, 17], "uv_size": [0.5, 0.0625]},
								"west": {"uv": [0, 18], "uv_size": [0.5, 0.0625]},
								"up": {"uv": [15, 15], "uv_size": [0.5, 0.5]},
								"down": {"uv": [16, 0.5], "uv_size": [0.5, -0.5]}
							}
						},
						{
							"origin": [-0.68282, 4.29086, -0.68281],
							"size": [0.36563, 0.12188, 0.36563],
							"uv": {
								"north": {"uv": [10, 17], "uv_size": [0.375, 0.125]},
								"east": {"uv": [17, 10], "uv_size": [0.375, 0.125]},
								"south": {"uv": [11, 17], "uv_size": [0.375, 0.125]},
								"west": {"uv": [17, 11], "uv_size": [0.375, 0.125]}
							}
						}
					]
				},
				{
					"name": "762x3",
					"parent": "bone2",
					"pivot": [0.5, 5.25, -0.5],
					"rotation": [90, 0, 0],
					"cubes": [
						{
							"origin": [0.25625, 4.41274, -0.74375],
							"size": [0.4875, 1.14532, 0.4875],
							"uv": {
								"north": {"uv": [14, 14], "uv_size": [0.5, 1.125]},
								"east": {"uv": [0, 15], "uv_size": [0.5, 1.125]},
								"south": {"uv": [1, 15], "uv_size": [0.5, 1.125]},
								"west": {"uv": [15, 1], "uv_size": [0.5, 1.125]},
								"up": {"uv": [15, 13], "uv_size": [0.5, 0.5]},
								"down": {"uv": [15, 14.5], "uv_size": [0.5, -0.5]}
							}
						},
						{
							"origin": [0.31718, 5.55493, -0.68281],
							"size": [0.36563, 0.48593, 0.36563],
							"inflate": 0.001,
							"uv": {
								"north": {"uv": [3, 16], "uv_size": [0.375, 0.5]},
								"east": {"uv": [4, 16], "uv_size": [0.375, 0.5]},
								"south": {"uv": [5, 16], "uv_size": [0.375, 0.5]},
								"west": {"uv": [6, 16], "uv_size": [0.375, 0.5]},
								"up": {"uv": [16, 11], "uv_size": [0.375, 0.375]}
							}
						},
						{
							"origin": [0.44218, 6.02993, -0.55781],
							"size": [0.11563, 0.38593, 0.11563],
							"inflate": 0.001,
							"uv": {
								"north": {"uv": [14, 16], "uv_size": [0.125, 0.375]},
								"east": {"uv": [16, 14], "uv_size": [0.125, 0.375]},
								"south": {"uv": [15, 16], "uv_size": [0.125, 0.375]},
								"west": {"uv": [16, 15], "uv_size": [0.125, 0.375]},
								"up": {"uv": [18, 0], "uv_size": [0.125, 0.125]}
							}
						},
						{
							"origin": [0.39131, 6.01174, -0.55781],
							"size": [0.11563, 0.39328, 0.11563],
							"inflate": 0.001,
							"pivot": [0.44913, 6.25471, -0.49999],
							"rotation": [0, 0, 18.435],
							"uv": {
								"north": {"uv": [16, 16], "uv_size": [0.125, 0.375]},
								"east": {"uv": [0, 17], "uv_size": [0.125, 0.375]},
								"south": {"uv": [17, 0], "uv_size": [0.125, 0.375]},
								"west": {"uv": [1, 17], "uv_size": [0.125, 0.375]},
								"up": {"uv": [1, 18], "uv_size": [0.125, 0.125]}
							}
						},
						{
							"origin": [0.49305, 6.01174, -0.55781],
							"size": [0.11563, 0.39328, 0.11563],
							"inflate": 0.001,
							"pivot": [0.55086, 6.25471, -0.49999],
							"rotation": [0, 0, -18.435],
							"uv": {
								"north": {"uv": [17, 1], "uv_size": [0.125, 0.375]},
								"east": {"uv": [17, 2], "uv_size": [0.125, 0.375]},
								"south": {"uv": [3, 17], "uv_size": [0.125, 0.375]},
								"west": {"uv": [17, 3], "uv_size": [0.125, 0.375]},
								"up": {"uv": [18, 1], "uv_size": [0.125, 0.125]}
							}
						},
						{
							"origin": [0.44218, 6.01174, -0.50694],
							"size": [0.11563, 0.39328, 0.11563],
							"inflate": 0.001,
							"pivot": [0.5, 6.25471, -0.44913],
							"rotation": [18.435, 0, 0],
							"uv": {
								"north": {"uv": [4, 17], "uv_size": [0.125, 0.375]},
								"east": {"uv": [17, 4], "uv_size": [0.125, 0.375]},
								"south": {"uv": [5, 17], "uv_size": [0.125, 0.375]},
								"west": {"uv": [6, 17], "uv_size": [0.125, 0.375]},
								"up": {"uv": [2, 18], "uv_size": [0.125, 0.125]}
							}
						},
						{
							"origin": [0.44218, 6.01174, -0.60868],
							"size": [0.11563, 0.39328, 0.11563],
							"inflate": 0.001,
							"pivot": [0.5, 6.25471, -0.55086],
							"rotation": [-18.435, 0, 0],
							"uv": {
								"north": {"uv": [17, 6], "uv_size": [0.125, 0.375]},
								"east": {"uv": [17, 7], "uv_size": [0.125, 0.375]},
								"south": {"uv": [17, 8], "uv_size": [0.125, 0.375]},
								"west": {"uv": [17, 9], "uv_size": [0.125, 0.375]},
								"up": {"uv": [18, 2], "uv_size": [0.125, 0.125]}
							}
						},
						{
							"origin": [0.31718, 5.47366, -0.68052],
							"size": [0.36563, 0.24375, 0.12187],
							"pivot": [0.5, 5.67477, -0.5],
							"rotation": [-22.5, 0, 0],
							"uv": {
								"north": {"uv": [12, 16], "uv_size": [0.375, 0.25]},
								"east": {"uv": [12, 17], "uv_size": [0.125, 0.25]},
								"west": {"uv": [17, 12], "uv_size": [0.125, 0.25]}
							}
						},
						{
							"origin": [0.31718, 5.47366, -0.44135],
							"size": [0.36563, 0.24375, 0.12187],
							"pivot": [0.5, 5.67477, -0.5],
							"rotation": [22.5, 0, 0],
							"uv": {
								"east": {"uv": [13, 17], "uv_size": [0.125, 0.25]},
								"south": {"uv": [16, 12], "uv_size": [0.375, 0.25]},
								"west": {"uv": [17, 13], "uv_size": [0.125, 0.25]}
							}
						},
						{
							"origin": [0.31948, 5.47366, -0.68281],
							"size": [0.12187, 0.24375, 0.36563],
							"pivot": [0.5, 5.67477, -0.5],
							"rotation": [0, 0, 22.5],
							"uv": {
								"north": {"uv": [14, 17], "uv_size": [0.125, 0.25]},
								"east": {"uv": [13, 16], "uv_size": [0.375, 0.25]},
								"south": {"uv": [17, 14], "uv_size": [0.125, 0.25]}
							}
						},
						{
							"origin": [0.55865, 5.47366, -0.68281],
							"size": [0.12187, 0.24375, 0.36563],
							"pivot": [0.5, 5.67477, -0.5],
							"rotation": [0, 0, -22.5],
							"uv": {
								"north": {"uv": [15, 17], "uv_size": [0.125, 0.25]},
								"south": {"uv": [17, 15], "uv_size": [0.125, 0.25]},
								"west": {"uv": [16, 13], "uv_size": [0.375, 0.25]}
							}
						},
						{
							"origin": [0.25625, 4.22993, -0.74375],
							"size": [0.4875, 0.0914, 0.4875],
							"uv": {
								"north": {"uv": [16, 17], "uv_size": [0.5, 0.0625]},
								"east": {"uv": [17, 16], "uv_size": [0.5, 0.0625]},
								"south": {"uv": [17, 17], "uv_size": [0.5, 0.0625]},
								"west": {"uv": [0, 18], "uv_size": [0.5, 0.0625]},
								"up": {"uv": [15, 15], "uv_size": [0.5, 0.5]},
								"down": {"uv": [16, 0.5], "uv_size": [0.5, -0.5]}
							}
						},
						{
							"origin": [0.31718, 4.29086, -0.68281],
							"size": [0.36563, 0.12188, 0.36563],
							"uv": {
								"north": {"uv": [10, 17], "uv_size": [0.375, 0.125]},
								"east": {"uv": [17, 10], "uv_size": [0.375, 0.125]},
								"south": {"uv": [11, 17], "uv_size": [0.375, 0.125]},
								"west": {"uv": [17, 11], "uv_size": [0.375, 0.125]}
							}
						}
					]
				},
				{
					"name": "bone3",
					"pivot": [0, -0.35, 2.5]
				},
				{
					"name": "762x5",
					"parent": "bone3",
					"pivot": [0, 4.9, -0.5],
					"rotation": [90, 0, 0],
					"cubes": [
						{
							"origin": [-0.24375, 4.06274, -0.74375],
							"size": [0.4875, 1.14532, 0.4875],
							"uv": {
								"north": {"uv": [14, 14], "uv_size": [0.5, 1.125]},
								"east": {"uv": [0, 15], "uv_size": [0.5, 1.125]},
								"south": {"uv": [1, 15], "uv_size": [0.5, 1.125]},
								"west": {"uv": [15, 1], "uv_size": [0.5, 1.125]},
								"up": {"uv": [15, 13], "uv_size": [0.5, 0.5]},
								"down": {"uv": [15, 14.5], "uv_size": [0.5, -0.5]}
							}
						},
						{
							"origin": [-0.18282, 5.20493, -0.68281],
							"size": [0.36563, 0.48593, 0.36563],
							"inflate": 0.001,
							"uv": {
								"north": {"uv": [3, 16], "uv_size": [0.375, 0.5]},
								"east": {"uv": [4, 16], "uv_size": [0.375, 0.5]},
								"south": {"uv": [5, 16], "uv_size": [0.375, 0.5]},
								"west": {"uv": [6, 16], "uv_size": [0.375, 0.5]},
								"up": {"uv": [16, 11], "uv_size": [0.375, 0.375]}
							}
						},
						{
							"origin": [-0.05782, 5.67993, -0.55781],
							"size": [0.11563, 0.38593, 0.11563],
							"inflate": 0.001,
							"uv": {
								"north": {"uv": [14, 16], "uv_size": [0.125, 0.375]},
								"east": {"uv": [16, 14], "uv_size": [0.125, 0.375]},
								"south": {"uv": [15, 16], "uv_size": [0.125, 0.375]},
								"west": {"uv": [16, 15], "uv_size": [0.125, 0.375]},
								"up": {"uv": [18, 0], "uv_size": [0.125, 0.125]}
							}
						},
						{
							"origin": [-0.10869, 5.66174, -0.55781],
							"size": [0.11563, 0.39328, 0.11563],
							"inflate": 0.001,
							"pivot": [-0.05087, 5.90471, -0.49999],
							"rotation": [0, 0, 18.435],
							"uv": {
								"north": {"uv": [16, 16], "uv_size": [0.125, 0.375]},
								"east": {"uv": [0, 17], "uv_size": [0.125, 0.375]},
								"south": {"uv": [17, 0], "uv_size": [0.125, 0.375]},
								"west": {"uv": [1, 17], "uv_size": [0.125, 0.375]},
								"up": {"uv": [1, 18], "uv_size": [0.125, 0.125]}
							}
						},
						{
							"origin": [-0.00695, 5.66174, -0.55781],
							"size": [0.11563, 0.39328, 0.11563],
							"inflate": 0.001,
							"pivot": [0.05086, 5.90471, -0.49999],
							"rotation": [0, 0, -18.435],
							"uv": {
								"north": {"uv": [17, 1], "uv_size": [0.125, 0.375]},
								"east": {"uv": [17, 2], "uv_size": [0.125, 0.375]},
								"south": {"uv": [3, 17], "uv_size": [0.125, 0.375]},
								"west": {"uv": [17, 3], "uv_size": [0.125, 0.375]},
								"up": {"uv": [18, 1], "uv_size": [0.125, 0.125]}
							}
						},
						{
							"origin": [-0.05782, 5.66174, -0.50694],
							"size": [0.11563, 0.39328, 0.11563],
							"inflate": 0.001,
							"pivot": [0, 5.90471, -0.44913],
							"rotation": [18.435, 0, 0],
							"uv": {
								"north": {"uv": [4, 17], "uv_size": [0.125, 0.375]},
								"east": {"uv": [17, 4], "uv_size": [0.125, 0.375]},
								"south": {"uv": [5, 17], "uv_size": [0.125, 0.375]},
								"west": {"uv": [6, 17], "uv_size": [0.125, 0.375]},
								"up": {"uv": [2, 18], "uv_size": [0.125, 0.125]}
							}
						},
						{
							"origin": [-0.05782, 5.66174, -0.60868],
							"size": [0.11563, 0.39328, 0.11563],
							"inflate": 0.001,
							"pivot": [0, 5.90471, -0.55086],
							"rotation": [-18.435, 0, 0],
							"uv": {
								"north": {"uv": [17, 6], "uv_size": [0.125, 0.375]},
								"east": {"uv": [17, 7], "uv_size": [0.125, 0.375]},
								"south": {"uv": [17, 8], "uv_size": [0.125, 0.375]},
								"west": {"uv": [17, 9], "uv_size": [0.125, 0.375]},
								"up": {"uv": [18, 2], "uv_size": [0.125, 0.125]}
							}
						},
						{
							"origin": [-0.18282, 5.12366, -0.68052],
							"size": [0.36563, 0.24375, 0.12187],
							"pivot": [0, 5.32477, -0.5],
							"rotation": [-22.5, 0, 0],
							"uv": {
								"north": {"uv": [12, 16], "uv_size": [0.375, 0.25]},
								"east": {"uv": [12, 17], "uv_size": [0.125, 0.25]},
								"west": {"uv": [17, 12], "uv_size": [0.125, 0.25]}
							}
						},
						{
							"origin": [-0.18282, 5.12366, -0.44135],
							"size": [0.36563, 0.24375, 0.12187],
							"pivot": [0, 5.32477, -0.5],
							"rotation": [22.5, 0, 0],
							"uv": {
								"east": {"uv": [13, 17], "uv_size": [0.125, 0.25]},
								"south": {"uv": [16, 12], "uv_size": [0.375, 0.25]},
								"west": {"uv": [17, 13], "uv_size": [0.125, 0.25]}
							}
						},
						{
							"origin": [-0.18052, 5.12366, -0.68281],
							"size": [0.12187, 0.24375, 0.36563],
							"pivot": [0, 5.32477, -0.5],
							"rotation": [0, 0, 22.5],
							"uv": {
								"north": {"uv": [14, 17], "uv_size": [0.125, 0.25]},
								"east": {"uv": [13, 16], "uv_size": [0.375, 0.25]},
								"south": {"uv": [17, 14], "uv_size": [0.125, 0.25]}
							}
						},
						{
							"origin": [0.05865, 5.12366, -0.68281],
							"size": [0.12187, 0.24375, 0.36563],
							"pivot": [0, 5.32477, -0.5],
							"rotation": [0, 0, -22.5],
							"uv": {
								"north": {"uv": [15, 17], "uv_size": [0.125, 0.25]},
								"south": {"uv": [17, 15], "uv_size": [0.125, 0.25]},
								"west": {"uv": [16, 13], "uv_size": [0.375, 0.25]}
							}
						},
						{
							"origin": [-0.24375, 3.87993, -0.74375],
							"size": [0.4875, 0.0914, 0.4875],
							"uv": {
								"north": {"uv": [16, 17], "uv_size": [0.5, 0.0625]},
								"east": {"uv": [17, 16], "uv_size": [0.5, 0.0625]},
								"south": {"uv": [17, 17], "uv_size": [0.5, 0.0625]},
								"west": {"uv": [0, 18], "uv_size": [0.5, 0.0625]},
								"up": {"uv": [15, 15], "uv_size": [0.5, 0.5]},
								"down": {"uv": [16, 0.5], "uv_size": [0.5, -0.5]}
							}
						},
						{
							"origin": [-0.18282, 3.94086, -0.68281],
							"size": [0.36563, 0.12188, 0.36563],
							"uv": {
								"north": {"uv": [10, 17], "uv_size": [0.375, 0.125]},
								"east": {"uv": [17, 10], "uv_size": [0.375, 0.125]},
								"south": {"uv": [11, 17], "uv_size": [0.375, 0.125]},
								"west": {"uv": [17, 11], "uv_size": [0.375, 0.125]}
							}
						}
					]
				},
				{
					"name": "762x6",
					"parent": "bone3",
					"pivot": [-0.5, 4.9, -0.5],
					"rotation": [90, 0, 0],
					"cubes": [
						{
							"origin": [-0.74375, 4.06274, -0.74375],
							"size": [0.4875, 1.14532, 0.4875],
							"uv": {
								"north": {"uv": [14, 14], "uv_size": [0.5, 1.125]},
								"east": {"uv": [0, 15], "uv_size": [0.5, 1.125]},
								"south": {"uv": [1, 15], "uv_size": [0.5, 1.125]},
								"west": {"uv": [15, 1], "uv_size": [0.5, 1.125]},
								"up": {"uv": [15, 13], "uv_size": [0.5, 0.5]},
								"down": {"uv": [15, 14.5], "uv_size": [0.5, -0.5]}
							}
						},
						{
							"origin": [-0.68282, 5.20493, -0.68281],
							"size": [0.36563, 0.48593, 0.36563],
							"inflate": 0.001,
							"uv": {
								"north": {"uv": [3, 16], "uv_size": [0.375, 0.5]},
								"east": {"uv": [4, 16], "uv_size": [0.375, 0.5]},
								"south": {"uv": [5, 16], "uv_size": [0.375, 0.5]},
								"west": {"uv": [6, 16], "uv_size": [0.375, 0.5]},
								"up": {"uv": [16, 11], "uv_size": [0.375, 0.375]}
							}
						},
						{
							"origin": [-0.55782, 5.67993, -0.55781],
							"size": [0.11563, 0.38593, 0.11563],
							"inflate": 0.001,
							"uv": {
								"north": {"uv": [14, 16], "uv_size": [0.125, 0.375]},
								"east": {"uv": [16, 14], "uv_size": [0.125, 0.375]},
								"south": {"uv": [15, 16], "uv_size": [0.125, 0.375]},
								"west": {"uv": [16, 15], "uv_size": [0.125, 0.375]},
								"up": {"uv": [18, 0], "uv_size": [0.125, 0.125]}
							}
						},
						{
							"origin": [-0.60869, 5.66174, -0.55781],
							"size": [0.11563, 0.39328, 0.11563],
							"inflate": 0.001,
							"pivot": [-0.55087, 5.90471, -0.49999],
							"rotation": [0, 0, 18.435],
							"uv": {
								"north": {"uv": [16, 16], "uv_size": [0.125, 0.375]},
								"east": {"uv": [0, 17], "uv_size": [0.125, 0.375]},
								"south": {"uv": [17, 0], "uv_size": [0.125, 0.375]},
								"west": {"uv": [1, 17], "uv_size": [0.125, 0.375]},
								"up": {"uv": [1, 18], "uv_size": [0.125, 0.125]}
							}
						},
						{
							"origin": [-0.50695, 5.66174, -0.55781],
							"size": [0.11563, 0.39328, 0.11563],
							"inflate": 0.001,
							"pivot": [-0.44914, 5.90471, -0.49999],
							"rotation": [0, 0, -18.435],
							"uv": {
								"north": {"uv": [17, 1], "uv_size": [0.125, 0.375]},
								"east": {"uv": [17, 2], "uv_size": [0.125, 0.375]},
								"south": {"uv": [3, 17], "uv_size": [0.125, 0.375]},
								"west": {"uv": [17, 3], "uv_size": [0.125, 0.375]},
								"up": {"uv": [18, 1], "uv_size": [0.125, 0.125]}
							}
						},
						{
							"origin": [-0.55782, 5.66174, -0.50694],
							"size": [0.11563, 0.39328, 0.11563],
							"inflate": 0.001,
							"pivot": [-0.5, 5.90471, -0.44913],
							"rotation": [18.435, 0, 0],
							"uv": {
								"north": {"uv": [4, 17], "uv_size": [0.125, 0.375]},
								"east": {"uv": [17, 4], "uv_size": [0.125, 0.375]},
								"south": {"uv": [5, 17], "uv_size": [0.125, 0.375]},
								"west": {"uv": [6, 17], "uv_size": [0.125, 0.375]},
								"up": {"uv": [2, 18], "uv_size": [0.125, 0.125]}
							}
						},
						{
							"origin": [-0.55782, 5.66174, -0.60868],
							"size": [0.11563, 0.39328, 0.11563],
							"inflate": 0.001,
							"pivot": [-0.5, 5.90471, -0.55086],
							"rotation": [-18.435, 0, 0],
							"uv": {
								"north": {"uv": [17, 6], "uv_size": [0.125, 0.375]},
								"east": {"uv": [17, 7], "uv_size": [0.125, 0.375]},
								"south": {"uv": [17, 8], "uv_size": [0.125, 0.375]},
								"west": {"uv": [17, 9], "uv_size": [0.125, 0.375]},
								"up": {"uv": [18, 2], "uv_size": [0.125, 0.125]}
							}
						},
						{
							"origin": [-0.68282, 5.12366, -0.68052],
							"size": [0.36563, 0.24375, 0.12187],
							"pivot": [-0.5, 5.32477, -0.5],
							"rotation": [-22.5, 0, 0],
							"uv": {
								"north": {"uv": [12, 16], "uv_size": [0.375, 0.25]},
								"east": {"uv": [12, 17], "uv_size": [0.125, 0.25]},
								"west": {"uv": [17, 12], "uv_size": [0.125, 0.25]}
							}
						},
						{
							"origin": [-0.68282, 5.12366, -0.44135],
							"size": [0.36563, 0.24375, 0.12187],
							"pivot": [-0.5, 5.32477, -0.5],
							"rotation": [22.5, 0, 0],
							"uv": {
								"east": {"uv": [13, 17], "uv_size": [0.125, 0.25]},
								"south": {"uv": [16, 12], "uv_size": [0.375, 0.25]},
								"west": {"uv": [17, 13], "uv_size": [0.125, 0.25]}
							}
						},
						{
							"origin": [-0.68052, 5.12366, -0.68281],
							"size": [0.12187, 0.24375, 0.36563],
							"pivot": [-0.5, 5.32477, -0.5],
							"rotation": [0, 0, 22.5],
							"uv": {
								"north": {"uv": [14, 17], "uv_size": [0.125, 0.25]},
								"east": {"uv": [13, 16], "uv_size": [0.375, 0.25]},
								"south": {"uv": [17, 14], "uv_size": [0.125, 0.25]}
							}
						},
						{
							"origin": [-0.44135, 5.12366, -0.68281],
							"size": [0.12187, 0.24375, 0.36563],
							"pivot": [-0.5, 5.32477, -0.5],
							"rotation": [0, 0, -22.5],
							"uv": {
								"north": {"uv": [15, 17], "uv_size": [0.125, 0.25]},
								"south": {"uv": [17, 15], "uv_size": [0.125, 0.25]},
								"west": {"uv": [16, 13], "uv_size": [0.375, 0.25]}
							}
						},
						{
							"origin": [-0.74375, 3.87993, -0.74375],
							"size": [0.4875, 0.0914, 0.4875],
							"uv": {
								"north": {"uv": [16, 17], "uv_size": [0.5, 0.0625]},
								"east": {"uv": [17, 16], "uv_size": [0.5, 0.0625]},
								"south": {"uv": [17, 17], "uv_size": [0.5, 0.0625]},
								"west": {"uv": [0, 18], "uv_size": [0.5, 0.0625]},
								"up": {"uv": [15, 15], "uv_size": [0.5, 0.5]},
								"down": {"uv": [16, 0.5], "uv_size": [0.5, -0.5]}
							}
						},
						{
							"origin": [-0.68282, 3.94086, -0.68281],
							"size": [0.36563, 0.12188, 0.36563],
							"uv": {
								"north": {"uv": [10, 17], "uv_size": [0.375, 0.125]},
								"east": {"uv": [17, 10], "uv_size": [0.375, 0.125]},
								"south": {"uv": [11, 17], "uv_size": [0.375, 0.125]},
								"west": {"uv": [17, 11], "uv_size": [0.375, 0.125]}
							}
						}
					]
				},
				{
					"name": "762x7",
					"parent": "bone3",
					"pivot": [0.5, 4.9, -0.5],
					"rotation": [90, 0, 0],
					"cubes": [
						{
							"origin": [0.25625, 4.06274, -0.74375],
							"size": [0.4875, 1.14532, 0.4875],
							"uv": {
								"north": {"uv": [14, 14], "uv_size": [0.5, 1.125]},
								"east": {"uv": [0, 15], "uv_size": [0.5, 1.125]},
								"south": {"uv": [1, 15], "uv_size": [0.5, 1.125]},
								"west": {"uv": [15, 1], "uv_size": [0.5, 1.125]},
								"up": {"uv": [15, 13], "uv_size": [0.5, 0.5]},
								"down": {"uv": [15, 14.5], "uv_size": [0.5, -0.5]}
							}
						},
						{
							"origin": [0.31718, 5.20493, -0.68281],
							"size": [0.36563, 0.48593, 0.36563],
							"inflate": 0.001,
							"uv": {
								"north": {"uv": [3, 16], "uv_size": [0.375, 0.5]},
								"east": {"uv": [4, 16], "uv_size": [0.375, 0.5]},
								"south": {"uv": [5, 16], "uv_size": [0.375, 0.5]},
								"west": {"uv": [6, 16], "uv_size": [0.375, 0.5]},
								"up": {"uv": [16, 11], "uv_size": [0.375, 0.375]}
							}
						},
						{
							"origin": [0.44218, 5.67993, -0.55781],
							"size": [0.11563, 0.38593, 0.11563],
							"inflate": 0.001,
							"uv": {
								"north": {"uv": [14, 16], "uv_size": [0.125, 0.375]},
								"east": {"uv": [16, 14], "uv_size": [0.125, 0.375]},
								"south": {"uv": [15, 16], "uv_size": [0.125, 0.375]},
								"west": {"uv": [16, 15], "uv_size": [0.125, 0.375]},
								"up": {"uv": [18, 0], "uv_size": [0.125, 0.125]}
							}
						},
						{
							"origin": [0.39131, 5.66174, -0.55781],
							"size": [0.11563, 0.39328, 0.11563],
							"inflate": 0.001,
							"pivot": [0.44913, 5.90471, -0.49999],
							"rotation": [0, 0, 18.435],
							"uv": {
								"north": {"uv": [16, 16], "uv_size": [0.125, 0.375]},
								"east": {"uv": [0, 17], "uv_size": [0.125, 0.375]},
								"south": {"uv": [17, 0], "uv_size": [0.125, 0.375]},
								"west": {"uv": [1, 17], "uv_size": [0.125, 0.375]},
								"up": {"uv": [1, 18], "uv_size": [0.125, 0.125]}
							}
						},
						{
							"origin": [0.49305, 5.66174, -0.55781],
							"size": [0.11563, 0.39328, 0.11563],
							"inflate": 0.001,
							"pivot": [0.55086, 5.90471, -0.49999],
							"rotation": [0, 0, -18.435],
							"uv": {
								"north": {"uv": [17, 1], "uv_size": [0.125, 0.375]},
								"east": {"uv": [17, 2], "uv_size": [0.125, 0.375]},
								"south": {"uv": [3, 17], "uv_size": [0.125, 0.375]},
								"west": {"uv": [17, 3], "uv_size": [0.125, 0.375]},
								"up": {"uv": [18, 1], "uv_size": [0.125, 0.125]}
							}
						},
						{
							"origin": [0.44218, 5.66174, -0.50694],
							"size": [0.11563, 0.39328, 0.11563],
							"inflate": 0.001,
							"pivot": [0.5, 5.90471, -0.44913],
							"rotation": [18.435, 0, 0],
							"uv": {
								"north": {"uv": [4, 17], "uv_size": [0.125, 0.375]},
								"east": {"uv": [17, 4], "uv_size": [0.125, 0.375]},
								"south": {"uv": [5, 17], "uv_size": [0.125, 0.375]},
								"west": {"uv": [6, 17], "uv_size": [0.125, 0.375]},
								"up": {"uv": [2, 18], "uv_size": [0.125, 0.125]}
							}
						},
						{
							"origin": [0.44218, 5.66174, -0.60868],
							"size": [0.11563, 0.39328, 0.11563],
							"inflate": 0.001,
							"pivot": [0.5, 5.90471, -0.55086],
							"rotation": [-18.435, 0, 0],
							"uv": {
								"north": {"uv": [17, 6], "uv_size": [0.125, 0.375]},
								"east": {"uv": [17, 7], "uv_size": [0.125, 0.375]},
								"south": {"uv": [17, 8], "uv_size": [0.125, 0.375]},
								"west": {"uv": [17, 9], "uv_size": [0.125, 0.375]},
								"up": {"uv": [18, 2], "uv_size": [0.125, 0.125]}
							}
						},
						{
							"origin": [0.31718, 5.12366, -0.68052],
							"size": [0.36563, 0.24375, 0.12187],
							"pivot": [0.5, 5.32477, -0.5],
							"rotation": [-22.5, 0, 0],
							"uv": {
								"north": {"uv": [12, 16], "uv_size": [0.375, 0.25]},
								"east": {"uv": [12, 17], "uv_size": [0.125, 0.25]},
								"west": {"uv": [17, 12], "uv_size": [0.125, 0.25]}
							}
						},
						{
							"origin": [0.31718, 5.12366, -0.44135],
							"size": [0.36563, 0.24375, 0.12187],
							"pivot": [0.5, 5.32477, -0.5],
							"rotation": [22.5, 0, 0],
							"uv": {
								"east": {"uv": [13, 17], "uv_size": [0.125, 0.25]},
								"south": {"uv": [16, 12], "uv_size": [0.375, 0.25]},
								"west": {"uv": [17, 13], "uv_size": [0.125, 0.25]}
							}
						},
						{
							"origin": [0.31948, 5.12366, -0.68281],
							"size": [0.12187, 0.24375, 0.36563],
							"pivot": [0.5, 5.32477, -0.5],
							"rotation": [0, 0, 22.5],
							"uv": {
								"north": {"uv": [14, 17], "uv_size": [0.125, 0.25]},
								"east": {"uv": [13, 16], "uv_size": [0.375, 0.25]},
								"south": {"uv": [17, 14], "uv_size": [0.125, 0.25]}
							}
						},
						{
							"origin": [0.55865, 5.12366, -0.68281],
							"size": [0.12187, 0.24375, 0.36563],
							"pivot": [0.5, 5.32477, -0.5],
							"rotation": [0, 0, -22.5],
							"uv": {
								"north": {"uv": [15, 17], "uv_size": [0.125, 0.25]},
								"south": {"uv": [17, 15], "uv_size": [0.125, 0.25]},
								"west": {"uv": [16, 13], "uv_size": [0.375, 0.25]}
							}
						},
						{
							"origin": [0.25625, 3.87993, -0.74375],
							"size": [0.4875, 0.0914, 0.4875],
							"uv": {
								"north": {"uv": [16, 17], "uv_size": [0.5, 0.0625]},
								"east": {"uv": [17, 16], "uv_size": [0.5, 0.0625]},
								"south": {"uv": [17, 17], "uv_size": [0.5, 0.0625]},
								"west": {"uv": [0, 18], "uv_size": [0.5, 0.0625]},
								"up": {"uv": [15, 15], "uv_size": [0.5, 0.5]},
								"down": {"uv": [16, 0.5], "uv_size": [0.5, -0.5]}
							}
						},
						{
							"origin": [0.31718, 3.94086, -0.68281],
							"size": [0.36563, 0.12188, 0.36563],
							"uv": {
								"north": {"uv": [10, 17], "uv_size": [0.375, 0.125]},
								"east": {"uv": [17, 10], "uv_size": [0.375, 0.125]},
								"south": {"uv": [11, 17], "uv_size": [0.375, 0.125]},
								"west": {"uv": [17, 11], "uv_size": [0.375, 0.125]}
							}
						}
					]
				}
			]
		}
	]
}