{
	"format_version": "1.12.0",
	"minecraft:geometry": [
		{
			"description": {
				"identifier": "geometry.unknown",
				"texture_width": 32,
				"texture_height": 32,
				"visible_bounds_width": 2,
				"visible_bounds_height": 1.5,
				"visible_bounds_offset": [0, 0.25, 0]
			},
			"bones": [
				{
					"name": "bone",
					"pivot": [1.75, 0, -2]
				},
				{
					"name": "magazine2",
					"parent": "bone",
					"pivot": [0.2292, 0.68331, -1.51706],
					"rotation": [-67.5, 0, -90],
					"cubes": [
						{
							"origin": [-0.24261, 0.03751, -3.425],
							"size": [1.077, 4.375, 3],
							"uv": {
								"north": {"uv": [6, 0], "uv_size": [1.125, 4.375]},
								"east": {"uv": [0, 0], "uv_size": [3, 4.375]},
								"south": {"uv": [6, 5], "uv_size": [1.125, 4.375]},
								"west": {"uv": [3, 0], "uv_size": [3, 4.375]},
								"up": {"uv": [0, 10], "uv_size": [1.125, 3]},
								"down": {"uv": [10, 3], "uv_size": [1.125, -3]}
							}
						},
						{
							"origin": [0.70739, -0.08749, -3.3],
							"size": [0.127, 0.125, 2.75],
							"uv": {
								"east": {"uv": [17, 13], "uv_size": [2.75, 0.125]},
								"west": {"uv": [17, 14], "uv_size": [2.75, 0.125]},
								"down": {"uv": [14, 19.75], "uv_size": [0.125, -2.75]}
							}
						},
						{
							"origin": [-0.24161, -0.11338, -3.41428],
							"size": [1.075, 0.1, 0.17678],
							"pivot": [0.29589, -0.02499, -3.2375],
							"rotation": [-45, 0, 0],
							"uv": {
								"east": {"uv": [27, 25], "uv_size": [0.125, 0.125]},
								"west": {"uv": [26, 27], "uv_size": [0.125, 0.125]},
								"down": {"uv": [21, 21.125], "uv_size": [1.125, -0.125]}
							}
						},
						{
							"origin": [-0.24161, -0.11338, -0.58928],
							"size": [1.075, 0.17678, 0.10178],
							"pivot": [0.29589, -0.02499, -0.4875],
							"rotation": [-45, 0, 0],
							"uv": {
								"east": {"uv": [27, 26], "uv_size": [0.125, 0.125]},
								"south": {"uv": [0, 22], "uv_size": [1.125, 0.125]},
								"west": {"uv": [27, 27], "uv_size": [0.125, 0.125]}
							}
						},
						{
							"origin": [-0.24261, -0.21249, -1.725],
							"size": [1.077, 0.125, 0.125],
							"uv": {
								"east": {"uv": [0, 28], "uv_size": [0.125, 0.125]},
								"west": {"uv": [28, 0], "uv_size": [0.125, 0.125]},
								"down": {"uv": [22, 0.125], "uv_size": [1.125, -0.125]}
							}
						},
						{
							"origin": [-0.24261, -0.21249, -1.275],
							"size": [1.077, 0.125, 0.125],
							"uv": {
								"east": {"uv": [1, 28], "uv_size": [0.125, 0.125]},
								"west": {"uv": [28, 1], "uv_size": [0.125, 0.125]},
								"down": {"uv": [22, 1.125], "uv_size": [1.125, -0.125]}
							}
						},
						{
							"origin": [-0.24261, -0.21249, -0.825],
							"size": [1.077, 0.125, 0.125],
							"uv": {
								"east": {"uv": [2, 28], "uv_size": [0.125, 0.125]},
								"west": {"uv": [28, 2], "uv_size": [0.125, 0.125]},
								"down": {"uv": [2, 22.125], "uv_size": [1.125, -0.125]}
							}
						},
						{
							"origin": [-0.36861, 0.03448, -0.56997],
							"size": [0.127, 3.01152, 0.14497],
							"uv": {
								"north": {"uv": [14, 0], "uv_size": [0.125, 3]},
								"east": {"uv": [13, 15], "uv_size": [0.125, 3]},
								"south": {"uv": [0, 16], "uv_size": [0.125, 3]},
								"up": {"uv": [3, 28], "uv_size": [0.125, 0.125]},
								"down": {"uv": [28, 3.125], "uv_size": [0.125, -0.125]}
							}
						},
						{
							"origin": [-0.36661, 0.03448, -1.975],
							"size": [0.125, 1.12803, 1.40503],
							"uv": {
								"north": {"uv": [22, 2], "uv_size": [0.125, 1.125]},
								"east": {"uv": [1, 13], "uv_size": [1.375, 1.125]},
								"south": {"uv": [4, 22], "uv_size": [0.125, 1.125]},
								"up": {"uv": [21, 7], "uv_size": [0.125, 1.375]},
								"down": {"uv": [8, 22.375], "uv_size": [0.125, -1.375]}
							}
						},
						{
							"origin": [-0.36661, 0.23448, -2.475],
							"size": [0.125, 0.125, 0.5],
							"uv": {
								"north": {"uv": [4, 28], "uv_size": [0.125, 0.125]},
								"east": {"uv": [2, 26], "uv_size": [0.5, 0.125]},
								"south": {"uv": [28, 4], "uv_size": [0.125, 0.125]},
								"up": {"uv": [26, 2], "uv_size": [0.125, 0.5]},
								"down": {"uv": [3, 26.5], "uv_size": [0.125, -0.5]}
							}
						},
						{
							"origin": [-0.36661, 0.03448, -2.725],
							"size": [0.125, 0.20303, 0.75],
							"uv": {
								"north": {"uv": [18, 26], "uv_size": [0.125, 0.25]},
								"east": {"uv": [11, 19], "uv_size": [0.75, 0.25]},
								"south": {"uv": [26, 18], "uv_size": [0.125, 0.25]},
								"up": {"uv": [24, 11], "uv_size": [0.125, 0.75]},
								"down": {"uv": [12, 24.75], "uv_size": [0.125, -0.75]}
							}
						},
						{
							"origin": [-0.36761, 2.4158, -1.29531],
							"size": [0.126, 0.625, 0.16702],
							"pivot": [-0.30411, 1.97501, -0.925],
							"rotation": [-37.5, 0, 0],
							"uv": {
								"north": {"uv": [25, 5], "uv_size": [0.125, 0.625]},
								"east": {"uv": [6, 25], "uv_size": [0.125, 0.625]},
								"south": {"uv": [25, 6], "uv_size": [0.125, 0.625]},
								"west": {"uv": [7, 25], "uv_size": [0.125, 0.625]},
								"up": {"uv": [5, 28], "uv_size": [0.125, 0.125]}
							}
						},
						{
							"origin": [0.83339, 0.03448, -1.975],
							"size": [0.125, 1.12803, 1.40503],
							"uv": {
								"north": {"uv": [22, 4], "uv_size": [0.125, 1.125]},
								"south": {"uv": [5, 22], "uv_size": [0.125, 1.125]},
								"west": {"uv": [3, 13], "uv_size": [1.375, 1.125]},
								"up": {"uv": [9, 21], "uv_size": [0.125, 1.375]},
								"down": {"uv": [21, 10.375], "uv_size": [0.125, -1.375]}
							}
						},
						{
							"origin": [0.83339, 0.03448, -2.725],
							"size": [0.125, 0.20303, 0.75],
							"uv": {
								"north": {"uv": [19, 26], "uv_size": [0.125, 0.25]},
								"south": {"uv": [26, 19], "uv_size": [0.125, 0.25]},
								"west": {"uv": [19, 11], "uv_size": [0.75, 0.25]},
								"up": {"uv": [24, 12], "uv_size": [0.125, 0.75]},
								"down": {"uv": [13, 24.75], "uv_size": [0.125, -0.75]}
							}
						},
						{
							"origin": [-0.36661, 2.53751, -0.75],
							"size": [0.125, 0.25, 0.18003],
							"uv": {
								"north": {"uv": [20, 26], "uv_size": [0.125, 0.25]},
								"east": {"uv": [26, 20], "uv_size": [0.125, 0.25]},
								"up": {"uv": [28, 5], "uv_size": [0.125, 0.125]}
							}
						},
						{
							"origin": [0.83339, 0.23448, -2.475],
							"size": [0.125, 0.125, 0.5],
							"uv": {
								"north": {"uv": [6, 28], "uv_size": [0.125, 0.125]},
								"south": {"uv": [28, 6], "uv_size": [0.125, 0.125]},
								"west": {"uv": [26, 3], "uv_size": [0.5, 0.125]},
								"up": {"uv": [4, 26], "uv_size": [0.125, 0.5]},
								"down": {"uv": [26, 4.5], "uv_size": [0.125, -0.5]}
							}
						},
						{
							"origin": [0.83339, 0.03448, -0.56997],
							"size": [0.127, 3.01152, 0.14497],
							"uv": {
								"north": {"uv": [16, 0], "uv_size": [0.125, 3]},
								"south": {"uv": [16, 3], "uv_size": [0.125, 3]},
								"west": {"uv": [16, 6], "uv_size": [0.125, 3]},
								"up": {"uv": [7, 28], "uv_size": [0.125, 0.125]},
								"down": {"uv": [28, 7.125], "uv_size": [0.125, -0.125]}
							}
						},
						{
							"origin": [-0.24261, -0.08749, -3.3],
							"size": [0.127, 0.125, 2.75],
							"uv": {
								"east": {"uv": [17, 15], "uv_size": [2.75, 0.125]},
								"west": {"uv": [17, 16], "uv_size": [2.75, 0.125]},
								"down": {"uv": [17, 19.75], "uv_size": [0.125, -2.75]}
							}
						}
					]
				},
				{
					"name": "bone2",
					"parent": "magazine2",
					"pivot": [0.89589, 2.04645, -2.58678],
					"rotation": [180, 0, 0],
					"cubes": [
						{
							"origin": [0.83339, -0.3196, -1.9],
							"size": [0.127, 4.01845, 0.15144],
							"uv": {
								"north": {"uv": [13, 11], "uv_size": [0.125, 4]},
								"south": {"uv": [14, 5], "uv_size": [0.125, 4]},
								"west": {"uv": [14, 9], "uv_size": [0.125, 4]},
								"up": {"uv": [8, 28], "uv_size": [0.125, 0.125]},
								"down": {"uv": [28, 8.125], "uv_size": [0.125, -0.125]}
							}
						},
						{
							"origin": [0.83339, 1.81251, -2.6],
							"size": [0.125, 0.525, 0.7],
							"uv": {
								"north": {"uv": [5, 26], "uv_size": [0.125, 0.5]},
								"west": {"uv": [16, 9], "uv_size": [0.75, 0.5]},
								"up": {"uv": [24, 13], "uv_size": [0.125, 0.75]}
							}
						},
						{
							"origin": [0.83339, -0.3196, -4.025],
							"size": [0.125, 1.20711, 0.725],
							"uv": {
								"north": {"uv": [18, 21], "uv_size": [0.125, 1.25]},
								"east": {"uv": [13, 5], "uv_size": [0.75, 1.25]},
								"west": {"uv": [7, 13], "uv_size": [0.75, 1.25]},
								"up": {"uv": [14, 24], "uv_size": [0.125, 0.75]},
								"down": {"uv": [24, 14.75], "uv_size": [0.125, -0.75]}
							}
						},
						{
							"origin": [0.83339, -0.3196, -4.75],
							"size": [0.127, 0.30711, 0.725],
							"uv": {
								"north": {"uv": [21, 26], "uv_size": [0.125, 0.25]},
								"east": {"uv": [19, 12], "uv_size": [0.75, 0.25]},
								"west": {"uv": [15, 19], "uv_size": [0.75, 0.25]},
								"up": {"uv": [15, 24], "uv_size": [0.125, 0.75]},
								"down": {"uv": [24, 15.75], "uv_size": [0.125, -0.75]}
							}
						},
						{
							"origin": [0.83339, 2.33751, -2.2],
							"size": [0.125, 0.85, 0.3],
							"uv": {
								"north": {"uv": [24, 6], "uv_size": [0.125, 0.875]},
								"west": {"uv": [7, 19], "uv_size": [0.25, 0.875]},
								"up": {"uv": [26, 21], "uv_size": [0.125, 0.25]}
							}
						},
						{
							"origin": [0.83339, -0.3196, -3.3],
							"size": [0.125, 2.13211, 1.4],
							"uv": {
								"north": {"uv": [3, 19], "uv_size": [0.125, 2.125]},
								"west": {"uv": [4, 10], "uv_size": [1.375, 2.125]},
								"up": {"uv": [10, 21], "uv_size": [0.125, 1.375]},
								"down": {"uv": [11, 22.375], "uv_size": [0.125, -1.375]}
							}
						},
						{
							"origin": [0.83339, 3.18751, -2.075],
							"size": [0.125, 0.225, 0.175],
							"uv": {
								"north": {"uv": [22, 26], "uv_size": [0.125, 0.25]},
								"west": {"uv": [26, 22], "uv_size": [0.125, 0.25]},
								"up": {"uv": [9, 28], "uv_size": [0.125, 0.125]}
							}
						},
						{
							"origin": [0.83339, -0.88749, -2.625],
							"size": [0.126, 3.95329, 0.59671],
							"pivot": [0.89589, 2.62501, -2.25],
							"rotation": [-37.5, 0, 0],
							"uv": {
								"north": {"uv": [12, 14], "uv_size": [0.125, 4]},
								"south": {"uv": [14, 13], "uv_size": [0.125, 4]},
								"west": {"uv": [10, 9], "uv_size": [0.625, 4]},
								"up": {"uv": [25, 7], "uv_size": [0.125, 0.625]},
								"down": {"uv": [8, 25.625], "uv_size": [0.125, -0.625]}
							}
						},
						{
							"origin": [0.83339, 3.06251, -2.625],
							"size": [0.126, 0.62829, 0.17171],
							"pivot": [0.89589, 2.62501, -2.25],
							"rotation": [-37.5, 0, 0],
							"uv": {
								"north": {"uv": [25, 8], "uv_size": [0.125, 0.625]},
								"south": {"uv": [9, 25], "uv_size": [0.125, 0.625]},
								"west": {"uv": [25, 9], "uv_size": [0.125, 0.625]},
								"up": {"uv": [28, 9], "uv_size": [0.125, 0.125]}
							}
						},
						{
							"origin": [0.83339, -0.98749, -2.625],
							"size": [0.125, 0.10329, 0.14671],
							"pivot": [0.89589, 2.62501, -2.25],
							"rotation": [-37.5, 0, 0],
							"uv": {
								"north": {"uv": [10, 28], "uv_size": [0.125, 0.125]},
								"east": {"uv": [28, 10], "uv_size": [0.125, 0.125]},
								"south": {"uv": [11, 28], "uv_size": [0.125, 0.125]},
								"west": {"uv": [28, 11], "uv_size": [0.125, 0.125]},
								"down": {"uv": [12, 28.125], "uv_size": [0.125, -0.125]}
							}
						}
					]
				},
				{
					"name": "octagon3",
					"parent": "magazine2",
					"pivot": [0.47089, -0.71249, 2.75],
					"cubes": [
						{
							"origin": [0.95839, 3.44468, -2.9375],
							"size": [0.174, 0.31066, 0.75],
							"pivot": [-0.26081, 3.60001, -2.5625],
							"rotation": [-45, 0, 0],
							"uv": {
								"north": {"uv": [23, 26], "uv_size": [0.125, 0.25]},
								"east": {"uv": [16, 19], "uv_size": [0.75, 0.25]},
								"south": {"uv": [26, 23], "uv_size": [0.125, 0.25]},
								"west": {"uv": [19, 17], "uv_size": [0.75, 0.25]}
							}
						},
						{
							"origin": [0.95839, 3.44468, -2.9375],
							"size": [0.176, 0.31066, 0.75],
							"uv": {
								"north": {"uv": [24, 26], "uv_size": [0.125, 0.25]},
								"east": {"uv": [19, 18], "uv_size": [0.75, 0.25]},
								"south": {"uv": [26, 24], "uv_size": [0.125, 0.25]},
								"west": {"uv": [19, 19], "uv_size": [0.75, 0.25]}
							}
						},
						{
							"origin": [0.95839, 3.22501, -2.71783],
							"size": [0.177, 0.75, 0.31066],
							"pivot": [-0.26081, 3.60001, -2.5625],
							"rotation": [-45, 0, 0],
							"uv": {
								"east": {"uv": [20, 2], "uv_size": [0.25, 0.75]},
								"west": {"uv": [20, 3], "uv_size": [0.25, 0.75]},
								"up": {"uv": [25, 26], "uv_size": [0.125, 0.25]},
								"down": {"uv": [26, 25.25], "uv_size": [0.125, -0.25]}
							}
						},
						{
							"origin": [0.95839, 3.22501, -2.71783],
							"size": [0.175, 0.75, 0.31066],
							"uv": {
								"east": {"uv": [20, 4], "uv_size": [0.25, 0.75]},
								"west": {"uv": [7, 20], "uv_size": [0.25, 0.75]},
								"up": {"uv": [26, 26], "uv_size": [0.125, 0.25]},
								"down": {"uv": [0, 27.25], "uv_size": [0.125, -0.25]}
							}
						},
						{
							"origin": [-0.54361, 3.22501, -2.71783],
							"size": [0.177, 0.75, 0.31066],
							"pivot": [0.85259, 3.60001, -2.5625],
							"rotation": [-45, 0, 0],
							"uv": {
								"east": {"uv": [20, 7], "uv_size": [0.25, 0.75]},
								"west": {"uv": [8, 20], "uv_size": [0.25, 0.75]},
								"up": {"uv": [27, 0], "uv_size": [0.125, 0.25]},
								"down": {"uv": [1, 27.25], "uv_size": [0.125, -0.25]}
							}
						},
						{
							"origin": [-0.54061, 3.44468, -2.9375],
							"size": [0.174, 0.31066, 0.75],
							"pivot": [0.85259, 3.60001, -2.5625],
							"rotation": [-45, 0, 0],
							"uv": {
								"north": {"uv": [27, 1], "uv_size": [0.125, 0.25]},
								"east": {"uv": [20, 8], "uv_size": [0.75, 0.25]},
								"south": {"uv": [2, 27], "uv_size": [0.125, 0.25]},
								"west": {"uv": [9, 20], "uv_size": [0.75, 0.25]}
							}
						},
						{
							"origin": [-0.54161, 3.22501, -2.71783],
							"size": [0.175, 0.75, 0.31066],
							"uv": {
								"east": {"uv": [20, 9], "uv_size": [0.25, 0.75]},
								"west": {"uv": [10, 20], "uv_size": [0.25, 0.75]},
								"up": {"uv": [27, 2], "uv_size": [0.125, 0.25]},
								"down": {"uv": [3, 27.25], "uv_size": [0.125, -0.25]}
							}
						},
						{
							"origin": [-0.54261, 3.44468, -2.9375],
							"size": [0.176, 0.31066, 0.75],
							"uv": {
								"north": {"uv": [27, 3], "uv_size": [0.125, 0.25]},
								"east": {"uv": [20, 10], "uv_size": [0.75, 0.25]},
								"south": {"uv": [4, 27], "uv_size": [0.125, 0.25]},
								"west": {"uv": [11, 20], "uv_size": [0.75, 0.25]}
							}
						}
					]
				},
				{
					"name": "bone3",
					"parent": "magazine2",
					"pivot": [0.89589, 1.39645, -1.26178],
					"cubes": [
						{
							"origin": [0.83339, 1.16251, -1.275],
							"size": [0.125, 0.525, 0.70503],
							"uv": {
								"north": {"uv": [26, 5], "uv_size": [0.125, 0.5]},
								"west": {"uv": [16, 10], "uv_size": [0.75, 0.5]},
								"up": {"uv": [16, 24], "uv_size": [0.125, 0.75]}
							}
						},
						{
							"origin": [0.83339, 1.68751, -0.875],
							"size": [0.125, 0.85, 0.30503],
							"uv": {
								"north": {"uv": [24, 7], "uv_size": [0.125, 0.875]},
								"west": {"uv": [19, 7], "uv_size": [0.25, 0.875]},
								"up": {"uv": [27, 4], "uv_size": [0.125, 0.25]}
							}
						},
						{
							"origin": [0.83339, 2.53751, -0.75],
							"size": [0.125, 0.25, 0.18003],
							"uv": {
								"north": {"uv": [5, 27], "uv_size": [0.125, 0.25]},
								"west": {"uv": [27, 5], "uv_size": [0.125, 0.25]},
								"up": {"uv": [28, 12], "uv_size": [0.125, 0.125]}
							}
						},
						{
							"origin": [0.83339, -0.1592, -1.29531],
							"size": [0.126, 2.575, 0.59202],
							"pivot": [0.89589, 1.97501, -0.925],
							"rotation": [-37.5, 0, 0],
							"uv": {
								"north": {"uv": [18, 10], "uv_size": [0.125, 2.625]},
								"south": {"uv": [12, 18], "uv_size": [0.125, 2.625]},
								"west": {"uv": [12, 8], "uv_size": [0.625, 2.625]},
								"up": {"uv": [10, 25], "uv_size": [0.125, 0.625]},
								"down": {"uv": [25, 10.625], "uv_size": [0.125, -0.625]}
							}
						},
						{
							"origin": [0.83339, 2.4158, -1.29531],
							"size": [0.126, 0.625, 0.16702],
							"pivot": [0.89589, 1.97501, -0.925],
							"rotation": [-37.5, 0, 0],
							"uv": {
								"north": {"uv": [11, 25], "uv_size": [0.125, 0.625]},
								"east": {"uv": [25, 11], "uv_size": [0.125, 0.625]},
								"south": {"uv": [12, 25], "uv_size": [0.125, 0.625]},
								"west": {"uv": [25, 12], "uv_size": [0.125, 0.625]},
								"up": {"uv": [13, 28], "uv_size": [0.125, 0.125]}
							}
						},
						{
							"origin": [0.83339, -0.49921, -1.29531],
							"size": [0.126, 0.34002, 0.31702],
							"pivot": [0.89589, 1.97501, -0.925],
							"rotation": [-37.5, 0, 0],
							"uv": {
								"north": {"uv": [12, 26], "uv_size": [0.125, 0.375]},
								"south": {"uv": [26, 12], "uv_size": [0.125, 0.375]},
								"west": {"uv": [6, 22], "uv_size": [0.375, 0.375]},
								"down": {"uv": [13, 26.375], "uv_size": [0.125, -0.375]}
							}
						}
					]
				},
				{
					"name": "bone4",
					"parent": "magazine2",
					"pivot": [0.29589, -0.15125, -2.43624],
					"cubes": [
						{
							"origin": [-0.24161, -0.23838, -0.93928],
							"size": [1.075, 0.1, 0.17678],
							"pivot": [0.29589, -0.14999, -0.7625],
							"rotation": [-45, 0, 0],
							"uv": {
								"east": {"uv": [28, 13], "uv_size": [0.125, 0.125]},
								"west": {"uv": [14, 28], "uv_size": [0.125, 0.125]},
								"down": {"uv": [22, 6.125], "uv_size": [1.125, -0.125]}
							}
						},
						{
							"origin": [-0.24261, -0.21249, -2.175],
							"size": [1.077, 0.125, 0.125],
							"uv": {
								"east": {"uv": [28, 14], "uv_size": [0.125, 0.125]},
								"west": {"uv": [15, 28], "uv_size": [0.125, 0.125]},
								"down": {"uv": [22, 7.125], "uv_size": [1.125, -0.125]}
							}
						},
						{
							"origin": [-0.24161, -0.23963, -0.73802],
							"size": [1.075, 0.17678, 0.1],
							"pivot": [0.29589, -0.15125, -0.63624],
							"rotation": [-45, 0, 0],
							"uv": {
								"east": {"uv": [28, 15], "uv_size": [0.125, 0.125]},
								"south": {"uv": [22, 8], "uv_size": [1.125, 0.125]},
								"west": {"uv": [16, 28], "uv_size": [0.125, 0.125]}
							}
						},
						{
							"origin": [-0.24161, -0.23838, -1.38928],
							"size": [1.075, 0.1, 0.17678],
							"pivot": [0.29589, -0.14999, -1.2125],
							"rotation": [-45, 0, 0],
							"uv": {
								"east": {"uv": [28, 16], "uv_size": [0.125, 0.125]},
								"west": {"uv": [17, 28], "uv_size": [0.125, 0.125]},
								"down": {"uv": [22, 9.125], "uv_size": [1.125, -0.125]}
							}
						},
						{
							"origin": [-0.24261, -0.21249, -2.625],
							"size": [1.077, 0.125, 0.125],
							"uv": {
								"east": {"uv": [28, 17], "uv_size": [0.125, 0.125]},
								"west": {"uv": [18, 28], "uv_size": [0.125, 0.125]},
								"down": {"uv": [22, 10.125], "uv_size": [1.125, -0.125]}
							}
						},
						{
							"origin": [-0.24161, -0.23963, -1.18802],
							"size": [1.075, 0.17678, 0.1],
							"pivot": [0.29589, -0.15125, -1.08624],
							"rotation": [-45, 0, 0],
							"uv": {
								"east": {"uv": [28, 18], "uv_size": [0.125, 0.125]},
								"south": {"uv": [22, 11], "uv_size": [1.125, 0.125]},
								"west": {"uv": [19, 28], "uv_size": [0.125, 0.125]}
							}
						},
						{
							"origin": [-0.24161, -0.23838, -1.83928],
							"size": [1.075, 0.1, 0.17678],
							"pivot": [0.29589, -0.14999, -1.6625],
							"rotation": [-45, 0, 0],
							"uv": {
								"east": {"uv": [28, 19], "uv_size": [0.125, 0.125]},
								"west": {"uv": [20, 28], "uv_size": [0.125, 0.125]},
								"down": {"uv": [22, 12.125], "uv_size": [1.125, -0.125]}
							}
						},
						{
							"origin": [-0.24161, -0.23963, -2.98802],
							"size": [1.075, 0.17678, 0.1],
							"pivot": [0.29589, -0.15125, -2.88624],
							"rotation": [-45, 0, 0],
							"uv": {
								"east": {"uv": [28, 20], "uv_size": [0.125, 0.125]},
								"south": {"uv": [22, 13], "uv_size": [1.125, 0.125]},
								"west": {"uv": [21, 28], "uv_size": [0.125, 0.125]}
							}
						},
						{
							"origin": [-0.24161, -0.23838, -3.18928],
							"size": [1.075, 0.1, 0.17678],
							"pivot": [0.29589, -0.14999, -3.0125],
							"rotation": [-45, 0, 0],
							"uv": {
								"east": {"uv": [28, 21], "uv_size": [0.125, 0.125]},
								"west": {"uv": [22, 28], "uv_size": [0.125, 0.125]},
								"down": {"uv": [22, 14.125], "uv_size": [1.125, -0.125]}
							}
						},
						{
							"origin": [-0.24161, -0.23838, -2.73928],
							"size": [1.075, 0.1, 0.17678],
							"pivot": [0.29589, -0.14999, -2.5625],
							"rotation": [-45, 0, 0],
							"uv": {
								"east": {"uv": [28, 22], "uv_size": [0.125, 0.125]},
								"west": {"uv": [23, 28], "uv_size": [0.125, 0.125]},
								"down": {"uv": [22, 15.125], "uv_size": [1.125, -0.125]}
							}
						},
						{
							"origin": [-0.24161, -0.23963, -2.53802],
							"size": [1.075, 0.17678, 0.1],
							"pivot": [0.29589, -0.15125, -2.43624],
							"rotation": [-45, 0, 0],
							"uv": {
								"east": {"uv": [28, 23], "uv_size": [0.125, 0.125]},
								"south": {"uv": [22, 16], "uv_size": [1.125, 0.125]},
								"west": {"uv": [24, 28], "uv_size": [0.125, 0.125]}
							}
						},
						{
							"origin": [-0.24161, -0.23963, -2.08802],
							"size": [1.075, 0.17678, 0.1],
							"pivot": [0.29589, -0.15125, -1.98624],
							"rotation": [-45, 0, 0],
							"uv": {
								"east": {"uv": [28, 24], "uv_size": [0.125, 0.125]},
								"south": {"uv": [22, 17], "uv_size": [1.125, 0.125]},
								"west": {"uv": [25, 28], "uv_size": [0.125, 0.125]}
							}
						},
						{
							"origin": [-0.24161, -0.23838, -2.28928],
							"size": [1.075, 0.1, 0.17678],
							"pivot": [0.29589, -0.14999, -2.1125],
							"rotation": [-45, 0, 0],
							"uv": {
								"east": {"uv": [28, 25], "uv_size": [0.125, 0.125]},
								"west": {"uv": [26, 28], "uv_size": [0.125, 0.125]},
								"down": {"uv": [22, 18.125], "uv_size": [1.125, -0.125]}
							}
						},
						{
							"origin": [-0.24261, -0.21249, -3.075],
							"size": [1.077, 0.125, 0.125],
							"uv": {
								"east": {"uv": [28, 26], "uv_size": [0.125, 0.125]},
								"west": {"uv": [27, 28], "uv_size": [0.125, 0.125]},
								"down": {"uv": [22, 19.125], "uv_size": [1.125, -0.125]}
							}
						},
						{
							"origin": [-0.24161, -0.23963, -1.63802],
							"size": [1.075, 0.17678, 0.1],
							"pivot": [0.29589, -0.15125, -1.53624],
							"rotation": [-45, 0, 0],
							"uv": {
								"east": {"uv": [28, 27], "uv_size": [0.125, 0.125]},
								"south": {"uv": [22, 20], "uv_size": [1.125, 0.125]},
								"west": {"uv": [28, 28], "uv_size": [0.125, 0.125]}
							}
						}
					]
				},
				{
					"name": "bone5",
					"parent": "magazine2",
					"pivot": [-0.30411, 1.39645, -1.26178],
					"cubes": [
						{
							"origin": [-0.36761, -0.49921, -1.29531],
							"size": [0.126, 0.34002, 0.31702],
							"pivot": [-0.30411, 1.97501, -0.925],
							"rotation": [-37.5, 0, 0],
							"uv": {
								"north": {"uv": [26, 13], "uv_size": [0.125, 0.375]},
								"east": {"uv": [7, 22], "uv_size": [0.375, 0.375]},
								"south": {"uv": [14, 26], "uv_size": [0.125, 0.375]},
								"down": {"uv": [26, 14.375], "uv_size": [0.125, -0.375]}
							}
						},
						{
							"origin": [-0.36661, 1.16251, -1.275],
							"size": [0.125, 0.525, 0.70503],
							"uv": {
								"north": {"uv": [6, 26], "uv_size": [0.125, 0.5]},
								"east": {"uv": [16, 11], "uv_size": [0.75, 0.5]},
								"up": {"uv": [24, 16], "uv_size": [0.125, 0.75]}
							}
						},
						{
							"origin": [-0.36661, 1.68751, -0.875],
							"size": [0.125, 0.85, 0.30503],
							"uv": {
								"north": {"uv": [24, 8], "uv_size": [0.125, 0.875]},
								"east": {"uv": [8, 19], "uv_size": [0.25, 0.875]},
								"up": {"uv": [6, 27], "uv_size": [0.125, 0.25]}
							}
						},
						{
							"origin": [-0.36761, -0.1592, -1.29531],
							"size": [0.126, 2.575, 0.59202],
							"pivot": [-0.30411, 1.97501, -0.925],
							"rotation": [-37.5, 0, 0],
							"uv": {
								"north": {"uv": [13, 18], "uv_size": [0.125, 2.625]},
								"east": {"uv": [12, 11], "uv_size": [0.625, 2.625]},
								"south": {"uv": [18, 17], "uv_size": [0.125, 2.625]},
								"up": {"uv": [13, 25], "uv_size": [0.125, 0.625]},
								"down": {"uv": [25, 13.625], "uv_size": [0.125, -0.625]}
							}
						}
					]
				},
				{
					"name": "bone6",
					"parent": "magazine2",
					"pivot": [-0.30411, 2.04645, -2.58678],
					"rotation": [180, 0, 0],
					"cubes": [
						{
							"origin": [-0.36661, 2.33751, -2.2],
							"size": [0.125, 0.85, 0.3],
							"uv": {
								"north": {"uv": [9, 24], "uv_size": [0.125, 0.875]},
								"east": {"uv": [19, 8], "uv_size": [0.25, 0.875]},
								"up": {"uv": [27, 6], "uv_size": [0.125, 0.25]}
							}
						},
						{
							"origin": [-0.36861, -0.3196, -1.9],
							"size": [0.127, 4.01845, 0.15144],
							"uv": {
								"north": {"uv": [15, 0], "uv_size": [0.125, 4]},
								"east": {"uv": [1, 15], "uv_size": [0.125, 4]},
								"south": {"uv": [2, 15], "uv_size": [0.125, 4]},
								"up": {"uv": [0, 29], "uv_size": [0.125, 0.125]},
								"down": {"uv": [29, 0.125], "uv_size": [0.125, -0.125]}
							}
						},
						{
							"origin": [-0.36661, 1.81251, -2.6],
							"size": [0.125, 0.525, 0.7],
							"uv": {
								"north": {"uv": [26, 6], "uv_size": [0.125, 0.5]},
								"east": {"uv": [16, 12], "uv_size": [0.75, 0.5]},
								"up": {"uv": [17, 24], "uv_size": [0.125, 0.75]}
							}
						},
						{
							"origin": [-0.36761, 3.06251, -2.625],
							"size": [0.126, 0.62829, 0.17171],
							"pivot": [-0.30411, 2.62501, -2.25],
							"rotation": [-37.5, 0, 0],
							"uv": {
								"north": {"uv": [14, 25], "uv_size": [0.125, 0.625]},
								"east": {"uv": [25, 14], "uv_size": [0.125, 0.625]},
								"south": {"uv": [15, 25], "uv_size": [0.125, 0.625]},
								"up": {"uv": [1, 29], "uv_size": [0.125, 0.125]}
							}
						},
						{
							"origin": [-0.36661, -0.3196, -4.025],
							"size": [0.125, 1.20711, 0.725],
							"uv": {
								"north": {"uv": [19, 21], "uv_size": [0.125, 1.25]},
								"east": {"uv": [13, 7], "uv_size": [0.75, 1.25]},
								"west": {"uv": [8, 13], "uv_size": [0.75, 1.25]},
								"up": {"uv": [24, 17], "uv_size": [0.125, 0.75]},
								"down": {"uv": [18, 24.75], "uv_size": [0.125, -0.75]}
							}
						},
						{
							"origin": [-0.36861, -0.3196, -4.75],
							"size": [0.127, 0.30711, 0.725],
							"uv": {
								"north": {"uv": [7, 27], "uv_size": [0.125, 0.25]},
								"east": {"uv": [20, 11], "uv_size": [0.75, 0.25]},
								"west": {"uv": [20, 12], "uv_size": [0.75, 0.25]},
								"up": {"uv": [24, 18], "uv_size": [0.125, 0.75]},
								"down": {"uv": [19, 24.75], "uv_size": [0.125, -0.75]}
							}
						},
						{
							"origin": [-0.36661, -0.3196, -3.3],
							"size": [0.125, 2.13211, 1.4],
							"uv": {
								"north": {"uv": [4, 19], "uv_size": [0.125, 2.125]},
								"east": {"uv": [6, 10], "uv_size": [1.375, 2.125]},
								"up": {"uv": [21, 11], "uv_size": [0.125, 1.375]},
								"down": {"uv": [12, 22.375], "uv_size": [0.125, -1.375]}
							}
						},
						{
							"origin": [-0.36661, 3.18751, -2.075],
							"size": [0.125, 0.225, 0.175],
							"uv": {
								"north": {"uv": [27, 7], "uv_size": [0.125, 0.25]},
								"east": {"uv": [8, 27], "uv_size": [0.125, 0.25]},
								"up": {"uv": [29, 1], "uv_size": [0.125, 0.125]}
							}
						},
						{
							"origin": [-0.36661, -0.98749, -2.625],
							"size": [0.125, 0.10329, 0.14671],
							"pivot": [-0.30411, 2.62501, -2.25],
							"rotation": [-37.5, 0, 0],
							"uv": {
								"north": {"uv": [2, 29], "uv_size": [0.125, 0.125]},
								"east": {"uv": [29, 2], "uv_size": [0.125, 0.125]},
								"south": {"uv": [3, 29], "uv_size": [0.125, 0.125]},
								"west": {"uv": [29, 3], "uv_size": [0.125, 0.125]},
								"down": {"uv": [4, 29.125], "uv_size": [0.125, -0.125]}
							}
						},
						{
							"origin": [-0.36761, -0.88749, -2.625],
							"size": [0.126, 3.95329, 0.59671],
							"pivot": [-0.30411, 2.62501, -2.25],
							"rotation": [-37.5, 0, 0],
							"uv": {
								"north": {"uv": [3, 15], "uv_size": [0.125, 4]},
								"east": {"uv": [11, 9], "uv_size": [0.625, 4]},
								"south": {"uv": [4, 15], "uv_size": [0.125, 4]},
								"up": {"uv": [25, 15], "uv_size": [0.125, 0.625]},
								"down": {"uv": [16, 25.625], "uv_size": [0.125, -0.625]}
							}
						}
					]
				},
				{
					"name": "magazine",
					"parent": "bone",
					"pivot": [1.93331, 1.0208, 0.73294],
					"rotation": [0, -13, -45],
					"cubes": [
						{
							"origin": [1.4615, 0.375, -1.175],
							"size": [1.077, 4.375, 3],
							"uv": {
								"north": {"uv": [8, 0], "uv_size": [1.125, 4.375]},
								"east": {"uv": [0, 5], "uv_size": [3, 4.375]},
								"south": {"uv": [8, 5], "uv_size": [1.125, 4.375]},
								"west": {"uv": [3, 5], "uv_size": [3, 4.375]},
								"up": {"uv": [2, 10], "uv_size": [1.125, 3]},
								"down": {"uv": [10, 6], "uv_size": [1.125, -3]}
							}
						},
						{
							"origin": [2.4115, 0.25, -1.05],
							"size": [0.127, 0.125, 2.75],
							"uv": {
								"east": {"uv": [18, 0], "uv_size": [2.75, 0.125]},
								"west": {"uv": [18, 1], "uv_size": [2.75, 0.125]},
								"down": {"uv": [18, 4.75], "uv_size": [0.125, -2.75]}
							}
						},
						{
							"origin": [1.4625, 0.22411, -1.16428],
							"size": [1.075, 0.1, 0.17678],
							"pivot": [2, 0.3125, -0.9875],
							"rotation": [-45, 0, 0],
							"uv": {
								"east": {"uv": [29, 4], "uv_size": [0.125, 0.125]},
								"west": {"uv": [5, 29], "uv_size": [0.125, 0.125]},
								"down": {"uv": [21, 22.125], "uv_size": [1.125, -0.125]}
							}
						},
						{
							"origin": [1.4625, 0.22411, 1.66072],
							"size": [1.075, 0.17678, 0.10178],
							"pivot": [2, 0.3125, 1.7625],
							"rotation": [-45, 0, 0],
							"uv": {
								"east": {"uv": [29, 5], "uv_size": [0.125, 0.125]},
								"south": {"uv": [0, 23], "uv_size": [1.125, 0.125]},
								"west": {"uv": [6, 29], "uv_size": [0.125, 0.125]}
							}
						},
						{
							"origin": [1.4615, 0.125, 0.525],
							"size": [1.077, 0.125, 0.125],
							"uv": {
								"east": {"uv": [29, 6], "uv_size": [0.125, 0.125]},
								"west": {"uv": [7, 29], "uv_size": [0.125, 0.125]},
								"down": {"uv": [2, 23.125], "uv_size": [1.125, -0.125]}
							}
						},
						{
							"origin": [1.4615, 0.125, 0.975],
							"size": [1.077, 0.125, 0.125],
							"uv": {
								"east": {"uv": [29, 7], "uv_size": [0.125, 0.125]},
								"west": {"uv": [8, 29], "uv_size": [0.125, 0.125]},
								"down": {"uv": [23, 2.125], "uv_size": [1.125, -0.125]}
							}
						},
						{
							"origin": [1.4615, 0.125, 1.425],
							"size": [1.077, 0.125, 0.125],
							"uv": {
								"east": {"uv": [29, 8], "uv_size": [0.125, 0.125]},
								"west": {"uv": [9, 29], "uv_size": [0.125, 0.125]},
								"down": {"uv": [23, 3.125], "uv_size": [1.125, -0.125]}
							}
						},
						{
							"origin": [1.3355, 0.37197, 1.68003],
							"size": [0.127, 3.01152, 0.14497],
							"uv": {
								"north": {"uv": [16, 13], "uv_size": [0.125, 3]},
								"east": {"uv": [15, 16], "uv_size": [0.125, 3]},
								"south": {"uv": [16, 16], "uv_size": [0.125, 3]},
								"up": {"uv": [29, 9], "uv_size": [0.125, 0.125]},
								"down": {"uv": [10, 29.125], "uv_size": [0.125, -0.125]}
							}
						},
						{
							"origin": [1.3375, 0.37197, 0.275],
							"size": [0.125, 1.12803, 1.40503],
							"uv": {
								"north": {"uv": [23, 4], "uv_size": [0.125, 1.125]},
								"east": {"uv": [13, 3], "uv_size": [1.375, 1.125]},
								"south": {"uv": [6, 23], "uv_size": [0.125, 1.125]},
								"up": {"uv": [13, 21], "uv_size": [0.125, 1.375]},
								"down": {"uv": [21, 14.375], "uv_size": [0.125, -1.375]}
							}
						},
						{
							"origin": [1.3375, 0.57197, -0.225],
							"size": [0.125, 0.125, 0.5],
							"uv": {
								"north": {"uv": [29, 10], "uv_size": [0.125, 0.125]},
								"east": {"uv": [7, 26], "uv_size": [0.5, 0.125]},
								"south": {"uv": [11, 29], "uv_size": [0.125, 0.125]},
								"up": {"uv": [26, 7], "uv_size": [0.125, 0.5]},
								"down": {"uv": [8, 26.5], "uv_size": [0.125, -0.5]}
							}
						},
						{
							"origin": [1.3375, 0.37197, -0.475],
							"size": [0.125, 0.20303, 0.75],
							"uv": {
								"north": {"uv": [27, 8], "uv_size": [0.125, 0.25]},
								"east": {"uv": [20, 13], "uv_size": [0.75, 0.25]},
								"south": {"uv": [9, 27], "uv_size": [0.125, 0.25]},
								"up": {"uv": [24, 19], "uv_size": [0.125, 0.75]},
								"down": {"uv": [20, 24.75], "uv_size": [0.125, -0.75]}
							}
						},
						{
							"origin": [1.3365, 2.75329, 0.95469],
							"size": [0.126, 0.625, 0.16702],
							"pivot": [1.4, 2.3125, 1.325],
							"rotation": [-37.5, 0, 0],
							"uv": {
								"north": {"uv": [25, 16], "uv_size": [0.125, 0.625]},
								"east": {"uv": [17, 25], "uv_size": [0.125, 0.625]},
								"south": {"uv": [25, 17], "uv_size": [0.125, 0.625]},
								"west": {"uv": [18, 25], "uv_size": [0.125, 0.625]},
								"up": {"uv": [29, 11], "uv_size": [0.125, 0.125]}
							}
						},
						{
							"origin": [2.5375, 0.37197, 0.275],
							"size": [0.125, 1.12803, 1.40503],
							"uv": {
								"north": {"uv": [7, 23], "uv_size": [0.125, 1.125]},
								"south": {"uv": [8, 23], "uv_size": [0.125, 1.125]},
								"west": {"uv": [5, 13], "uv_size": [1.375, 1.125]},
								"up": {"uv": [14, 21], "uv_size": [0.125, 1.375]},
								"down": {"uv": [15, 22.375], "uv_size": [0.125, -1.375]}
							}
						},
						{
							"origin": [2.5375, 0.37197, -0.475],
							"size": [0.125, 0.20303, 0.75],
							"uv": {
								"north": {"uv": [27, 9], "uv_size": [0.125, 0.25]},
								"south": {"uv": [10, 27], "uv_size": [0.125, 0.25]},
								"west": {"uv": [14, 20], "uv_size": [0.75, 0.25]},
								"up": {"uv": [24, 20], "uv_size": [0.125, 0.75]},
								"down": {"uv": [21, 24.75], "uv_size": [0.125, -0.75]}
							}
						},
						{
							"origin": [1.3375, 2.875, 1.5],
							"size": [0.125, 0.25, 0.18003],
							"uv": {
								"north": {"uv": [27, 10], "uv_size": [0.125, 0.25]},
								"east": {"uv": [11, 27], "uv_size": [0.125, 0.25]},
								"up": {"uv": [12, 29], "uv_size": [0.125, 0.125]}
							}
						},
						{
							"origin": [2.5375, 0.57197, -0.225],
							"size": [0.125, 0.125, 0.5],
							"uv": {
								"north": {"uv": [29, 12], "uv_size": [0.125, 0.125]},
								"south": {"uv": [13, 29], "uv_size": [0.125, 0.125]},
								"west": {"uv": [26, 8], "uv_size": [0.5, 0.125]},
								"up": {"uv": [9, 26], "uv_size": [0.125, 0.5]},
								"down": {"uv": [26, 9.5], "uv_size": [0.125, -0.5]}
							}
						},
						{
							"origin": [2.5375, 0.37197, 1.68003],
							"size": [0.127, 3.01152, 0.14497],
							"uv": {
								"north": {"uv": [17, 0], "uv_size": [0.125, 3]},
								"south": {"uv": [17, 3], "uv_size": [0.125, 3]},
								"west": {"uv": [17, 6], "uv_size": [0.125, 3]},
								"up": {"uv": [29, 13], "uv_size": [0.125, 0.125]},
								"down": {"uv": [14, 29.125], "uv_size": [0.125, -0.125]}
							}
						},
						{
							"origin": [1.4615, 0.25, -1.05],
							"size": [0.127, 0.125, 2.75],
							"uv": {
								"east": {"uv": [18, 5], "uv_size": [2.75, 0.125]},
								"west": {"uv": [18, 6], "uv_size": [2.75, 0.125]},
								"down": {"uv": [18, 9.75], "uv_size": [0.125, -2.75]}
							}
						}
					]
				},
				{
					"name": "bone9",
					"parent": "magazine",
					"pivot": [2.6, 2.38394, -0.33678],
					"rotation": [180, 0, 0],
					"cubes": [
						{
							"origin": [2.5375, 0.01789, 0.35],
							"size": [0.127, 4.01845, 0.15144],
							"uv": {
								"north": {"uv": [15, 4], "uv_size": [0.125, 4]},
								"south": {"uv": [5, 15], "uv_size": [0.125, 4]},
								"west": {"uv": [6, 15], "uv_size": [0.125, 4]},
								"up": {"uv": [29, 14], "uv_size": [0.125, 0.125]},
								"down": {"uv": [15, 29.125], "uv_size": [0.125, -0.125]}
							}
						},
						{
							"origin": [2.5375, 2.15, -0.35],
							"size": [0.125, 0.525, 0.7],
							"uv": {
								"north": {"uv": [10, 26], "uv_size": [0.125, 0.5]},
								"west": {"uv": [17, 9], "uv_size": [0.75, 0.5]},
								"up": {"uv": [22, 24], "uv_size": [0.125, 0.75]}
							}
						},
						{
							"origin": [2.5375, 0.01789, -1.775],
							"size": [0.125, 1.20711, 0.725],
							"uv": {
								"north": {"uv": [21, 19], "uv_size": [0.125, 1.25]},
								"east": {"uv": [9, 13], "uv_size": [0.75, 1.25]},
								"west": {"uv": [13, 9], "uv_size": [0.75, 1.25]},
								"up": {"uv": [23, 24], "uv_size": [0.125, 0.75]},
								"down": {"uv": [24, 23.75], "uv_size": [0.125, -0.75]}
							}
						},
						{
							"origin": [2.5375, 0.01789, -2.5],
							"size": [0.127, 0.30711, 0.725],
							"uv": {
								"north": {"uv": [27, 11], "uv_size": [0.125, 0.25]},
								"east": {"uv": [20, 14], "uv_size": [0.75, 0.25]},
								"west": {"uv": [15, 20], "uv_size": [0.75, 0.25]},
								"up": {"uv": [24, 24], "uv_size": [0.125, 0.75]},
								"down": {"uv": [0, 25.75], "uv_size": [0.125, -0.75]}
							}
						},
						{
							"origin": [2.5375, 2.675, 0.05],
							"size": [0.125, 0.85, 0.3],
							"uv": {
								"north": {"uv": [24, 9], "uv_size": [0.125, 0.875]},
								"west": {"uv": [9, 19], "uv_size": [0.25, 0.875]},
								"up": {"uv": [12, 27], "uv_size": [0.125, 0.25]}
							}
						},
						{
							"origin": [2.5375, 0.01789, -1.05],
							"size": [0.125, 2.13211, 1.4],
							"uv": {
								"north": {"uv": [5, 19], "uv_size": [0.125, 2.125]},
								"west": {"uv": [10, 6], "uv_size": [1.375, 2.125]},
								"up": {"uv": [21, 15], "uv_size": [0.125, 1.375]},
								"down": {"uv": [16, 22.375], "uv_size": [0.125, -1.375]}
							}
						},
						{
							"origin": [2.5375, 3.525, 0.175],
							"size": [0.125, 0.225, 0.175],
							"uv": {
								"north": {"uv": [27, 12], "uv_size": [0.125, 0.25]},
								"west": {"uv": [13, 27], "uv_size": [0.125, 0.25]},
								"up": {"uv": [29, 15], "uv_size": [0.125, 0.125]}
							}
						},
						{
							"origin": [2.5375, -0.55, -0.375],
							"size": [0.126, 3.95329, 0.59671],
							"pivot": [2.6, 2.9625, 0],
							"rotation": [-37.5, 0, 0],
							"uv": {
								"north": {"uv": [7, 15], "uv_size": [0.125, 4]},
								"south": {"uv": [8, 15], "uv_size": [0.125, 4]},
								"west": {"uv": [12, 0], "uv_size": [0.625, 4]},
								"up": {"uv": [25, 18], "uv_size": [0.125, 0.625]},
								"down": {"uv": [19, 25.625], "uv_size": [0.125, -0.625]}
							}
						},
						{
							"origin": [2.5375, 3.4, -0.375],
							"size": [0.126, 0.62829, 0.17171],
							"pivot": [2.6, 2.9625, 0],
							"rotation": [-37.5, 0, 0],
							"uv": {
								"north": {"uv": [25, 19], "uv_size": [0.125, 0.625]},
								"south": {"uv": [20, 25], "uv_size": [0.125, 0.625]},
								"west": {"uv": [25, 20], "uv_size": [0.125, 0.625]},
								"up": {"uv": [16, 29], "uv_size": [0.125, 0.125]}
							}
						},
						{
							"origin": [2.5375, -0.65, -0.375],
							"size": [0.125, 0.10329, 0.14671],
							"pivot": [2.6, 2.9625, 0],
							"rotation": [-37.5, 0, 0],
							"uv": {
								"north": {"uv": [29, 16], "uv_size": [0.125, 0.125]},
								"east": {"uv": [17, 29], "uv_size": [0.125, 0.125]},
								"south": {"uv": [29, 17], "uv_size": [0.125, 0.125]},
								"west": {"uv": [18, 29], "uv_size": [0.125, 0.125]},
								"down": {"uv": [29, 18.125], "uv_size": [0.125, -0.125]}
							}
						}
					]
				},
				{
					"name": "octagon2",
					"parent": "magazine",
					"pivot": [2.175, -0.375, 5],
					"cubes": [
						{
							"origin": [2.6625, 3.78217, -0.6875],
							"size": [0.174, 0.31066, 0.75],
							"pivot": [1.4433, 3.9375, -0.3125],
							"rotation": [-45, 0, 0],
							"uv": {
								"north": {"uv": [27, 13], "uv_size": [0.125, 0.25]},
								"east": {"uv": [20, 15], "uv_size": [0.75, 0.25]},
								"south": {"uv": [14, 27], "uv_size": [0.125, 0.25]},
								"west": {"uv": [16, 20], "uv_size": [0.75, 0.25]}
							}
						},
						{
							"origin": [2.6625, 3.78217, -0.6875],
							"size": [0.176, 0.31066, 0.75],
							"uv": {
								"north": {"uv": [27, 14], "uv_size": [0.125, 0.25]},
								"east": {"uv": [20, 16], "uv_size": [0.75, 0.25]},
								"south": {"uv": [15, 27], "uv_size": [0.125, 0.25]},
								"west": {"uv": [17, 20], "uv_size": [0.75, 0.25]}
							}
						},
						{
							"origin": [2.6625, 3.5625, -0.46783],
							"size": [0.177, 0.75, 0.31066],
							"pivot": [1.4433, 3.9375, -0.3125],
							"rotation": [-45, 0, 0],
							"uv": {
								"east": {"uv": [20, 17], "uv_size": [0.25, 0.75]},
								"west": {"uv": [18, 20], "uv_size": [0.25, 0.75]},
								"up": {"uv": [27, 15], "uv_size": [0.125, 0.25]},
								"down": {"uv": [16, 27.25], "uv_size": [0.125, -0.25]}
							}
						},
						{
							"origin": [2.6625, 3.5625, -0.46783],
							"size": [0.175, 0.75, 0.31066],
							"uv": {
								"east": {"uv": [20, 18], "uv_size": [0.25, 0.75]},
								"west": {"uv": [19, 20], "uv_size": [0.25, 0.75]},
								"up": {"uv": [27, 16], "uv_size": [0.125, 0.25]},
								"down": {"uv": [17, 27.25], "uv_size": [0.125, -0.25]}
							}
						},
						{
							"origin": [1.1605, 3.5625, -0.46783],
							"size": [0.177, 0.75, 0.31066],
							"pivot": [2.5567, 3.9375, -0.3125],
							"rotation": [-45, 0, 0],
							"uv": {
								"east": {"uv": [20, 19], "uv_size": [0.25, 0.75]},
								"west": {"uv": [20, 20], "uv_size": [0.25, 0.75]},
								"up": {"uv": [27, 17], "uv_size": [0.125, 0.25]},
								"down": {"uv": [18, 27.25], "uv_size": [0.125, -0.25]}
							}
						},
						{
							"origin": [1.1635, 3.78217, -0.6875],
							"size": [0.174, 0.31066, 0.75],
							"pivot": [2.5567, 3.9375, -0.3125],
							"rotation": [-45, 0, 0],
							"uv": {
								"north": {"uv": [27, 18], "uv_size": [0.125, 0.25]},
								"east": {"uv": [21, 0], "uv_size": [0.75, 0.25]},
								"south": {"uv": [19, 27], "uv_size": [0.125, 0.25]},
								"west": {"uv": [21, 1], "uv_size": [0.75, 0.25]}
							}
						},
						{
							"origin": [1.1625, 3.5625, -0.46783],
							"size": [0.175, 0.75, 0.31066],
							"uv": {
								"east": {"uv": [21, 2], "uv_size": [0.25, 0.75]},
								"west": {"uv": [21, 3], "uv_size": [0.25, 0.75]},
								"up": {"uv": [27, 19], "uv_size": [0.125, 0.25]},
								"down": {"uv": [20, 27.25], "uv_size": [0.125, -0.25]}
							}
						},
						{
							"origin": [1.1615, 3.78217, -0.6875],
							"size": [0.176, 0.31066, 0.75],
							"uv": {
								"north": {"uv": [27, 20], "uv_size": [0.125, 0.25]},
								"east": {"uv": [21, 4], "uv_size": [0.75, 0.25]},
								"south": {"uv": [21, 27], "uv_size": [0.125, 0.25]},
								"west": {"uv": [21, 5], "uv_size": [0.75, 0.25]}
							}
						}
					]
				},
				{
					"name": "bone8",
					"parent": "magazine",
					"pivot": [2.6, 1.73394, 0.98822],
					"cubes": [
						{
							"origin": [2.5375, 1.5, 0.975],
							"size": [0.125, 0.525, 0.70503],
							"uv": {
								"north": {"uv": [26, 10], "uv_size": [0.125, 0.5]},
								"west": {"uv": [17, 10], "uv_size": [0.75, 0.5]},
								"up": {"uv": [1, 25], "uv_size": [0.125, 0.75]}
							}
						},
						{
							"origin": [2.5375, 2.025, 1.375],
							"size": [0.125, 0.85, 0.30503],
							"uv": {
								"north": {"uv": [10, 24], "uv_size": [0.125, 0.875]},
								"west": {"uv": [19, 9], "uv_size": [0.25, 0.875]},
								"up": {"uv": [27, 21], "uv_size": [0.125, 0.25]}
							}
						},
						{
							"origin": [2.5375, 2.875, 1.5],
							"size": [0.125, 0.25, 0.18003],
							"uv": {
								"north": {"uv": [22, 27], "uv_size": [0.125, 0.25]},
								"west": {"uv": [27, 22], "uv_size": [0.125, 0.25]},
								"up": {"uv": [19, 29], "uv_size": [0.125, 0.125]}
							}
						},
						{
							"origin": [2.5375, 0.17829, 0.95469],
							"size": [0.126, 2.575, 0.59202],
							"pivot": [2.6, 2.3125, 1.325],
							"rotation": [-37.5, 0, 0],
							"uv": {
								"north": {"uv": [0, 19], "uv_size": [0.125, 2.625]},
								"south": {"uv": [1, 19], "uv_size": [0.125, 2.625]},
								"west": {"uv": [0, 13], "uv_size": [0.625, 2.625]},
								"up": {"uv": [21, 25], "uv_size": [0.125, 0.625]},
								"down": {"uv": [25, 21.625], "uv_size": [0.125, -0.625]}
							}
						},
						{
							"origin": [2.5375, 2.75329, 0.95469],
							"size": [0.126, 0.625, 0.16702],
							"pivot": [2.6, 2.3125, 1.325],
							"rotation": [-37.5, 0, 0],
							"uv": {
								"north": {"uv": [22, 25], "uv_size": [0.125, 0.625]},
								"east": {"uv": [25, 22], "uv_size": [0.125, 0.625]},
								"south": {"uv": [23, 25], "uv_size": [0.125, 0.625]},
								"west": {"uv": [25, 23], "uv_size": [0.125, 0.625]},
								"up": {"uv": [29, 19], "uv_size": [0.125, 0.125]}
							}
						},
						{
							"origin": [2.5375, -0.16172, 0.95469],
							"size": [0.126, 0.34002, 0.31702],
							"pivot": [2.6, 2.3125, 1.325],
							"rotation": [-37.5, 0, 0],
							"uv": {
								"north": {"uv": [15, 26], "uv_size": [0.125, 0.375]},
								"south": {"uv": [26, 15], "uv_size": [0.125, 0.375]},
								"west": {"uv": [9, 23], "uv_size": [0.375, 0.375]},
								"down": {"uv": [16, 26.375], "uv_size": [0.125, -0.375]}
							}
						}
					]
				},
				{
					"name": "bone10",
					"parent": "magazine",
					"pivot": [2, 0.18624, -0.18624],
					"cubes": [
						{
							"origin": [1.4625, 0.09911, 1.31072],
							"size": [1.075, 0.1, 0.17678],
							"pivot": [2, 0.1875, 1.4875],
							"rotation": [-45, 0, 0],
							"uv": {
								"east": {"uv": [20, 29], "uv_size": [0.125, 0.125]},
								"west": {"uv": [29, 20], "uv_size": [0.125, 0.125]},
								"down": {"uv": [10, 23.125], "uv_size": [1.125, -0.125]}
							}
						},
						{
							"origin": [1.4615, 0.125, 0.075],
							"size": [1.077, 0.125, 0.125],
							"uv": {
								"east": {"uv": [21, 29], "uv_size": [0.125, 0.125]},
								"west": {"uv": [29, 21], "uv_size": [0.125, 0.125]},
								"down": {"uv": [12, 23.125], "uv_size": [1.125, -0.125]}
							}
						},
						{
							"origin": [1.4625, 0.09786, 1.51198],
							"size": [1.075, 0.17678, 0.1],
							"pivot": [2, 0.18624, 1.61376],
							"rotation": [-45, 0, 0],
							"uv": {
								"east": {"uv": [22, 29], "uv_size": [0.125, 0.125]},
								"south": {"uv": [14, 23], "uv_size": [1.125, 0.125]},
								"west": {"uv": [29, 22], "uv_size": [0.125, 0.125]}
							}
						},
						{
							"origin": [1.4625, 0.09911, 0.86072],
							"size": [1.075, 0.1, 0.17678],
							"pivot": [2, 0.1875, 1.0375],
							"rotation": [-45, 0, 0],
							"uv": {
								"east": {"uv": [23, 29], "uv_size": [0.125, 0.125]},
								"west": {"uv": [29, 23], "uv_size": [0.125, 0.125]},
								"down": {"uv": [16, 23.125], "uv_size": [1.125, -0.125]}
							}
						},
						{
							"origin": [1.4615, 0.125, -0.375],
							"size": [1.077, 0.125, 0.125],
							"uv": {
								"east": {"uv": [24, 29], "uv_size": [0.125, 0.125]},
								"west": {"uv": [29, 24], "uv_size": [0.125, 0.125]},
								"down": {"uv": [18, 23.125], "uv_size": [1.125, -0.125]}
							}
						},
						{
							"origin": [1.4625, 0.09786, 1.06198],
							"size": [1.075, 0.17678, 0.1],
							"pivot": [2, 0.18624, 1.16376],
							"rotation": [-45, 0, 0],
							"uv": {
								"east": {"uv": [25, 29], "uv_size": [0.125, 0.125]},
								"south": {"uv": [20, 23], "uv_size": [1.125, 0.125]},
								"west": {"uv": [29, 25], "uv_size": [0.125, 0.125]}
							}
						},
						{
							"origin": [1.4625, 0.09911, 0.41072],
							"size": [1.075, 0.1, 0.17678],
							"pivot": [2, 0.1875, 0.5875],
							"rotation": [-45, 0, 0],
							"uv": {
								"east": {"uv": [26, 29], "uv_size": [0.125, 0.125]},
								"west": {"uv": [29, 26], "uv_size": [0.125, 0.125]},
								"down": {"uv": [23, 21.125], "uv_size": [1.125, -0.125]}
							}
						},
						{
							"origin": [1.4625, 0.09786, -0.73802],
							"size": [1.075, 0.17678, 0.1],
							"pivot": [2, 0.18624, -0.63624],
							"rotation": [-45, 0, 0],
							"uv": {
								"east": {"uv": [27, 29], "uv_size": [0.125, 0.125]},
								"south": {"uv": [22, 23], "uv_size": [1.125, 0.125]},
								"west": {"uv": [29, 27], "uv_size": [0.125, 0.125]}
							}
						},
						{
							"origin": [1.4625, 0.09911, -0.93928],
							"size": [1.075, 0.1, 0.17678],
							"pivot": [2, 0.1875, -0.7625],
							"rotation": [-45, 0, 0],
							"uv": {
								"east": {"uv": [28, 29], "uv_size": [0.125, 0.125]},
								"west": {"uv": [29, 28], "uv_size": [0.125, 0.125]},
								"down": {"uv": [23, 22.125], "uv_size": [1.125, -0.125]}
							}
						},
						{
							"origin": [1.4625, 0.09911, -0.48928],
							"size": [1.075, 0.1, 0.17678],
							"pivot": [2, 0.1875, -0.3125],
							"rotation": [-45, 0, 0],
							"uv": {
								"east": {"uv": [29, 29], "uv_size": [0.125, 0.125]},
								"west": {"uv": [0, 30], "uv_size": [0.125, 0.125]},
								"down": {"uv": [0, 24.125], "uv_size": [1.125, -0.125]}
							}
						},
						{
							"origin": [1.4625, 0.09786, -0.28802],
							"size": [1.075, 0.17678, 0.1],
							"pivot": [2, 0.18624, -0.18624],
							"rotation": [-45, 0, 0],
							"uv": {
								"east": {"uv": [30, 0], "uv_size": [0.125, 0.125]},
								"south": {"uv": [24, 0], "uv_size": [1.125, 0.125]},
								"west": {"uv": [1, 30], "uv_size": [0.125, 0.125]}
							}
						},
						{
							"origin": [1.4625, 0.09786, 0.16198],
							"size": [1.075, 0.17678, 0.1],
							"pivot": [2, 0.18624, 0.26376],
							"rotation": [-45, 0, 0],
							"uv": {
								"east": {"uv": [30, 1], "uv_size": [0.125, 0.125]},
								"south": {"uv": [24, 1], "uv_size": [1.125, 0.125]},
								"west": {"uv": [2, 30], "uv_size": [0.125, 0.125]}
							}
						},
						{
							"origin": [1.4625, 0.09911, -0.03928],
							"size": [1.075, 0.1, 0.17678],
							"pivot": [2, 0.1875, 0.1375],
							"rotation": [-45, 0, 0],
							"uv": {
								"east": {"uv": [30, 2], "uv_size": [0.125, 0.125]},
								"west": {"uv": [3, 30], "uv_size": [0.125, 0.125]},
								"down": {"uv": [2, 24.125], "uv_size": [1.125, -0.125]}
							}
						},
						{
							"origin": [1.4615, 0.125, -0.825],
							"size": [1.077, 0.125, 0.125],
							"uv": {
								"east": {"uv": [30, 3], "uv_size": [0.125, 0.125]},
								"west": {"uv": [4, 30], "uv_size": [0.125, 0.125]},
								"down": {"uv": [4, 24.125], "uv_size": [1.125, -0.125]}
							}
						},
						{
							"origin": [1.4625, 0.09786, 0.61198],
							"size": [1.075, 0.17678, 0.1],
							"pivot": [2, 0.18624, 0.71376],
							"rotation": [-45, 0, 0],
							"uv": {
								"east": {"uv": [30, 4], "uv_size": [0.125, 0.125]},
								"south": {"uv": [24, 4], "uv_size": [1.125, 0.125]},
								"west": {"uv": [5, 30], "uv_size": [0.125, 0.125]}
							}
						}
					]
				},
				{
					"name": "bone14",
					"parent": "magazine",
					"pivot": [1.4, 1.73394, 0.98822],
					"cubes": [
						{
							"origin": [1.3365, -0.16172, 0.95469],
							"size": [0.126, 0.34002, 0.31702],
							"pivot": [1.4, 2.3125, 1.325],
							"rotation": [-37.5, 0, 0],
							"uv": {
								"north": {"uv": [26, 16], "uv_size": [0.125, 0.375]},
								"east": {"uv": [24, 5], "uv_size": [0.375, 0.375]},
								"south": {"uv": [17, 26], "uv_size": [0.125, 0.375]},
								"down": {"uv": [26, 17.375], "uv_size": [0.125, -0.375]}
							}
						},
						{
							"origin": [1.3375, 1.5, 0.975],
							"size": [0.125, 0.525, 0.70503],
							"uv": {
								"north": {"uv": [11, 26], "uv_size": [0.125, 0.5]},
								"east": {"uv": [17, 11], "uv_size": [0.75, 0.5]},
								"up": {"uv": [2, 25], "uv_size": [0.125, 0.75]}
							}
						},
						{
							"origin": [1.3375, 2.025, 1.375],
							"size": [0.125, 0.85, 0.30503],
							"uv": {
								"north": {"uv": [24, 10], "uv_size": [0.125, 0.875]},
								"east": {"uv": [10, 19], "uv_size": [0.25, 0.875]},
								"up": {"uv": [23, 27], "uv_size": [0.125, 0.25]}
							}
						},
						{
							"origin": [1.3365, 0.17829, 0.95469],
							"size": [0.126, 2.575, 0.59202],
							"pivot": [1.4, 2.3125, 1.325],
							"rotation": [-37.5, 0, 0],
							"uv": {
								"north": {"uv": [2, 19], "uv_size": [0.125, 2.625]},
								"east": {"uv": [13, 0], "uv_size": [0.625, 2.625]},
								"south": {"uv": [19, 2], "uv_size": [0.125, 2.625]},
								"up": {"uv": [24, 25], "uv_size": [0.125, 0.625]},
								"down": {"uv": [25, 24.625], "uv_size": [0.125, -0.625]}
							}
						}
					]
				},
				{
					"name": "bone16",
					"parent": "magazine",
					"pivot": [1.4, 2.38394, -0.33678],
					"rotation": [180, 0, 0],
					"cubes": [
						{
							"origin": [1.3375, 2.675, 0.05],
							"size": [0.125, 0.85, 0.3],
							"uv": {
								"north": {"uv": [11, 24], "uv_size": [0.125, 0.875]},
								"east": {"uv": [19, 10], "uv_size": [0.25, 0.875]},
								"up": {"uv": [27, 23], "uv_size": [0.125, 0.25]}
							}
						},
						{
							"origin": [1.3355, 0.01789, 0.35],
							"size": [0.127, 4.01845, 0.15144],
							"uv": {
								"north": {"uv": [15, 8], "uv_size": [0.125, 4]},
								"east": {"uv": [9, 15], "uv_size": [0.125, 4]},
								"south": {"uv": [10, 15], "uv_size": [0.125, 4]},
								"up": {"uv": [30, 5], "uv_size": [0.125, 0.125]},
								"down": {"uv": [6, 30.125], "uv_size": [0.125, -0.125]}
							}
						},
						{
							"origin": [1.3375, 2.15, -0.35],
							"size": [0.125, 0.525, 0.7],
							"uv": {
								"north": {"uv": [26, 11], "uv_size": [0.125, 0.5]},
								"east": {"uv": [17, 12], "uv_size": [0.75, 0.5]},
								"up": {"uv": [25, 2], "uv_size": [0.125, 0.75]}
							}
						},
						{
							"origin": [1.3365, 3.4, -0.375],
							"size": [0.126, 0.62829, 0.17171],
							"pivot": [1.4, 2.9625, 0],
							"rotation": [-37.5, 0, 0],
							"uv": {
								"north": {"uv": [25, 25], "uv_size": [0.125, 0.625]},
								"east": {"uv": [0, 26], "uv_size": [0.125, 0.625]},
								"south": {"uv": [26, 0], "uv_size": [0.125, 0.625]},
								"up": {"uv": [30, 6], "uv_size": [0.125, 0.125]}
							}
						},
						{
							"origin": [1.3375, 0.01789, -1.775],
							"size": [0.125, 1.20711, 0.725],
							"uv": {
								"north": {"uv": [20, 21], "uv_size": [0.125, 1.25]},
								"east": {"uv": [10, 13], "uv_size": [0.75, 1.25]},
								"west": {"uv": [11, 13], "uv_size": [0.75, 1.25]},
								"up": {"uv": [3, 25], "uv_size": [0.125, 0.75]},
								"down": {"uv": [25, 3.75], "uv_size": [0.125, -0.75]}
							}
						},
						{
							"origin": [1.3355, 0.01789, -2.5],
							"size": [0.127, 0.30711, 0.725],
							"uv": {
								"north": {"uv": [24, 27], "uv_size": [0.125, 0.25]},
								"east": {"uv": [21, 6], "uv_size": [0.75, 0.25]},
								"west": {"uv": [7, 21], "uv_size": [0.75, 0.25]},
								"up": {"uv": [4, 25], "uv_size": [0.125, 0.75]},
								"down": {"uv": [5, 25.75], "uv_size": [0.125, -0.75]}
							}
						},
						{
							"origin": [1.3375, 0.01789, -1.05],
							"size": [0.125, 2.13211, 1.4],
							"uv": {
								"north": {"uv": [6, 19], "uv_size": [0.125, 2.125]},
								"east": {"uv": [8, 10], "uv_size": [1.375, 2.125]},
								"up": {"uv": [17, 21], "uv_size": [0.125, 1.375]},
								"down": {"uv": [21, 18.375], "uv_size": [0.125, -1.375]}
							}
						},
						{
							"origin": [1.3375, 3.525, 0.175],
							"size": [0.125, 0.225, 0.175],
							"uv": {
								"north": {"uv": [27, 24], "uv_size": [0.125, 0.25]},
								"east": {"uv": [25, 27], "uv_size": [0.125, 0.25]},
								"up": {"uv": [7, 30], "uv_size": [0.125, 0.125]}
							}
						},
						{
							"origin": [1.3375, -0.65, -0.375],
							"size": [0.125, 0.10329, 0.14671],
							"pivot": [1.4, 2.9625, 0],
							"rotation": [-37.5, 0, 0],
							"uv": {
								"north": {"uv": [30, 7], "uv_size": [0.125, 0.125]},
								"east": {"uv": [8, 30], "uv_size": [0.125, 0.125]},
								"south": {"uv": [30, 8], "uv_size": [0.125, 0.125]},
								"west": {"uv": [9, 30], "uv_size": [0.125, 0.125]},
								"down": {"uv": [30, 9.125], "uv_size": [0.125, -0.125]}
							}
						},
						{
							"origin": [1.3365, -0.55, -0.375],
							"size": [0.126, 3.95329, 0.59671],
							"pivot": [1.4, 2.9625, 0],
							"rotation": [-37.5, 0, 0],
							"uv": {
								"north": {"uv": [11, 15], "uv_size": [0.125, 4]},
								"east": {"uv": [12, 4], "uv_size": [0.625, 4]},
								"south": {"uv": [15, 12], "uv_size": [0.125, 4]},
								"up": {"uv": [1, 26], "uv_size": [0.125, 0.625]},
								"down": {"uv": [26, 1.625], "uv_size": [0.125, -0.625]}
							}
						}
					]
				}
			]
		}
	]
}