{
	"format_version": "1.12.0",
	"minecraft:geometry": [
		{
			"description": {
				"identifier": "geometry.unknown",
				"texture_width": 64,
				"texture_height": 64,
				"visible_bounds_width": 4,
				"visible_bounds_height": 3,
				"visible_bounds_offset": [0, 0.5, 0]
			},
			"bones": [
				{
					"name": "root",
					"pivot": [0, 0, 0]
				},
				{
					"name": "camera",
					"parent": "root",
					"pivot": [4.29206, 11.75404, 9.7442]
				},
				{
					"name": "iron_view",
					"parent": "camera",
					"pivot": [0, 12.5, 8]
				},
				{
					"name": "idle_view",
					"parent": "camera",
					"pivot": [3.2921, 13.254, 10.7442]
				},
				{
					"name": "right_and_left",
					"parent": "root",
					"pivot": [0, 0, 0]
				},
				{
					"name": "lefthand_and_gun",
					"parent": "right_and_left",
					"pivot": [5.25, 0.5, 7.5]
				},
				{
					"name": "handguard",
					"parent": "lefthand_and_gun",
					"pivot": [0, 7, 4],
					"cubes": [
						{
							"origin": [-1.125, 7.75, -5.125],
							"size": [0.375, 1.25, 4],
							"uv": {
								"east": {"uv": [17.5625, 31], "uv_size": [4, 1.25]},
								"down": {"uv": [29, 38.5], "uv_size": [0.375, -0.5]}
							}
						},
						{
							"origin": [0.75, 7.75, -5.125],
							"size": [0.375, 1.25, 4],
							"uv": {
								"west": {"uv": [4.75, 27.9375], "uv_size": [4, 1.25]}
							}
						}
					]
				},
				{
					"name": "DI",
					"parent": "handguard",
					"pivot": [0, 7, -1.5],
					"cubes": [
						{
							"origin": [-0.75, 7.375, -5.125],
							"size": [1.5, 0.375, 0.5],
							"uv": {
								"down": {"uv": [25, 29.5], "uv_size": [1.5, -0.5]}
							}
						},
						{
							"origin": [-0.75, 7.375, -4.25],
							"size": [1.5, 0.375, 0.5],
							"uv": {
								"down": {"uv": [29, 25.5], "uv_size": [1.5, -0.5]}
							}
						},
						{
							"origin": [-0.75, 7.375, -3.375],
							"size": [1.5, 0.375, 0.5],
							"uv": {
								"down": {"uv": [27, 29.5], "uv_size": [1.5, -0.5]}
							}
						},
						{
							"origin": [-0.75, 7.375, -2.5],
							"size": [1.5, 0.375, 0.5],
							"uv": {
								"down": {"uv": [29, 29.5], "uv_size": [1.5, -0.5]}
							}
						},
						{
							"origin": [-0.75, 7.375, -1.625],
							"size": [1.5, 0.375, 0.5],
							"uv": {
								"down": {"uv": [30, 0.5], "uv_size": [1.5, -0.5]}
							}
						}
					]
				},
				{
					"name": "DI2",
					"parent": "DI",
					"pivot": [0.875, 7.5625, -3.125],
					"rotation": [0, 0, 45],
					"cubes": [
						{
							"origin": [0.41919, 7.34153, -5.126],
							"size": [0.5, 0.53033, 0.5],
							"uv": {
								"west": {"uv": [37, 21], "uv_size": [0.5, 0.5]}
							}
						},
						{
							"origin": [0.41919, 7.34153, -4.251],
							"size": [0.5, 0.53033, 0.5],
							"uv": {
								"west": {"uv": [23, 37], "uv_size": [0.5, 0.5]},
								"down": {"uv": [37, 23.5], "uv_size": [0.5, -0.5]}
							}
						},
						{
							"origin": [0.41919, 7.34153, -3.376],
							"size": [0.5, 0.53033, 0.5],
							"uv": {
								"west": {"uv": [24, 37], "uv_size": [0.5, 0.5]},
								"down": {"uv": [37, 24.5], "uv_size": [0.5, -0.5]}
							}
						},
						{
							"origin": [0.41919, 7.34153, -2.501],
							"size": [0.5, 0.53033, 0.5],
							"uv": {
								"west": {"uv": [25, 37], "uv_size": [0.5, 0.5]},
								"down": {"uv": [37, 25.5], "uv_size": [0.5, -0.5]}
							}
						},
						{
							"origin": [0.41919, 7.34153, -1.626],
							"size": [0.5, 0.53033, 0.5],
							"uv": {
								"west": {"uv": [26, 37], "uv_size": [0.5, 0.5]},
								"down": {"uv": [37, 26.5], "uv_size": [0.5, -0.5]}
							}
						}
					]
				},
				{
					"name": "DI4",
					"parent": "DI",
					"pivot": [-0.875, 7.5625, -3.125],
					"rotation": [0, 0, -45],
					"cubes": [
						{
							"origin": [-0.91919, 7.34153, -5.126],
							"size": [0.5, 0.53033, 0.5],
							"uv": {
								"east": {"uv": [27, 37], "uv_size": [0.5, 0.5]}
							}
						},
						{
							"origin": [-0.91919, 7.34153, -1.626],
							"size": [0.5, 0.53033, 0.5],
							"uv": {
								"east": {"uv": [37, 31], "uv_size": [0.5, 0.5]}
							}
						},
						{
							"origin": [-0.91919, 7.34153, -2.501],
							"size": [0.5, 0.53033, 0.5],
							"uv": {
								"east": {"uv": [30, 37], "uv_size": [0.5, 0.5]}
							}
						},
						{
							"origin": [-0.91919, 7.34153, -3.376],
							"size": [0.5, 0.53033, 0.5],
							"uv": {
								"east": {"uv": [29, 37], "uv_size": [0.5, 0.5]},
								"down": {"uv": [37, 29.5], "uv_size": [0.5, -0.5]}
							}
						},
						{
							"origin": [-0.91919, 7.34153, -4.251],
							"size": [0.5, 0.53033, 0.5],
							"uv": {
								"east": {"uv": [28, 37], "uv_size": [0.5, 0.5]},
								"down": {"uv": [37, 28.5], "uv_size": [0.5, -0.5]}
							}
						}
					]
				},
				{
					"name": "LO",
					"parent": "handguard",
					"pivot": [0, 7, -2],
					"cubes": [
						{
							"origin": [-1.25, 7.75, -5.5],
							"size": [0.5, 1.25, 0.375],
							"uv": {
								"north": {"uv": [22, 31], "uv_size": [0.5, 1.25]},
								"east": {"uv": [9, 35], "uv_size": [0.375, 1.25]},
								"south": {"uv": [23, 31], "uv_size": [0.5, 1.25]}
							}
						},
						{
							"origin": [-1.25, 7.75, -4.625],
							"size": [0.5, 1.25, 0.375],
							"uv": {
								"north": {"uv": [31, 23], "uv_size": [0.5, 1.25]},
								"east": {"uv": [10, 35], "uv_size": [0.375, 1.25]},
								"south": {"uv": [25, 31], "uv_size": [0.5, 1.25]}
							}
						},
						{
							"origin": [-1.25, 7.75, -3.75],
							"size": [0.5, 1.25, 0.375],
							"uv": {
								"north": {"uv": [31, 25], "uv_size": [0.5, 1.25]},
								"east": {"uv": [11, 35], "uv_size": [0.375, 1.25]},
								"south": {"uv": [26, 31], "uv_size": [0.5, 1.25]}
							}
						},
						{
							"origin": [-1.25, 7.75, -2.875],
							"size": [0.5, 1.25, 0.375],
							"uv": {
								"north": {"uv": [27, 31], "uv_size": [0.5, 1.25]},
								"east": {"uv": [35, 11], "uv_size": [0.375, 1.25]},
								"south": {"uv": [31, 27], "uv_size": [0.5, 1.25]}
							}
						},
						{
							"origin": [-1.25, 7.75, -2],
							"size": [0.5, 1.25, 0.375],
							"uv": {
								"north": {"uv": [28, 31], "uv_size": [0.5, 1.25]},
								"east": {"uv": [12, 35], "uv_size": [0.375, 1.25]},
								"south": {"uv": [29, 31], "uv_size": [0.5, 1.25]}
							}
						},
						{
							"origin": [-1.25, 7.75, -1.125],
							"size": [0.5, 1.25, 0.375],
							"uv": {
								"north": {"uv": [31, 29], "uv_size": [0.5, 1.25]},
								"east": {"uv": [13, 35], "uv_size": [0.375, 1.25]},
								"south": {"uv": [30, 31], "uv_size": [0.5, 1.25]}
							}
						}
					]
				},
				{
					"name": "DO",
					"parent": "handguard",
					"pivot": [0, 7, -2],
					"cubes": [
						{
							"origin": [-0.75, 7.25, -5.5],
							"size": [1.5, 0.5, 0.375],
							"uv": {
								"north": {"uv": [9, 29], "uv_size": [1.5, 0.5]},
								"south": {"uv": [29, 9], "uv_size": [1.5, 0.5]},
								"down": {"uv": [33, 17.375], "uv_size": [1.5, -0.375]}
							}
						},
						{
							"origin": [-0.75, 7.25, -4.625],
							"size": [1.5, 0.5, 0.375],
							"uv": {
								"north": {"uv": [29, 10], "uv_size": [1.5, 0.5]},
								"south": {"uv": [11, 29], "uv_size": [1.5, 0.5]},
								"down": {"uv": [33, 18.375], "uv_size": [1.5, -0.375]}
							}
						},
						{
							"origin": [-0.75, 7.25, -3.75],
							"size": [1.5, 0.5, 0.375],
							"uv": {
								"north": {"uv": [13, 29], "uv_size": [1.5, 0.5]},
								"south": {"uv": [29, 16], "uv_size": [1.5, 0.5]},
								"down": {"uv": [19, 33.375], "uv_size": [1.5, -0.375]}
							}
						},
						{
							"origin": [-0.75, 7.25, -2.875],
							"size": [1.5, 0.5, 0.375],
							"uv": {
								"north": {"uv": [21, 29], "uv_size": [1.5, 0.5]},
								"south": {"uv": [29, 21], "uv_size": [1.5, 0.5]},
								"down": {"uv": [33, 19.375], "uv_size": [1.5, -0.375]}
							}
						},
						{
							"origin": [-0.75, 7.25, -2],
							"size": [1.5, 0.5, 0.375],
							"uv": {
								"north": {"uv": [29, 22], "uv_size": [1.5, 0.5]},
								"south": {"uv": [23, 29], "uv_size": [1.5, 0.5]},
								"down": {"uv": [33, 20.375], "uv_size": [1.5, -0.375]}
							}
						},
						{
							"origin": [-0.75, 7.25, -1.125],
							"size": [1.5, 0.5, 0.375],
							"uv": {
								"north": {"uv": [29, 23], "uv_size": [1.5, 0.5]},
								"down": {"uv": [21, 33.375], "uv_size": [1.5, -0.375]}
							}
						}
					]
				},
				{
					"name": "DO4",
					"parent": "DO",
					"pivot": [0.82322, 7.67678, -3.1275],
					"rotation": [0, 0, -45],
					"cubes": [
						{
							"origin": [0.46967, 7.42678, -5.501],
							"size": [0.70711, 0.5, 0.375],
							"uv": {
								"north": {"uv": [14, 36], "uv_size": [0.6875, 0.5]},
								"south": {"uv": [36, 14], "uv_size": [0.6875, 0.5]},
								"down": {"uv": [13, 37.375], "uv_size": [0.6875, -0.375]}
							}
						},
						{
							"origin": [0.46967, 7.42678, -4.626],
							"size": [0.70711, 0.5, 0.375],
							"uv": {
								"north": {"uv": [15, 36], "uv_size": [0.6875, 0.5]},
								"south": {"uv": [36, 15], "uv_size": [0.6875, 0.5]},
								"down": {"uv": [37, 13.375], "uv_size": [0.6875, -0.375]}
							}
						},
						{
							"origin": [0.46967, 7.42678, -3.751],
							"size": [0.70711, 0.5, 0.375],
							"uv": {
								"north": {"uv": [16, 36], "uv_size": [0.6875, 0.5]},
								"south": {"uv": [36, 16], "uv_size": [0.6875, 0.5]},
								"down": {"uv": [14, 37.375], "uv_size": [0.6875, -0.375]}
							}
						},
						{
							"origin": [0.46967, 7.42678, -2.876],
							"size": [0.70711, 0.5, 0.375],
							"uv": {
								"north": {"uv": [17, 36], "uv_size": [0.6875, 0.5]},
								"south": {"uv": [36, 17], "uv_size": [0.6875, 0.5]},
								"down": {"uv": [37, 14.375], "uv_size": [0.6875, -0.375]}
							}
						},
						{
							"origin": [0.46967, 7.42678, -2.01],
							"size": [0.70711, 0.5, 0.375],
							"uv": {
								"north": {"uv": [18, 36], "uv_size": [0.6875, 0.5]},
								"south": {"uv": [36, 18], "uv_size": [0.6875, 0.5]},
								"down": {"uv": [15, 37.375], "uv_size": [0.6875, -0.375]}
							}
						},
						{
							"origin": [0.46967, 7.42678, -1.126],
							"size": [0.70711, 0.5, 0.375],
							"uv": {
								"north": {"uv": [19, 36], "uv_size": [0.6875, 0.5]},
								"south": {"uv": [36, 19], "uv_size": [0.6875, 0.5]},
								"down": {"uv": [37, 15.375], "uv_size": [0.6875, -0.375]}
							}
						}
					]
				},
				{
					"name": "DO8",
					"parent": "DO",
					"pivot": [-0.82322, 7.67678, -3.1275],
					"rotation": [0, 0, 45],
					"cubes": [
						{
							"origin": [-1.17678, 7.42678, -2.876],
							"size": [0.70711, 0.5, 0.375],
							"uv": {
								"north": {"uv": [24, 36], "uv_size": [0.6875, 0.5]},
								"south": {"uv": [36, 24], "uv_size": [0.6875, 0.5]},
								"down": {"uv": [37, 17.375], "uv_size": [0.6875, -0.375]}
							}
						},
						{
							"origin": [-1.17678, 7.42678, -2.01],
							"size": [0.70711, 0.5, 0.375],
							"uv": {
								"north": {"uv": [25, 36], "uv_size": [0.6875, 0.5]},
								"south": {"uv": [36, 25], "uv_size": [0.6875, 0.5]},
								"down": {"uv": [18, 37.375], "uv_size": [0.6875, -0.375]}
							}
						},
						{
							"origin": [-1.17678, 7.42678, -1.126],
							"size": [0.70711, 0.5, 0.375],
							"uv": {
								"north": {"uv": [26, 36], "uv_size": [0.6875, 0.5]},
								"south": {"uv": [36, 26], "uv_size": [0.6875, 0.5]},
								"down": {"uv": [37, 18.375], "uv_size": [0.6875, -0.375]}
							}
						},
						{
							"origin": [-1.17678, 7.42678, -3.751],
							"size": [0.70711, 0.5, 0.375],
							"uv": {
								"north": {"uv": [23, 36], "uv_size": [0.6875, 0.5]},
								"south": {"uv": [36, 23], "uv_size": [0.6875, 0.5]},
								"down": {"uv": [17, 37.375], "uv_size": [0.6875, -0.375]}
							}
						},
						{
							"origin": [-1.17678, 7.42678, -4.626],
							"size": [0.70711, 0.5, 0.375],
							"uv": {
								"north": {"uv": [36, 21], "uv_size": [0.6875, 0.5]},
								"south": {"uv": [36, 22], "uv_size": [0.6875, 0.5]},
								"down": {"uv": [37, 16.375], "uv_size": [0.6875, -0.375]}
							}
						},
						{
							"origin": [-1.17678, 7.42678, -5.501],
							"size": [0.70711, 0.5, 0.375],
							"uv": {
								"north": {"uv": [20, 36], "uv_size": [0.6875, 0.5]},
								"south": {"uv": [36, 20], "uv_size": [0.6875, 0.5]},
								"down": {"uv": [16, 37.375], "uv_size": [0.6875, -0.375]}
							}
						}
					]
				},
				{
					"name": "RO",
					"parent": "handguard",
					"pivot": [0, 7, -2],
					"cubes": [
						{
							"origin": [0.75, 7.75, -5.5],
							"size": [0.5, 1.25, 0.375],
							"uv": {
								"north": {"uv": [31, 7], "uv_size": [0.5, 1.25]},
								"south": {"uv": [9, 31], "uv_size": [0.5, 1.25]},
								"west": {"uv": [35, 2], "uv_size": [0.375, 1.25]}
							}
						},
						{
							"origin": [0.75, 7.75, -4.625],
							"size": [0.5, 1.25, 0.375],
							"uv": {
								"north": {"uv": [31, 9], "uv_size": [0.5, 1.25]},
								"south": {"uv": [10, 31], "uv_size": [0.5, 1.25]},
								"west": {"uv": [5, 35], "uv_size": [0.375, 1.25]}
							}
						},
						{
							"origin": [0.75, 7.75, -3.75],
							"size": [0.5, 1.25, 0.375],
							"uv": {
								"north": {"uv": [11, 31], "uv_size": [0.5, 1.25]},
								"south": {"uv": [31, 11], "uv_size": [0.5, 1.25]},
								"west": {"uv": [35, 5], "uv_size": [0.375, 1.25]}
							}
						},
						{
							"origin": [0.75, 7.75, -2.875],
							"size": [0.5, 1.25, 0.375],
							"uv": {
								"north": {"uv": [12, 31], "uv_size": [0.5, 1.25]},
								"south": {"uv": [13, 31], "uv_size": [0.5, 1.25]},
								"west": {"uv": [6, 35], "uv_size": [0.375, 1.25]}
							}
						},
						{
							"origin": [0.75, 7.75, -2],
							"size": [0.5, 1.25, 0.375],
							"uv": {
								"north": {"uv": [31, 13], "uv_size": [0.5, 1.25]},
								"south": {"uv": [14, 31], "uv_size": [0.5, 1.25]},
								"west": {"uv": [7, 35], "uv_size": [0.375, 1.25]}
							}
						},
						{
							"origin": [0.75, 7.75, -1.125],
							"size": [0.5, 1.25, 0.375],
							"uv": {
								"north": {"uv": [31, 15], "uv_size": [0.5, 1.25]},
								"south": {"uv": [17, 31], "uv_size": [0.5, 1.25]},
								"west": {"uv": [8, 35], "uv_size": [0.375, 1.25]}
							}
						}
					]
				},
				{
					"name": "upper",
					"parent": "lefthand_and_gun",
					"pivot": [0, 0, 0],
					"cubes": [
						{
							"origin": [-0.875, 9.5, -5.375],
							"size": [1.751, 2.25, 0.128],
							"uv": {
								"north": {"uv": [10, 18], "uv_size": [1.75, 2.25]},
								"east": {"uv": [1, 37], "uv_size": [0.125, 2.25]},
								"south": {"uv": [18, 11], "uv_size": [1.75, 2.25]}
							}
						},
						{
							"origin": [-1, 11.75, -2.75],
							"size": [2, 0.25, 7.25],
							"uv": {
								"up": {"uv": [0, 0], "uv_size": [2, 7.25]}
							}
						},
						{
							"origin": [-1, 11.5, 4.5],
							"size": [2, 0.5, 0.25],
							"uv": {
								"north": {"uv": [27, 4], "uv_size": [2, 0.5]},
								"south": {"uv": [27, 6], "uv_size": [2, 0.5]},
								"up": {"uv": [30, 34], "uv_size": [2, 0.25]}
							}
						},
						{
							"origin": [-1, 11.75, -5.5],
							"size": [2, 0.25, 2.75],
							"uv": {
								"north": {"uv": [17, 34], "uv_size": [2, 0.25]},
								"up": {"uv": [9, 15], "uv_size": [2, 2.75]},
								"down": {"uv": [11, 17.75], "uv_size": [2, -2.75]}
							}
						},
						{
							"origin": [0.7224, 11.46845, 2.374],
							"size": [0.32438, 0.51563, 2.373],
							"pivot": [0.95829, 11.8059, -0.375],
							"rotation": [0, 0, -14.04],
							"uv": {
								"east": {"uv": [26, 23], "uv_size": [2.375, 0.5]},
								"south": {"uv": [16, 39], "uv_size": [0.3125, 0.5]},
								"west": {"uv": [26, 24], "uv_size": [2.375, 0.5]}
							}
						},
						{
							"origin": [0.65295, 11.88074, -5.499],
							"size": [0.11563, 0.57664, 9.749],
							"pivot": [0.81514, 12.07456, 3.5605],
							"rotation": [0, 0, -81.54],
							"uv": {
								"north": {"uv": [41, 27], "uv_size": [0.125, 0.5625]},
								"south": {"uv": [28, 41], "uv_size": [0.125, 0.5625]},
								"west": {"uv": [15, 7], "uv_size": [9.75, 0.5625]}
							}
						},
						{
							"origin": [0.74382, 11.45295, 2.2531],
							"size": [0.32438, 0.27878, 0.1209],
							"pivot": [0.90611, 11.71077, 2.3125],
							"rotation": [26.5651, 0, -14.04],
							"uv": {
								"north": {"uv": [41, 16], "uv_size": [0.3125, 0.25]},
								"east": {"uv": [43, 19], "uv_size": [0.125, 0.25]},
								"west": {"uv": [20, 43], "uv_size": [0.125, 0.25]},
								"down": {"uv": [12, 43.125], "uv_size": [0.3125, -0.125]}
							}
						},
						{
							"origin": [0.71362, 11.57365, 1.75443],
							"size": [0.32438, 0.27878, 0.1209],
							"pivot": [0.87603, 11.83147, 1.81383],
							"rotation": [26.5651, 0, -14.04],
							"uv": {
								"north": {"uv": [41, 18], "uv_size": [0.3125, 0.25]},
								"east": {"uv": [43, 21], "uv_size": [0.125, 0.25]},
								"west": {"uv": [22, 43], "uv_size": [0.125, 0.25]},
								"down": {"uv": [16, 43.125], "uv_size": [0.3125, -0.125]}
							}
						},
						{
							"origin": [0.80328, 11.46845, -5.499],
							"size": [0.2435, 0.51563, 4.128],
							"pivot": [0.95829, 11.8059, -0.375],
							"rotation": [0, 0, -14.04],
							"uv": {
								"north": {"uv": [40, 3], "uv_size": [0.25, 0.5]},
								"east": {"uv": [22, 2], "uv_size": [4.125, 0.5]},
								"south": {"uv": [4, 40], "uv_size": [0.25, 0.5]},
								"west": {"uv": [22, 3], "uv_size": [4.125, 0.5]}
							}
						},
						{
							"origin": [0.875, 11, -1.5],
							"size": [0.25, 0.25, 3],
							"uv": {
								"east": {"uv": [2, 30], "uv_size": [3, 0.25]},
								"south": {"uv": [38, 41], "uv_size": [0.25, 0.25]},
								"west": {"uv": [9, 30], "uv_size": [3, 0.25]},
								"up": {"uv": [0, 29], "uv_size": [0.25, 3]}
							}
						},
						{
							"origin": [0.875, 11, -1.5],
							"size": [0.25, 0.25, 3],
							"uv": {
								"east": {"uv": [2, 30], "uv_size": [3, 0.25]},
								"south": {"uv": [38, 41], "uv_size": [0.25, 0.25]},
								"west": {"uv": [9, 30], "uv_size": [3, 0.25]},
								"up": {"uv": [0, 29], "uv_size": [0.25, 3]}
							}
						},
						{
							"origin": [0.875, 11, 2],
							"size": [0.25, 0.25, 0.375],
							"uv": {
								"north": {"uv": [41, 38], "uv_size": [0.25, 0.25]},
								"east": {"uv": [40, 29], "uv_size": [0.375, 0.25]},
								"west": {"uv": [40, 30], "uv_size": [0.375, 0.25]},
								"up": {"uv": [31, 40], "uv_size": [0.25, 0.375]}
							}
						},
						{
							"origin": [0.875, 11, 1.5],
							"size": [0.25, 0.125, 0.5],
							"uv": {
								"west": {"uv": [39, 41], "uv_size": [0.5, 0.125]},
								"up": {"uv": [3, 40], "uv_size": [0.25, 0.5]}
							}
						},
						{
							"origin": [0.876, 11.00251, -1.57807],
							"size": [0.248, 0.5, 0.6],
							"pivot": [0.002, 11.25251, -1.47807],
							"rotation": [-45, 0, 0],
							"uv": {
								"east": {"uv": [28, 36], "uv_size": [0.625, 0.5]},
								"west": {"uv": [36, 28], "uv_size": [0.625, 0.5]},
								"up": {"uv": [15, 39], "uv_size": [0.25, 0.625]}
							}
						},
						{
							"origin": [-1.125, 10.125, 3.75],
							"size": [2.25, 0.375, 1],
							"uv": {
								"east": {"uv": [35, 32], "uv_size": [1, 0.375]},
								"south": {"uv": [28, 5], "uv_size": [2.25, 0.375]},
								"west": {"uv": [35, 33], "uv_size": [1, 0.375]}
							}
						},
						{
							"origin": [-1.126, 9.92678, 4.375],
							"size": [2.252, 0.25, 0.35355],
							"pivot": [-0.001, 10.05178, 4.5],
							"rotation": [45, 0, 0],
							"uv": {
								"east": {"uv": [40, 27], "uv_size": [0.375, 0.25]},
								"west": {"uv": [40, 28], "uv_size": [0.375, 0.25]},
								"down": {"uv": [28, 8.375], "uv_size": [2.25, -0.375]}
							}
						},
						{
							"origin": [-1.125, 9.875, 3.75],
							"size": [2.25, 0.25, 0.75],
							"uv": {
								"east": {"uv": [38, 37], "uv_size": [0.75, 0.25]},
								"west": {"uv": [38, 38], "uv_size": [0.75, 0.25]},
								"down": {"uv": [21, 24.75], "uv_size": [2.25, -0.75]}
							}
						},
						{
							"origin": [-0.75, 7.75, -5.5],
							"size": [1.5, 1.75, 0.75],
							"uv": {
								"north": {"uv": [14, 19], "uv_size": [1.5, 1.75]}
							}
						},
						{
							"origin": [-0.75, 7.75, -4.75],
							"size": [1.5, 1.5, 4],
							"uv": {
								"up": {"uv": [3, 13], "uv_size": [1.5, 4]}
							}
						},
						{
							"origin": [0.75, 9, -5.5],
							"size": [0.5, 0.5, 4.75],
							"uv": {
								"north": {"uv": [20, 37], "uv_size": [0.5, 0.5]},
								"south": {"uv": [37, 20], "uv_size": [0.5, 0.5]},
								"west": {"uv": [20, 12], "uv_size": [4.75, 0.5]},
								"up": {"uv": [19, 20], "uv_size": [0.5, 4.75]},
								"down": {"uv": [20, 24.75], "uv_size": [0.5, -4.75]}
							}
						},
						{
							"origin": [-1.25, 9, -5.5],
							"size": [0.5, 0.5, 4.75],
							"uv": {
								"north": {"uv": [19, 37], "uv_size": [0.5, 0.5]},
								"east": {"uv": [20, 11], "uv_size": [4.75, 0.5]},
								"south": {"uv": [37, 19], "uv_size": [0.5, 0.5]},
								"up": {"uv": [2, 20], "uv_size": [0.5, 4.75]},
								"down": {"uv": [3, 24.75], "uv_size": [0.5, -4.75]}
							}
						},
						{
							"origin": [-1.126, 9.96339, 2.78661],
							"size": [2.252, 0.5, 1.10355],
							"pivot": [-0.001, 10.08839, 3.71339],
							"rotation": [-45, 0, 0],
							"uv": {
								"east": {"uv": [33, 22], "uv_size": [1.125, 0.5]},
								"west": {"uv": [33, 23], "uv_size": [1.125, 0.5]},
								"down": {"uv": [16, 20.125], "uv_size": [2.25, -1.125]}
							}
						},
						{
							"origin": [-1.123, 9.92678, 2.375],
							"size": [2.246, 0.5, 1.10355],
							"pivot": [-0.001, 10.05178, 2.5],
							"rotation": [45, 0, 0],
							"uv": {
								"east": {"uv": [33, 24], "uv_size": [1.125, 0.5]},
								"west": {"uv": [25, 33], "uv_size": [1.125, 0.5]},
								"down": {"uv": [19, 17.125], "uv_size": [2.25, -1.125]}
							}
						},
						{
							"origin": [-1.04678, 11.46845, 2.374],
							"size": [0.32438, 0.51563, 2.373],
							"pivot": [-0.95829, 11.8059, -0.375],
							"rotation": [0, 0, 14.04],
							"uv": {
								"east": {"uv": [25, 26], "uv_size": [2.375, 0.5]},
								"south": {"uv": [17, 39], "uv_size": [0.3125, 0.5]},
								"west": {"uv": [26, 25], "uv_size": [2.375, 0.5]}
							}
						},
						{
							"origin": [-1.125, 11, 1.5],
							"size": [0.25, 0.125, 0.5],
							"uv": {
								"east": {"uv": [41, 37], "uv_size": [0.5, 0.125]},
								"up": {"uv": [40, 2], "uv_size": [0.25, 0.5]}
							}
						},
						{
							"origin": [0.7224, 11.71845, -1.374],
							"size": [0.32438, 0.26563, 3.748],
							"pivot": [0.95829, 11.8059, -0.375],
							"rotation": [0, 0, -14.04],
							"uv": {
								"east": {"uv": [27, 7], "uv_size": [3.75, 0.25]},
								"west": {"uv": [11, 27], "uv_size": [3.75, 0.25]},
								"down": {"uv": [15, 29.75], "uv_size": [0.3125, -3.75]}
							}
						},
						{
							"origin": [0.7224, 11.5935, 1.876],
							"size": [0.32438, 0.12495, 0.498],
							"pivot": [0.95829, 11.8059, -0.375],
							"rotation": [0, 0, -14.04],
							"uv": {
								"north": {"uv": [43, 14], "uv_size": [0.3125, 0.125]},
								"east": {"uv": [41, 41], "uv_size": [0.5, 0.125]},
								"west": {"uv": [0, 42], "uv_size": [0.5, 0.125]},
								"down": {"uv": [19, 39.5], "uv_size": [0.3125, -0.5]}
							}
						},
						{
							"origin": [-1.04678, 11.46845, -5.499],
							"size": [0.2435, 0.51563, 4.128],
							"pivot": [-0.95829, 11.8059, -0.375],
							"rotation": [0, 0, 14.04],
							"uv": {
								"north": {"uv": [40, 4], "uv_size": [0.25, 0.5]},
								"east": {"uv": [22, 4], "uv_size": [4.125, 0.5]},
								"south": {"uv": [5, 40], "uv_size": [0.25, 0.5]},
								"west": {"uv": [5, 22], "uv_size": [4.125, 0.5]}
							}
						},
						{
							"origin": [-1.038, 11.57365, 1.75443],
							"size": [0.32438, 0.27878, 0.1209],
							"pivot": [-0.87603, 11.83147, 1.81383],
							"rotation": [26.5651, 0, 14.04],
							"uv": {
								"north": {"uv": [41, 17], "uv_size": [0.3125, 0.25]},
								"east": {"uv": [43, 20], "uv_size": [0.125, 0.25]},
								"west": {"uv": [21, 43], "uv_size": [0.125, 0.25]},
								"down": {"uv": [13, 43.125], "uv_size": [0.3125, -0.125]}
							}
						},
						{
							"origin": [-1.04678, 11.5935, 1.876],
							"size": [0.32438, 0.12495, 0.498],
							"pivot": [-0.95829, 11.8059, -0.375],
							"rotation": [0, 0, 14.04],
							"uv": {
								"north": {"uv": [43, 13], "uv_size": [0.3125, 0.125]},
								"east": {"uv": [41, 39], "uv_size": [0.5, 0.125]},
								"west": {"uv": [40, 41], "uv_size": [0.5, 0.125]},
								"down": {"uv": [18, 39.5], "uv_size": [0.3125, -0.5]}
							}
						},
						{
							"origin": [-1.124, 10.5, 2.375],
							"size": [0.25, 1, 2.375],
							"uv": {
								"north": {"uv": [37, 33], "uv_size": [0.25, 1]},
								"east": {"uv": [10, 8], "uv_size": [2.375, 1]},
								"south": {"uv": [34, 37], "uv_size": [0.25, 1]}
							}
						},
						{
							"origin": [-1.125, 11, 2],
							"size": [0.25, 0.25, 0.375],
							"uv": {
								"north": {"uv": [41, 40], "uv_size": [0.25, 0.25]},
								"east": {"uv": [40, 31], "uv_size": [0.375, 0.25]},
								"west": {"uv": [32, 40], "uv_size": [0.375, 0.25]},
								"up": {"uv": [40, 32], "uv_size": [0.25, 0.375]}
							}
						},
						{
							"origin": [-1.04678, 11.71845, -1.374],
							"size": [0.32438, 0.26563, 3.748],
							"pivot": [-0.95829, 11.8059, -0.375],
							"rotation": [0, 0, 14.04],
							"uv": {
								"east": {"uv": [27, 11], "uv_size": [3.75, 0.25]},
								"west": {"uv": [27, 12], "uv_size": [3.75, 0.25]},
								"down": {"uv": [1, 30.75], "uv_size": [0.3125, -3.75]}
							}
						},
						{
							"origin": [-1.0682, 11.45295, 2.2531],
							"size": [0.32438, 0.27878, 0.1209],
							"pivot": [-0.90611, 11.71077, 2.3125],
							"rotation": [26.5651, 0, 14.04],
							"uv": {
								"north": {"uv": [41, 19], "uv_size": [0.3125, 0.25]},
								"east": {"uv": [43, 22], "uv_size": [0.125, 0.25]},
								"west": {"uv": [23, 43], "uv_size": [0.125, 0.25]}
							}
						},
						{
							"origin": [-1.124, 11.00251, -1.57807],
							"size": [0.248, 0.5, 0.6],
							"pivot": [-0.002, 11.25251, -1.47807],
							"rotation": [-45, 0, 0],
							"uv": {
								"east": {"uv": [29, 36], "uv_size": [0.625, 0.5]},
								"west": {"uv": [36, 29], "uv_size": [0.625, 0.5]},
								"up": {"uv": [39, 19], "uv_size": [0.25, 0.625]}
							}
						},
						{
							"origin": [-1.125, 9.25, -1.5],
							"size": [2.25, 1.75, 4],
							"uv": {
								"east": {"uv": [11, 4], "uv_size": [4, 1.75]},
								"south": {"uv": [18, 9], "uv_size": [2.25, 1.75]},
								"west": {"uv": [12, 11], "uv_size": [4, 1.75]},
								"up": {"uv": [4, 0], "uv_size": [2.25, 4]},
								"down": {"uv": [4, 8], "uv_size": [2.25, -4]}
							}
						},
						{
							"origin": [-1.125, 11, -1.5],
							"size": [0.25, 0.25, 3],
							"uv": {
								"east": {"uv": [12, 30], "uv_size": [3, 0.25]},
								"south": {"uv": [42, 0], "uv_size": [0.25, 0.25]},
								"west": {"uv": [21, 30], "uv_size": [3, 0.25]},
								"up": {"uv": [16, 29], "uv_size": [0.25, 3]}
							}
						},
						{
							"origin": [0.874, 10.5, 2.375],
							"size": [0.25, 1, 2.375],
							"uv": {
								"north": {"uv": [38, 3], "uv_size": [0.25, 1]},
								"south": {"uv": [4, 38], "uv_size": [0.25, 1]},
								"west": {"uv": [7, 21], "uv_size": [2.375, 1]}
							}
						},
						{
							"origin": [-0.76858, 11.88074, -5.499],
							"size": [0.11563, 0.57664, 9.749],
							"pivot": [-0.81514, 12.07456, 3.5605],
							"rotation": [0, 0, 81.54],
							"uv": {
								"north": {"uv": [41, 28], "uv_size": [0.125, 0.5625]},
								"east": {"uv": [13, 15], "uv_size": [9.75, 0.5625]},
								"south": {"uv": [29, 41], "uv_size": [0.125, 0.5625]}
							}
						},
						{
							"origin": [0.875, 9.5, -5.5],
							"size": [0.251, 2, 4.125],
							"uv": {
								"north": {"uv": [33, 34], "uv_size": [0.25, 2]},
								"east": {"uv": [3, 9], "uv_size": [4.125, 2]},
								"west": {"uv": [8, 9], "uv_size": [4.125, 2]}
							}
						},
						{
							"origin": [-1.126, 9.5, -5.5],
							"size": [0.251, 2, 4.125],
							"uv": {
								"north": {"uv": [0, 35], "uv_size": [0.25, 2]},
								"east": {"uv": [10, 6], "uv_size": [4.125, 2]},
								"west": {"uv": [0, 11], "uv_size": [4.125, 2]}
							}
						}
					]
				},
				{
					"name": "bone",
					"parent": "upper",
					"pivot": [0, 0, 0],
					"cubes": [
						{
							"origin": [0.25, 8.25, -5.625],
							"size": [0.25, 3.75, 0.375],
							"uv": {
								"north": {"uv": [19, 27], "uv_size": [0.25, 3.75]},
								"west": {"uv": [23, 25], "uv_size": [0.375, 3.75]}
							}
						},
						{
							"origin": [-0.25, 8, -5.625],
							"size": [0.5, 4.25, 0.375],
							"uv": {
								"north": {"uv": [1, 22], "uv_size": [0.5, 4.25]},
								"up": {"uv": [12, 39], "uv_size": [0.5, 0.375]},
								"down": {"uv": [39, 12.375], "uv_size": [0.5, -0.375]}
							}
						},
						{
							"origin": [-0.5, 8.25, -5.625],
							"size": [0.25, 3.75, 0.375],
							"uv": {
								"north": {"uv": [17, 27], "uv_size": [0.25, 3.75]},
								"east": {"uv": [0, 25], "uv_size": [0.375, 3.75]}
							}
						},
						{
							"origin": [-0.3125, 11.375, -6],
							"size": [0.625, 0.625, 0.75],
							"pivot": [0, 11.6875, -5.875],
							"rotation": [0, 0, 45],
							"uv": {
								"north": {"uv": [29, 35], "uv_size": [0.625, 0.625]},
								"east": {"uv": [35, 15], "uv_size": [0.75, 0.625]},
								"west": {"uv": [16, 35], "uv_size": [0.75, 0.625]},
								"up": {"uv": [35, 16], "uv_size": [0.625, 0.75]},
								"down": {"uv": [17, 35.75], "uv_size": [0.625, -0.75]}
							}
						},
						{
							"origin": [-0.3125, 8.125, -6.25],
							"size": [0.625, 0.625, 0.75],
							"pivot": [0, 8.4375, -5.875],
							"rotation": [0, 0, -45],
							"uv": {
								"north": {"uv": [35, 29], "uv_size": [0.625, 0.625]},
								"east": {"uv": [35, 17], "uv_size": [0.75, 0.625]},
								"west": {"uv": [18, 35], "uv_size": [0.75, 0.625]},
								"up": {"uv": [35, 18], "uv_size": [0.625, 0.75]},
								"down": {"uv": [19, 35.75], "uv_size": [0.625, -0.75]}
							}
						},
						{
							"origin": [-0.0625, 11.87944, -5.625],
							"size": [0.35355, 0.35355, 0.25],
							"pivot": [0.25, 12.19194, -5.75],
							"rotation": [0, 0, -45],
							"uv": {
								"north": {"uv": [37, 39], "uv_size": [0.375, 0.375]},
								"west": {"uv": [41, 3], "uv_size": [0.25, 0.375]}
							}
						},
						{
							"origin": [-0.0625, 8.12944, -5.625],
							"size": [0.35355, 0.625, 0.25],
							"pivot": [0.25, 8.44194, -5.75],
							"rotation": [0, 0, -45],
							"uv": {
								"north": {"uv": [38, 17], "uv_size": [0.375, 0.625]},
								"down": {"uv": [41, 7.25], "uv_size": [0.375, -0.25]}
							}
						},
						{
							"origin": [-0.29105, 11.87944, -5.625],
							"size": [0.35355, 0.35355, 0.25],
							"pivot": [-0.25, 12.19194, -5.75],
							"rotation": [0, 0, 45],
							"uv": {
								"north": {"uv": [39, 37], "uv_size": [0.375, 0.375]},
								"east": {"uv": [5, 41], "uv_size": [0.25, 0.375]}
							}
						},
						{
							"origin": [-0.29105, 8.12944, -5.625],
							"size": [0.35355, 0.625, 0.25],
							"pivot": [-0.25, 8.44194, -5.75],
							"rotation": [0, 0, 45],
							"uv": {
								"north": {"uv": [18, 38], "uv_size": [0.375, 0.625]},
								"down": {"uv": [41, 8.25], "uv_size": [0.375, -0.25]}
							}
						}
					]
				},
				{
					"name": "receiver",
					"parent": "lefthand_and_gun",
					"pivot": [0, 0, 0],
					"cubes": [
						{
							"origin": [0.875, 9.5, 2.75],
							"size": [0.25, 0.75, 0.75],
							"pivot": [0, 9.875, 3.125],
							"rotation": [45, 0, 0],
							"uv": {
								"north": {"uv": [0, 39], "uv_size": [0.25, 0.75]},
								"south": {"uv": [39, 0], "uv_size": [0.25, 0.75]},
								"west": {"uv": [33, 21], "uv_size": [0.75, 0.75]},
								"up": {"uv": [39, 1], "uv_size": [0.25, 0.75]},
								"down": {"uv": [2, 39.75], "uv_size": [0.25, -0.75]}
							}
						},
						{
							"origin": [0.875, 9, 4.5],
							"size": [0.25, 1, 1],
							"pivot": [0, 9.875, 5.125],
							"rotation": [45, 0, 0],
							"uv": {
								"north": {"uv": [37, 36], "uv_size": [0.25, 1]},
								"south": {"uv": [37, 37], "uv_size": [0.25, 1]},
								"west": {"uv": [2, 16], "uv_size": [1, 1]},
								"up": {"uv": [0, 38], "uv_size": [0.25, 1]},
								"down": {"uv": [38, 1], "uv_size": [0.25, -1]}
							}
						},
						{
							"origin": [-1, 6.75, 2.25],
							"size": [2, 2, 0.25],
							"uv": {
								"north": {"uv": [16, 13], "uv_size": [2, 2]},
								"east": {"uv": [25, 34], "uv_size": [0.25, 2]},
								"south": {"uv": [18, 0], "uv_size": [2, 2]},
								"west": {"uv": [26, 34], "uv_size": [0.25, 2]},
								"down": {"uv": [28, 34.25], "uv_size": [2, -0.25]}
							}
						},
						{
							"origin": [-1, 8.75, 1.75],
							"size": [2, 0.75, 0.75],
							"uv": {
								"east": {"uv": [33, 31], "uv_size": [0.75, 0.75]},
								"west": {"uv": [33, 32], "uv_size": [0.75, 0.75]}
							}
						},
						{
							"origin": [-1, 6.75, 1.75],
							"size": [2, 0.75, 0.5],
							"uv": {
								"east": {"uv": [34, 35], "uv_size": [0.5, 0.75]},
								"west": {"uv": [35, 34], "uv_size": [0.5, 0.75]},
								"up": {"uv": [27, 2], "uv_size": [2, 0.5]},
								"down": {"uv": [27, 3.5], "uv_size": [2, -0.5]}
							}
						},
						{
							"origin": [-1, 6.75, -0.75],
							"size": [2, 2.75, 2.5],
							"uv": {
								"north": {"uv": [5, 15], "uv_size": [2, 2.75]},
								"east": {"uv": [0, 13], "uv_size": [2.5, 2.75]},
								"south": {"uv": [7, 15], "uv_size": [2, 2.75]},
								"west": {"uv": [13, 8], "uv_size": [2.5, 2.75]}
							}
						},
						{
							"origin": [-1.125, 6.25, -0.875],
							"size": [2.25, 0.5, 3.5],
							"uv": {
								"north": {"uv": [27, 0], "uv_size": [2.25, 0.5]},
								"east": {"uv": [24, 1], "uv_size": [3.5, 0.5]},
								"south": {"uv": [2, 27], "uv_size": [2.25, 0.5]},
								"west": {"uv": [24, 9], "uv_size": [3.5, 0.5]},
								"up": {"uv": [11, 0], "uv_size": [2.25, 3.5]},
								"down": {"uv": [5, 14.5], "uv_size": [2.25, -3.5]}
							}
						},
						{
							"origin": [-1, 8.75, 2.5],
							"size": [2, 2.375, 3.75],
							"uv": {
								"north": {"uv": [6, 18], "uv_size": [2, 2.375]},
								"east": {"uv": [7, 0], "uv_size": [3.75, 2.375]},
								"south": {"uv": [8, 18], "uv_size": [2, 2.375]},
								"west": {"uv": [7, 3], "uv_size": [3.75, 2.375]},
								"up": {"uv": [8, 11], "uv_size": [2, 3.75]},
								"down": {"uv": [10, 14.75], "uv_size": [2, -3.75]}
							}
						},
						{
							"origin": [-0.75, 11.125, 2.5],
							"size": [1.5, 0.5, 3.5],
							"uv": {
								"south": {"uv": [27, 30], "uv_size": [1.5, 0.5]},
								"up": {"uv": [0, 16], "uv_size": [1.5, 3.5]}
							}
						},
						{
							"origin": [-0.75, 11.125, 6],
							"size": [0.25, 0.25, 0.25],
							"uv": {
								"east": {"uv": [42, 8], "uv_size": [0.25, 0.25]},
								"south": {"uv": [9, 42], "uv_size": [0.25, 0.25]},
								"west": {"uv": [42, 9], "uv_size": [0.25, 0.25]}
							}
						},
						{
							"origin": [-0.749, 11.25, 5.94822],
							"size": [0.248, 0.35355, 0.25],
							"pivot": [0, 11.375, 6.07322],
							"rotation": [45, 0, 0],
							"uv": {
								"east": {"uv": [34, 40], "uv_size": [0.25, 0.375]},
								"south": {"uv": [40, 34], "uv_size": [0.25, 0.375]},
								"west": {"uv": [35, 40], "uv_size": [0.25, 0.375]}
							}
						},
						{
							"origin": [0.65139, 11.0427, 2.5],
							"size": [0.25, 0.55902, 3.5],
							"pivot": [0.77639, 11.2927, 4.25],
							"rotation": [0, 0, -26.5651],
							"uv": {
								"south": {"uv": [36, 39], "uv_size": [0.25, 0.5625]},
								"west": {"uv": [22, 5], "uv_size": [3.5, 0.5625]}
							}
						},
						{
							"origin": [-0.75, 8.25, 2.5],
							"size": [0.5, 0.5, 3.75],
							"uv": {
								"north": {"uv": [38, 1], "uv_size": [0.5, 0.5]},
								"east": {"uv": [22, 16], "uv_size": [3.75, 0.5]},
								"south": {"uv": [38, 2], "uv_size": [0.5, 0.5]},
								"west": {"uv": [22, 17], "uv_size": [3.75, 0.5]},
								"down": {"uv": [18, 25.75], "uv_size": [0.5, -3.75]}
							}
						},
						{
							"origin": [0.625, 8.375, 5.125],
							"size": [0.25, 0.25, 0.25],
							"pivot": [0, 8.5, 5.25],
							"rotation": [-45, 0, 0],
							"uv": {
								"north": {"uv": [5, 42], "uv_size": [0.25, 0.25]},
								"south": {"uv": [42, 5], "uv_size": [0.25, 0.25]},
								"west": {"uv": [6, 42], "uv_size": [0.25, 0.25]},
								"up": {"uv": [42, 6], "uv_size": [0.25, 0.25]},
								"down": {"uv": [7, 42.25], "uv_size": [0.25, -0.25]}
							}
						},
						{
							"origin": [0.625, 8.27951, 2.499],
							"size": [0.25, 0.55902, 2.5001],
							"pivot": [0.75, 8.52951, 4.37405],
							"rotation": [0, 0, 26.5651],
							"uv": {
								"south": {"uv": [39, 32], "uv_size": [0.25, 0.5625]},
								"west": {"uv": [19, 25], "uv_size": [2.5, 0.5625]}
							}
						},
						{
							"origin": [0.625, 8.27951, 5.499],
							"size": [0.25, 0.55902, 0.7501],
							"pivot": [0.75, 8.52951, 4.37405],
							"rotation": [0, 0, 26.5651],
							"uv": {
								"north": {"uv": [34, 39], "uv_size": [0.25, 0.5625]},
								"south": {"uv": [39, 34], "uv_size": [0.25, 0.5625]},
								"west": {"uv": [35, 28], "uv_size": [0.75, 0.5625]},
								"down": {"uv": [39, 6.75], "uv_size": [0.25, -0.75]}
							}
						},
						{
							"origin": [-0.25, 7.25, 2.5],
							"size": [0.5, 0.125, 1.625],
							"uv": {
								"north": {"uv": [41, 33], "uv_size": [0.5, 0.125]},
								"east": {"uv": [38, 25], "uv_size": [1.625, 0.125]},
								"west": {"uv": [26, 38], "uv_size": [1.625, 0.125]},
								"up": {"uv": [4, 28], "uv_size": [0.5, 1.625]},
								"down": {"uv": [28, 10.625], "uv_size": [0.5, -1.625]}
							}
						},
						{
							"origin": [-0.875, 8.27951, 5.499],
							"size": [0.25, 0.55902, 0.7501],
							"pivot": [-0.75, 8.52951, 4.37405],
							"rotation": [0, 0, -26.5651],
							"uv": {
								"north": {"uv": [33, 39], "uv_size": [0.25, 0.5625]},
								"east": {"uv": [27, 35], "uv_size": [0.75, 0.5625]},
								"south": {"uv": [39, 33], "uv_size": [0.25, 0.5625]},
								"down": {"uv": [39, 5.75], "uv_size": [0.25, -0.75]}
							}
						},
						{
							"origin": [-0.875, 8.27951, 2.499],
							"size": [0.25, 0.55902, 2.5001],
							"pivot": [-0.75, 8.52951, 4.37405],
							"rotation": [0, 0, -26.5651],
							"uv": {
								"east": {"uv": [25, 19], "uv_size": [2.5, 0.5625]},
								"south": {"uv": [39, 35], "uv_size": [0.25, 0.5625]},
								"up": {"uv": [7, 32], "uv_size": [0.25, 2.5]},
								"down": {"uv": [32, 9.5], "uv_size": [0.25, -2.5]}
							}
						},
						{
							"origin": [-0.90139, 11.0427, 2.5],
							"size": [0.25, 0.55902, 3.5],
							"pivot": [-0.77639, 11.2927, 4.25],
							"rotation": [0, 0, 26.5651],
							"uv": {
								"east": {"uv": [22, 14], "uv_size": [3.5, 0.5625]},
								"south": {"uv": [39, 36], "uv_size": [0.25, 0.5625]}
							}
						},
						{
							"origin": [-1.125, 9, 4.5],
							"size": [0.25, 1, 1],
							"pivot": [0, 9.875, 5.125],
							"rotation": [45, 0, 0],
							"uv": {
								"north": {"uv": [38, 4], "uv_size": [0.25, 1]},
								"east": {"uv": [4, 17], "uv_size": [1, 1]},
								"south": {"uv": [5, 38], "uv_size": [0.25, 1]},
								"up": {"uv": [38, 5], "uv_size": [0.25, 1]},
								"down": {"uv": [6, 39], "uv_size": [0.25, -1]}
							}
						},
						{
							"origin": [-1.125, 9.5, 2.75],
							"size": [0.25, 0.75, 0.75],
							"pivot": [0, 9.875, 3.125],
							"rotation": [45, 0, 0],
							"uv": {
								"north": {"uv": [7, 39], "uv_size": [0.25, 0.75]},
								"east": {"uv": [33, 33], "uv_size": [0.75, 0.75]},
								"south": {"uv": [39, 7], "uv_size": [0.25, 0.75]},
								"up": {"uv": [8, 39], "uv_size": [0.25, 0.75]},
								"down": {"uv": [39, 8.75], "uv_size": [0.25, -0.75]}
							}
						},
						{
							"origin": [-0.875, 8.375, 5.125],
							"size": [0.25, 0.25, 0.25],
							"pivot": [0, 8.5, 5.25],
							"rotation": [-45, 0, 0],
							"uv": {
								"north": {"uv": [10, 42], "uv_size": [0.25, 0.25]},
								"east": {"uv": [42, 10], "uv_size": [0.25, 0.25]},
								"south": {"uv": [11, 42], "uv_size": [0.25, 0.25]},
								"up": {"uv": [42, 11], "uv_size": [0.25, 0.25]},
								"down": {"uv": [12, 42.25], "uv_size": [0.25, -0.25]}
							}
						},
						{
							"origin": [-0.25, 7.25, 4.125],
							"size": [0.5, 1, 1.375],
							"uv": {
								"north": {"uv": [34, 13], "uv_size": [0.5, 1]},
								"east": {"uv": [2, 26], "uv_size": [1.375, 1]},
								"south": {"uv": [34, 14], "uv_size": [0.5, 1]},
								"west": {"uv": [26, 5], "uv_size": [1.375, 1]},
								"up": {"uv": [3, 31], "uv_size": [0.5, 1.375]},
								"down": {"uv": [4, 32.375], "uv_size": [0.5, -1.375]}
							}
						},
						{
							"origin": [-0.25, 8.47578, 5.05919],
							"size": [0.5, 0.5, 1.125],
							"pivot": [0, 8.72578, 5.74669],
							"rotation": [32.5, 0, 0],
							"uv": {
								"east": {"uv": [0, 34], "uv_size": [1.125, 0.5]},
								"west": {"uv": [2, 34], "uv_size": [1.125, 0.5]},
								"down": {"uv": [4, 35.125], "uv_size": [0.5, -1.125]}
							}
						},
						{
							"origin": [-0.251, 7.25, 4.75],
							"size": [0.502, 1, 1.25],
							"pivot": [0, 6.75, 5.5],
							"rotation": [27.5, 0, 0],
							"uv": {
								"north": {"uv": [15, 34], "uv_size": [0.5, 1]},
								"east": {"uv": [26, 17], "uv_size": [1.25, 1]},
								"south": {"uv": [34, 15], "uv_size": [0.5, 1]},
								"west": {"uv": [20, 26], "uv_size": [1.25, 1]},
								"up": {"uv": [21, 31], "uv_size": [0.5, 1.25]},
								"down": {"uv": [31, 22.25], "uv_size": [0.5, -1.25]}
							}
						},
						{
							"origin": [-0.251, 5.25, 4.75],
							"size": [0.502, 2, 1.25],
							"pivot": [0, 6.75, 5.5],
							"rotation": [27.5, 0, 0],
							"uv": {
								"north": {"uv": [9, 27], "uv_size": [0.5, 2]},
								"east": {"uv": [19, 18], "uv_size": [1.25, 2]},
								"south": {"uv": [10, 27], "uv_size": [0.5, 2]},
								"west": {"uv": [0, 20], "uv_size": [1.25, 2]},
								"up": {"uv": [32, 10], "uv_size": [0.5, 1.25]},
								"down": {"uv": [32, 13.25], "uv_size": [0.5, -1.25]}
							}
						},
						{
							"origin": [-0.375, 6.62878, 4.8688],
							"size": [0.75, 0.25, 0.625],
							"pivot": [0, 6.12878, 5.11877],
							"rotation": [27.5, 0, 0],
							"uv": {
								"north": {"uv": [9, 39], "uv_size": [0.75, 0.25]},
								"east": {"uv": [20, 39], "uv_size": [0.625, 0.25]},
								"south": {"uv": [39, 9], "uv_size": [0.75, 0.25]},
								"west": {"uv": [39, 20], "uv_size": [0.625, 0.25]},
								"up": {"uv": [35, 0], "uv_size": [0.75, 0.625]},
								"down": {"uv": [35, 9.625], "uv_size": [0.75, -0.625]}
							}
						},
						{
							"origin": [-0.375, 6.00378, 4.8688],
							"size": [0.75, 0.25, 0.625],
							"pivot": [0, 6.12878, 5.11877],
							"rotation": [27.5, 0, 0],
							"uv": {
								"north": {"uv": [10, 39], "uv_size": [0.75, 0.25]},
								"east": {"uv": [21, 39], "uv_size": [0.625, 0.25]},
								"south": {"uv": [39, 10], "uv_size": [0.75, 0.25]},
								"west": {"uv": [39, 21], "uv_size": [0.625, 0.25]},
								"up": {"uv": [35, 13], "uv_size": [0.75, 0.625]},
								"down": {"uv": [14, 35.625], "uv_size": [0.75, -0.625]}
							}
						},
						{
							"origin": [-0.375, 5.37878, 4.8688],
							"size": [0.75, 0.25, 0.625],
							"pivot": [0, 6.12878, 5.11877],
							"rotation": [27.5, 0, 0],
							"uv": {
								"north": {"uv": [11, 39], "uv_size": [0.75, 0.25]},
								"east": {"uv": [22, 39], "uv_size": [0.625, 0.25]},
								"south": {"uv": [39, 11], "uv_size": [0.75, 0.25]},
								"west": {"uv": [39, 22], "uv_size": [0.625, 0.25]},
								"up": {"uv": [35, 14], "uv_size": [0.75, 0.625]},
								"down": {"uv": [15, 35.625], "uv_size": [0.75, -0.625]}
							}
						},
						{
							"origin": [-0.25, 5.24862, 5.28235],
							"size": [0.5, 0.25, 1.5],
							"pivot": [0, 5.24862, 6.15735],
							"rotation": [40, 0, 0],
							"uv": {
								"north": {"uv": [40, 6], "uv_size": [0.5, 0.25]},
								"east": {"uv": [36, 5], "uv_size": [1.5, 0.25]},
								"south": {"uv": [7, 40], "uv_size": [0.5, 0.25]},
								"west": {"uv": [36, 6], "uv_size": [1.5, 0.25]},
								"up": {"uv": [15, 30], "uv_size": [0.5, 1.5]},
								"down": {"uv": [24, 31.5], "uv_size": [0.5, -1.5]}
							}
						},
						{
							"origin": [-0.125, 4.99862, 5.53235],
							"size": [0.25, 0.25, 1.25],
							"pivot": [0, 5.24862, 6.15735],
							"rotation": [40, 0, 0],
							"uv": {
								"north": {"uv": [42, 12], "uv_size": [0.25, 0.25]},
								"east": {"uv": [30, 36], "uv_size": [1.25, 0.25]},
								"south": {"uv": [13, 42], "uv_size": [0.25, 0.25]},
								"west": {"uv": [36, 30], "uv_size": [1.25, 0.25]},
								"up": {"uv": [36, 31], "uv_size": [0.25, 1.25]},
								"down": {"uv": [32, 37.25], "uv_size": [0.25, -1.25]}
							}
						},
						{
							"origin": [-0.123, 5.47865, 6.57043],
							"size": [0.248, 0.25, 0.375],
							"pivot": [0, 5.60365, 6.69543],
							"rotation": [80, 0, 0],
							"uv": {
								"north": {"uv": [42, 13], "uv_size": [0.25, 0.25]},
								"east": {"uv": [40, 35], "uv_size": [0.375, 0.25]},
								"south": {"uv": [14, 42], "uv_size": [0.25, 0.25]},
								"west": {"uv": [36, 40], "uv_size": [0.375, 0.25]},
								"up": {"uv": [40, 36], "uv_size": [0.25, 0.375]},
								"down": {"uv": [37, 40.375], "uv_size": [0.25, -0.375]}
							}
						},
						{
							"origin": [-0.25, 4.84767, 5.35046],
							"size": [0.5, 0.25, 0.5],
							"pivot": [0, 4.97267, 5.47546],
							"rotation": [77.5, 0, 0],
							"uv": {
								"north": {"uv": [40, 7], "uv_size": [0.5, 0.25]},
								"east": {"uv": [8, 40], "uv_size": [0.5, 0.25]},
								"south": {"uv": [40, 8], "uv_size": [0.5, 0.25]},
								"west": {"uv": [9, 40], "uv_size": [0.5, 0.25]},
								"up": {"uv": [38, 6], "uv_size": [0.5, 0.5]},
								"down": {"uv": [7, 38.5], "uv_size": [0.5, -0.5]}
							}
						},
						{
							"origin": [-0.33254, 5.40234, 5.58486],
							"size": [0.125, 1.25, 0.75],
							"pivot": [-0.27004, 6.02734, 6.08486],
							"rotation": [35.41318, -8.17773, -5.77509],
							"uv": {
								"north": {"uv": [28, 39], "uv_size": [0.125, 1.25]},
								"east": {"uv": [21, 27], "uv_size": [0.75, 1.25]},
								"south": {"uv": [39, 28], "uv_size": [0.125, 1.25]},
								"up": {"uv": [9, 41], "uv_size": [0.125, 0.75]},
								"down": {"uv": [41, 9.75], "uv_size": [0.125, -0.75]}
							}
						},
						{
							"origin": [-0.375, 5.73757, 5.66273],
							"size": [0.75, 1.25, 0.5],
							"pivot": [0, 7.23757, 6.28773],
							"rotation": [35, 0, 0],
							"uv": {
								"north": {"uv": [2, 28], "uv_size": [0.75, 1.25]},
								"east": {"uv": [32, 14], "uv_size": [0.5, 1.25]},
								"south": {"uv": [3, 28], "uv_size": [0.75, 1.25]},
								"west": {"uv": [15, 32], "uv_size": [0.5, 1.25]},
								"up": {"uv": [36, 12], "uv_size": [0.75, 0.5]},
								"down": {"uv": [36, 13.5], "uv_size": [0.75, -0.5]}
							}
						},
						{
							"origin": [-0.375, 6.96245, 5.58149],
							"size": [0.75, 1, 0.5],
							"pivot": [0, 7.21245, 6.20649],
							"rotation": [52.5, 0, 0],
							"uv": {
								"north": {"uv": [14, 28], "uv_size": [0.75, 1]},
								"east": {"uv": [32, 34], "uv_size": [0.5, 1]},
								"south": {"uv": [24, 28], "uv_size": [0.75, 1]},
								"west": {"uv": [34, 32], "uv_size": [0.5, 1]},
								"up": {"uv": [36, 2], "uv_size": [0.75, 0.5]},
								"down": {"uv": [36, 3.5], "uv_size": [0.75, -0.5]}
							}
						},
						{
							"origin": [-0.47783, 6.96245, 4.83149],
							"size": [0.35283, 1, 0.82461],
							"pivot": [0, 7.21245, 6.20649],
							"rotation": [52.92277, -6.06809, -7.96341],
							"uv": {
								"west": {"uv": [11, 28], "uv_size": [0.8125, 1]},
								"up": {"uv": [34, 36], "uv_size": [0.375, 0.8125]}
							}
						},
						{
							"origin": [0.125, 6.96245, 4.83149],
							"size": [0.35283, 1, 0.82461],
							"pivot": [0, 7.21245, 6.20649],
							"rotation": [52.92277, 6.06809, 7.96341],
							"uv": {
								"east": {"uv": [12, 28], "uv_size": [0.8125, 1]},
								"west": {"uv": [13, 28], "uv_size": [0.8125, 1]},
								"up": {"uv": [36, 35], "uv_size": [0.375, 0.8125]}
							}
						},
						{
							"origin": [0.20754, 5.40234, 5.58486],
							"size": [0.125, 1.25, 0.75],
							"pivot": [0.27004, 6.02734, 6.08486],
							"rotation": [35.41318, 8.17773, 5.77509],
							"uv": {
								"north": {"uv": [29, 39], "uv_size": [0.125, 1.25]},
								"south": {"uv": [30, 39], "uv_size": [0.125, 1.25]},
								"west": {"uv": [27, 27], "uv_size": [0.75, 1.25]},
								"up": {"uv": [10, 41], "uv_size": [0.125, 0.75]},
								"down": {"uv": [41, 10.75], "uv_size": [0.125, -0.75]}
							}
						},
						{
							"origin": [0.501, 11.25, 5.94822],
							"size": [0.248, 0.35355, 0.25],
							"pivot": [0, 11.375, 6.07322],
							"rotation": [45, 0, 0],
							"uv": {
								"east": {"uv": [11, 41], "uv_size": [0.25, 0.375]},
								"south": {"uv": [41, 11], "uv_size": [0.25, 0.375]},
								"west": {"uv": [12, 41], "uv_size": [0.25, 0.375]}
							}
						},
						{
							"origin": [0.5, 11.125, 6],
							"size": [0.25, 0.25, 0.25],
							"uv": {
								"east": {"uv": [42, 18], "uv_size": [0.25, 0.25]},
								"south": {"uv": [19, 42], "uv_size": [0.25, 0.25]},
								"west": {"uv": [42, 19], "uv_size": [0.25, 0.25]}
							}
						},
						{
							"origin": [0.25, 8.25, 2.5],
							"size": [0.5, 0.5, 3.75],
							"uv": {
								"north": {"uv": [38, 11], "uv_size": [0.5, 0.5]},
								"east": {"uv": [21, 22], "uv_size": [3.75, 0.5]},
								"south": {"uv": [12, 38], "uv_size": [0.5, 0.5]},
								"west": {"uv": [22, 21], "uv_size": [3.75, 0.5]},
								"down": {"uv": [6, 26.75], "uv_size": [0.5, -3.75]}
							}
						}
					]
				},
				{
					"name": "block",
					"parent": "receiver",
					"pivot": [0, -0.5, 0],
					"cubes": [
						{
							"origin": [-1.25, 7.5, 1.75],
							"size": [2.5, 0.75, 0.5],
							"uv": {
								"north": {"uv": [22, 19], "uv_size": [2.5, 0.75]},
								"east": {"uv": [35, 35], "uv_size": [0.5, 0.75]},
								"south": {"uv": [22, 20], "uv_size": [2.5, 0.75]},
								"west": {"uv": [36, 0], "uv_size": [0.5, 0.75]},
								"up": {"uv": [26, 21], "uv_size": [2.5, 0.5]},
								"down": {"uv": [26, 22.5], "uv_size": [2.5, -0.5]}
							}
						}
					]
				},
				{
					"name": "bone2",
					"parent": "receiver",
					"pivot": [0, 0, 3],
					"cubes": [
						{
							"origin": [-0.499, 10.75, 6.19822],
							"size": [0.375, 0.85355, 0.25],
							"pivot": [0.25, 10.875, 6.32322],
							"rotation": [45, 0, 0],
							"uv": {
								"east": {"uv": [38, 20], "uv_size": [0.25, 0.875]},
								"south": {"uv": [27, 36], "uv_size": [0.375, 0.875]},
								"west": {"uv": [21, 38], "uv_size": [0.25, 0.875]}
							}
						},
						{
							"origin": [0.124, 10.75, 6.19822],
							"size": [0.375, 0.85355, 0.25],
							"pivot": [-0.25, 10.875, 6.32322],
							"rotation": [45, 0, 0],
							"uv": {
								"east": {"uv": [38, 21], "uv_size": [0.25, 0.875]},
								"south": {"uv": [36, 27], "uv_size": [0.375, 0.875]},
								"west": {"uv": [22, 38], "uv_size": [0.25, 0.875]}
							}
						},
						{
							"origin": [-0.125, 11, 6.19822],
							"size": [0.25, 0.60355, 0.25],
							"pivot": [-0.25, 10.875, 6.32322],
							"rotation": [45, 0, 0],
							"uv": {
								"east": {"uv": [39, 30], "uv_size": [0.25, 0.625]},
								"south": {"uv": [31, 39], "uv_size": [0.25, 0.625]},
								"west": {"uv": [39, 31], "uv_size": [0.25, 0.625]},
								"down": {"uv": [20, 42.25], "uv_size": [0.25, -0.25]}
							}
						},
						{
							"origin": [-0.5, 10.625, 6.25],
							"size": [0.375, 0.25, 0.25],
							"uv": {
								"east": {"uv": [42, 20], "uv_size": [0.25, 0.25]},
								"south": {"uv": [41, 14], "uv_size": [0.375, 0.25]},
								"west": {"uv": [21, 42], "uv_size": [0.25, 0.25]},
								"down": {"uv": [15, 41.25], "uv_size": [0.375, -0.25]}
							}
						},
						{
							"origin": [-0.125, 9.375, 6.25],
							"size": [0.25, 1.75, 0.125],
							"uv": {
								"east": {"uv": [38, 22], "uv_size": [0.125, 1.75]},
								"south": {"uv": [35, 25], "uv_size": [0.25, 1.75]},
								"west": {"uv": [23, 38], "uv_size": [0.125, 1.75]},
								"up": {"uv": [33, 43], "uv_size": [0.25, 0.125]},
								"down": {"uv": [43, 33.125], "uv_size": [0.25, -0.125]}
							}
						},
						{
							"origin": [-0.125, 10.25, 6.25],
							"size": [0.25, 0.25, 0.25],
							"uv": {
								"east": {"uv": [22, 42], "uv_size": [0.25, 0.25]},
								"south": {"uv": [42, 22], "uv_size": [0.25, 0.25]},
								"west": {"uv": [23, 42], "uv_size": [0.25, 0.25]},
								"up": {"uv": [42, 23], "uv_size": [0.25, 0.25]},
								"down": {"uv": [24, 42.25], "uv_size": [0.25, -0.25]}
							}
						},
						{
							"origin": [-0.125, 10.5, 6.375],
							"size": [0.25, 0.125, 0.125],
							"uv": {
								"east": {"uv": [1, 44], "uv_size": [0.125, 0.125]},
								"south": {"uv": [43, 37], "uv_size": [0.25, 0.125]},
								"west": {"uv": [44, 1], "uv_size": [0.125, 0.125]},
								"up": {"uv": [38, 43], "uv_size": [0.25, 0.125]},
								"down": {"uv": [43, 38.125], "uv_size": [0.25, -0.125]}
							}
						},
						{
							"origin": [-0.125, 10.125, 6.375],
							"size": [0.25, 0.125, 0.125],
							"uv": {
								"east": {"uv": [2, 44], "uv_size": [0.125, 0.125]},
								"south": {"uv": [39, 43], "uv_size": [0.25, 0.125]},
								"west": {"uv": [44, 2], "uv_size": [0.125, 0.125]},
								"up": {"uv": [43, 39], "uv_size": [0.25, 0.125]},
								"down": {"uv": [40, 43.125], "uv_size": [0.25, -0.125]}
							}
						},
						{
							"origin": [-0.25, 10.25, 6.25],
							"size": [0.125, 0.25, 0.25],
							"uv": {
								"east": {"uv": [25, 42], "uv_size": [0.25, 0.25]},
								"south": {"uv": [43, 34], "uv_size": [0.125, 0.25]},
								"west": {"uv": [42, 25], "uv_size": [0.25, 0.25]},
								"up": {"uv": [35, 43], "uv_size": [0.125, 0.25]},
								"down": {"uv": [43, 35.25], "uv_size": [0.125, -0.25]}
							}
						},
						{
							"origin": [-0.5, 10.125, 6.25],
							"size": [0.125, 0.5, 0.25],
							"uv": {
								"east": {"uv": [12, 40], "uv_size": [0.25, 0.5]},
								"south": {"uv": [42, 21], "uv_size": [0.125, 0.5]},
								"west": {"uv": [40, 12], "uv_size": [0.25, 0.5]},
								"down": {"uv": [43, 32.25], "uv_size": [0.125, -0.25]}
							}
						},
						{
							"origin": [-0.5, 9.375, 6.25],
							"size": [0.375, 0.75, 0.25],
							"uv": {
								"east": {"uv": [13, 39], "uv_size": [0.25, 0.75]},
								"south": {"uv": [4, 37], "uv_size": [0.375, 0.75]},
								"west": {"uv": [39, 13], "uv_size": [0.25, 0.75]},
								"up": {"uv": [41, 12], "uv_size": [0.375, 0.25]},
								"down": {"uv": [13, 41.25], "uv_size": [0.375, -0.25]}
							}
						},
						{
							"origin": [-0.5, 9.25, 6.25],
							"size": [1, 0.125, 0.25],
							"uv": {
								"east": {"uv": [43, 31], "uv_size": [0.25, 0.125]},
								"south": {"uv": [40, 11], "uv_size": [1, 0.125]},
								"west": {"uv": [32, 43], "uv_size": [0.25, 0.125]},
								"up": {"uv": [8, 38], "uv_size": [1, 0.25]},
								"down": {"uv": [9, 38.25], "uv_size": [1, -0.25]}
							}
						},
						{
							"origin": [0.125, 9.375, 6.25],
							"size": [0.375, 0.75, 0.25],
							"uv": {
								"east": {"uv": [14, 39], "uv_size": [0.25, 0.75]},
								"south": {"uv": [37, 4], "uv_size": [0.375, 0.75]},
								"west": {"uv": [39, 14], "uv_size": [0.25, 0.75]},
								"up": {"uv": [41, 13], "uv_size": [0.375, 0.25]},
								"down": {"uv": [14, 41.25], "uv_size": [0.375, -0.25]}
							}
						},
						{
							"origin": [0.375, 10.125, 6.25],
							"size": [0.125, 0.5, 0.25],
							"uv": {
								"east": {"uv": [13, 40], "uv_size": [0.25, 0.5]},
								"south": {"uv": [42, 24], "uv_size": [0.125, 0.5]},
								"west": {"uv": [40, 13], "uv_size": [0.25, 0.5]},
								"down": {"uv": [34, 43.25], "uv_size": [0.125, -0.25]}
							}
						},
						{
							"origin": [0.125, 10.625, 6.25],
							"size": [0.375, 0.25, 0.25],
							"uv": {
								"east": {"uv": [42, 7], "uv_size": [0.25, 0.25]},
								"south": {"uv": [33, 40], "uv_size": [0.375, 0.25]},
								"west": {"uv": [8, 42], "uv_size": [0.25, 0.25]},
								"down": {"uv": [40, 33.25], "uv_size": [0.375, -0.25]}
							}
						},
						{
							"origin": [0.125, 10.25, 6.25],
							"size": [0.125, 0.25, 0.25],
							"uv": {
								"south": {"uv": [36, 43], "uv_size": [0.125, 0.25]},
								"west": {"uv": [42, 26], "uv_size": [0.25, 0.25]},
								"up": {"uv": [43, 36], "uv_size": [0.125, 0.25]},
								"down": {"uv": [37, 43.25], "uv_size": [0.125, -0.25]}
							}
						}
					]
				},
				{
					"name": "triger",
					"parent": "receiver",
					"pivot": [0, 0, 3],
					"cubes": [
						{
							"origin": [-0.125, 7.375, 3.75],
							"size": [0.25, 0.875, 0.5],
							"uv": {
								"north": {"uv": [38, 19], "uv_size": [0.25, 0.875]},
								"east": {"uv": [24, 35], "uv_size": [0.5, 0.875]},
								"south": {"uv": [20, 38], "uv_size": [0.25, 0.875]},
								"west": {"uv": [35, 24], "uv_size": [0.5, 0.875]},
								"up": {"uv": [40, 9], "uv_size": [0.25, 0.5]},
								"down": {"uv": [10, 40.5], "uv_size": [0.25, -0.5]}
							}
						},
						{
							"origin": [-0.125, 7.32094, 3.68159],
							"size": [0.25, 0.375, 0.125],
							"pivot": [0.125, 7.50844, 3.80659],
							"rotation": [-20, 0, 0],
							"uv": {
								"north": {"uv": [40, 37], "uv_size": [0.25, 0.375]},
								"east": {"uv": [39, 42], "uv_size": [0.125, 0.375]},
								"south": {"uv": [38, 40], "uv_size": [0.25, 0.375]},
								"west": {"uv": [42, 39], "uv_size": [0.125, 0.375]},
								"up": {"uv": [43, 23], "uv_size": [0.25, 0.125]},
								"down": {"uv": [24, 43.125], "uv_size": [0.25, -0.125]}
							}
						},
						{
							"origin": [-0.125, 7.90644, 3.67833],
							"size": [0.25, 0.5, 0.125],
							"pivot": [0.125, 8.09394, 3.80333],
							"rotation": [20, 0, 0],
							"uv": {
								"north": {"uv": [40, 10], "uv_size": [0.25, 0.5]},
								"east": {"uv": [42, 14], "uv_size": [0.125, 0.5]},
								"south": {"uv": [11, 40], "uv_size": [0.25, 0.5]},
								"west": {"uv": [15, 42], "uv_size": [0.125, 0.5]},
								"up": {"uv": [43, 24], "uv_size": [0.25, 0.125]},
								"down": {"uv": [25, 43.125], "uv_size": [0.25, -0.125]}
							}
						}
					]
				},
				{
					"name": "bolt",
					"parent": "lefthand_and_gun",
					"pivot": [0, 0, 0],
					"cubes": [
						{
							"origin": [1.24275, 11.25754, -1.125],
							"size": [0.25, 0.5, 0.25],
							"pivot": [1.04275, 11.38254, 0.25],
							"rotation": [0, 0, -20],
							"uv": {
								"north": {"uv": [40, 0], "uv_size": [0.25, 0.5]},
								"east": {"uv": [1, 40], "uv_size": [0.25, 0.5]},
								"south": {"uv": [40, 1], "uv_size": [0.25, 0.5]},
								"west": {"uv": [2, 40], "uv_size": [0.25, 0.5]},
								"up": {"uv": [41, 36], "uv_size": [0.25, 0.25]},
								"down": {"uv": [37, 41.25], "uv_size": [0.25, -0.25]}
							}
						},
						{
							"origin": [0.95, 11.375, -1.125],
							"size": [0.25, 0.25, 0.25],
							"pivot": [1, 11.5, 0.25],
							"rotation": [0, 0, -20],
							"uv": {
								"north": {"uv": [1, 42], "uv_size": [0.25, 0.25]},
								"east": {"uv": [42, 1], "uv_size": [0.25, 0.25]},
								"south": {"uv": [2, 42], "uv_size": [0.25, 0.25]},
								"west": {"uv": [42, 2], "uv_size": [0.25, 0.25]},
								"up": {"uv": [3, 42], "uv_size": [0.25, 0.25]},
								"down": {"uv": [42, 3.25], "uv_size": [0.25, -0.25]}
							}
						},
						{
							"origin": [0.55973, 11.23296, -1.03717],
							"size": [0.25, 0.25, 1],
							"pivot": [0.60973, 11.35803, 0.08783],
							"rotation": [0, -22.5, -20],
							"uv": {
								"north": {"uv": [4, 42], "uv_size": [0.25, 0.25]},
								"west": {"uv": [35, 37], "uv_size": [1, 0.25]},
								"up": {"uv": [37, 35], "uv_size": [0.25, 1]},
								"down": {"uv": [36, 38], "uv_size": [0.25, -1]}
							}
						},
						{
							"origin": [0.75, 11.125, -1.5],
							"size": [0.125, 0.625, 4],
							"pivot": [0.9375, 11.4375, 0.5],
							"rotation": [0, 0, -20],
							"uv": {
								"west": {"uv": [18, 14], "uv_size": [4, 0.625]}
							}
						},
						{
							"origin": [-0.80973, 11.23296, -1.03717],
							"size": [0.25, 0.25, 1],
							"pivot": [-0.60973, 11.35803, 0.08783],
							"rotation": [0, 22.5, 20],
							"uv": {
								"east": {"uv": [38, 12], "uv_size": [1, 0.25]},
								"up": {"uv": [38, 13], "uv_size": [0.25, 1]},
								"down": {"uv": [14, 39], "uv_size": [0.25, -1]}
							}
						},
						{
							"origin": [-1.49275, 11.25754, -1.125],
							"size": [0.25, 0.5, 0.25],
							"pivot": [-1.04275, 11.38254, 0.25],
							"rotation": [0, 0, 20],
							"uv": {
								"north": {"uv": [40, 24], "uv_size": [0.25, 0.5]},
								"east": {"uv": [25, 40], "uv_size": [0.25, 0.5]},
								"south": {"uv": [40, 25], "uv_size": [0.25, 0.5]},
								"up": {"uv": [34, 42], "uv_size": [0.25, 0.25]},
								"down": {"uv": [42, 34.25], "uv_size": [0.25, -0.25]}
							}
						},
						{
							"origin": [-1.2, 11.375, -1.125],
							"size": [0.25, 0.25, 0.25],
							"pivot": [-1, 11.5, 0.25],
							"rotation": [0, 0, 20],
							"uv": {
								"north": {"uv": [35, 42], "uv_size": [0.25, 0.25]},
								"east": {"uv": [42, 35], "uv_size": [0.25, 0.25]},
								"west": {"uv": [42, 36], "uv_size": [0.25, 0.25]},
								"up": {"uv": [37, 42], "uv_size": [0.25, 0.25]},
								"down": {"uv": [42, 37.25], "uv_size": [0.25, -0.25]}
							}
						},
						{
							"origin": [-0.875, 11.125, -1.5],
							"size": [0.125, 0.625, 4],
							"pivot": [-0.9375, 11.4375, 0.5],
							"rotation": [0, 0, 20],
							"uv": {
								"east": {"uv": [20, 0], "uv_size": [4, 0.625]}
							}
						}
					]
				},
				{
					"name": "rail",
					"parent": "lefthand_and_gun",
					"pivot": [0.03419, 12.26948, 1.77358],
					"cubes": [
						{
							"origin": [-0.5, 12, 2],
							"size": [1, 0.375, 1.85],
							"uv": {
								"south": {"uv": [35, 30.375], "uv_size": [1, -0.375]},
								"up": {"uv": [14, 2], "uv_size": [1, 1.875]}
							}
						},
						{
							"origin": [-0.5, 12, 3.875],
							"size": [0.125, 0.375, 0.25],
							"uv": {
								"west": {"uv": [39, 40], "uv_size": [0.25, 0.375]}
							}
						},
						{
							"origin": [-0.6373, 12.07002, 2],
							"size": [0.13768, 0.34717, 2.125],
							"pivot": [-0.68386, 12.03601, 11.0605],
							"rotation": [0, 0, 21.54],
							"uv": {
								"north": {"uv": [43, 4], "uv_size": [0.125, 0.375]},
								"east": {"uv": [28, 18], "uv_size": [2.125, 0.375]},
								"south": {"uv": [5, 43], "uv_size": [0.125, 0.375]}
							}
						},
						{
							"origin": [-0.5, 11.62814, 1.79419],
							"size": [1, 0.625, 0.375],
							"pivot": [0, 12.06564, 2.04419],
							"rotation": [-45, 0, 0],
							"uv": {
								"north": {"uv": [32, 0], "uv_size": [1, 0.625]},
								"east": {"uv": [38, 14], "uv_size": [0.375, 0.625]},
								"west": {"uv": [15, 38], "uv_size": [0.375, 0.625]}
							}
						},
						{
							"origin": [0.376, 11.87814, 3.91919],
							"size": [0.124, 0.375, 0.625],
							"pivot": [0, 12.06564, 4.16919],
							"rotation": [-45, 0, 0],
							"uv": {
								"east": {"uv": [38, 15], "uv_size": [0.625, 0.375]},
								"west": {"uv": [16, 38], "uv_size": [0.625, 0.375]},
								"up": {"uv": [41, 21], "uv_size": [0.125, 0.625]}
							}
						},
						{
							"origin": [-0.5, 12, -5.5],
							"size": [1, 0.375, 2.125],
							"uv": {
								"north": {"uv": [31, 35], "uv_size": [1, 0.375]},
								"south": {"uv": [32, 35], "uv_size": [1, 0.375]},
								"up": {"uv": [21, 19], "uv_size": [1, 2.125]}
							}
						},
						{
							"origin": [-0.375, 12.375, 3.75],
							"size": [0.75, 0.125, 0.375],
							"uv": {
								"north": {"uv": [40, 26], "uv_size": [0.75, 0.125]},
								"south": {"uv": [27, 40], "uv_size": [0.75, 0.125]},
								"up": {"uv": [0, 37], "uv_size": [0.75, 0.375]},
								"down": {"uv": [37, 0.375], "uv_size": [0.75, -0.375]}
							}
						},
						{
							"origin": [0.29419, 12.30492, 3.75],
							"size": [0.17678, 0.125, 0.374],
							"pivot": [0.41919, 12.36742, 3.9375],
							"rotation": [0, 0, 45],
							"uv": {
								"north": {"uv": [43, 41], "uv_size": [0.1875, 0.125]},
								"south": {"uv": [42, 43], "uv_size": [0.1875, 0.125]},
								"up": {"uv": [41, 25], "uv_size": [0.1875, 0.375]},
								"down": {"uv": [26, 41.375], "uv_size": [0.1875, -0.375]}
							}
						},
						{
							"origin": [0.125, 12.5, 3.875],
							"size": [0.25, 0.125, 0.25],
							"uv": {
								"north": {"uv": [43, 17], "uv_size": [0.25, 0.125]},
								"east": {"uv": [18, 43], "uv_size": [0.25, 0.125]},
								"south": {"uv": [43, 18], "uv_size": [0.25, 0.125]},
								"west": {"uv": [19, 43], "uv_size": [0.25, 0.125]},
								"up": {"uv": [41, 35], "uv_size": [0.25, 0.25]}
							}
						},
						{
							"origin": [-0.5, 11.87814, 3.91919],
							"size": [0.124, 0.375, 0.625],
							"pivot": [0, 12.06564, 4.16919],
							"rotation": [-45, 0, 0],
							"uv": {
								"east": {"uv": [16.625, 38], "uv_size": [-0.625, 0.375]},
								"west": {"uv": [38.625, 15], "uv_size": [-0.625, 0.375]},
								"up": {"uv": [41.125, 21], "uv_size": [-0.125, 0.625]}
							}
						},
						{
							"origin": [-0.375, 12.5, 3.875],
							"size": [0.25, 0.125, 0.25],
							"uv": {
								"north": {"uv": [43, 25], "uv_size": [0.25, 0.125]},
								"east": {"uv": [26, 43], "uv_size": [0.25, 0.125]},
								"south": {"uv": [43, 26], "uv_size": [0.25, 0.125]},
								"west": {"uv": [27, 43], "uv_size": [0.25, 0.125]},
								"up": {"uv": [42, 15], "uv_size": [0.25, 0.25]}
							}
						},
						{
							"origin": [-0.47097, 12.30492, 3.75],
							"size": [0.17678, 0.125, 0.374],
							"pivot": [-0.41919, 12.36742, 3.9375],
							"rotation": [0, 0, -45],
							"uv": {
								"north": {"uv": [43, 42], "uv_size": [0.1875, 0.125]},
								"south": {"uv": [43, 43], "uv_size": [0.1875, 0.125]},
								"up": {"uv": [41, 26], "uv_size": [0.1875, 0.375]},
								"down": {"uv": [27, 41.375], "uv_size": [0.1875, -0.375]}
							}
						},
						{
							"origin": [0.49962, 12.07002, -5.501],
							"size": [0.13768, 0.34717, 2.124],
							"pivot": [0.68386, 12.03601, 3.5605],
							"rotation": [0, 0, -21.54],
							"uv": {
								"north": {"uv": [43, 5], "uv_size": [0.125, 0.375]},
								"south": {"uv": [6, 43], "uv_size": [0.125, 0.375]},
								"west": {"uv": [28, 26], "uv_size": [2.125, 0.375]}
							}
						},
						{
							"origin": [0.49962, 12.07002, 2],
							"size": [0.13768, 0.34717, 2.125],
							"pivot": [0.68386, 12.03601, 11.0605],
							"rotation": [0, 0, -21.54],
							"uv": {
								"north": {"uv": [43, 6], "uv_size": [0.125, 0.375]},
								"south": {"uv": [7, 43], "uv_size": [0.125, 0.375]},
								"west": {"uv": [28, 28], "uv_size": [2.125, 0.375]}
							}
						},
						{
							"origin": [0.375, 12, 3.875],
							"size": [0.125, 0.375, 0.25],
							"uv": {
								"east": {"uv": [40, 39], "uv_size": [0.25, 0.375]}
							}
						},
						{
							"origin": [-0.25, 12, 3.875],
							"size": [0.25, 0.375, 0.125],
							"uv": {
								"east": {"uv": [43, 3], "uv_size": [0.125, 0.375]},
								"south": {"uv": [41, 0], "uv_size": [0.25, 0.375]},
								"west": {"uv": [4, 43], "uv_size": [0.125, 0.375]}
							}
						},
						{
							"origin": [-0.125, 12.375, -5.25],
							"size": [0.25, 0.125, 1.25],
							"uv": {
								"north": {"uv": [43, 30], "uv_size": [0.25, 0.125]},
								"east": {"uv": [39, 23], "uv_size": [1.25, 0.125]},
								"west": {"uv": [24, 39], "uv_size": [1.25, 0.125]},
								"up": {"uv": [33, 36], "uv_size": [0.25, 1.25]}
							}
						},
						{
							"origin": [-0.0625, 12.5, -5.25],
							"size": [0.125, 0.125, 0.5],
							"uv": {
								"north": {"uv": [0, 44], "uv_size": [0.125, 0.125]},
								"east": {"uv": [42, 16], "uv_size": [0.5, 0.125]},
								"west": {"uv": [17, 42], "uv_size": [0.5, 0.125]},
								"up": {"uv": [42, 17], "uv_size": [0.125, 0.5]}
							}
						},
						{
							"origin": [-0.0625, 12.47545, -4.82785],
							"size": [0.125, 0.125, 0.375],
							"pivot": [0, 12.53795, -4.76535],
							"rotation": [-55, 0, 0],
							"uv": {
								"east": {"uv": [43, 8], "uv_size": [0.375, 0.125]},
								"west": {"uv": [9, 43], "uv_size": [0.375, 0.125]},
								"up": {"uv": [43, 9], "uv_size": [0.125, 0.375]}
							}
						},
						{
							"origin": [-0.125, 12.35045, -4.07785],
							"size": [0.25, 0.125, 0.375],
							"pivot": [0.0625, 12.41295, -4.01535],
							"rotation": [-55, 0, 0],
							"uv": {
								"east": {"uv": [43, 10], "uv_size": [0.375, 0.125]},
								"west": {"uv": [11, 43], "uv_size": [0.375, 0.125]},
								"up": {"uv": [41, 15], "uv_size": [0.25, 0.375]}
							}
						},
						{
							"origin": [-0.6373, 12.07002, -5.501],
							"size": [0.13768, 0.34717, 2.124],
							"pivot": [-0.68386, 12.03601, 3.5605],
							"rotation": [0, 0, 21.54],
							"uv": {
								"north": {"uv": [43, 7], "uv_size": [0.125, 0.375]},
								"east": {"uv": [29, 2], "uv_size": [2.125, 0.375]},
								"south": {"uv": [8, 43], "uv_size": [0.125, 0.375]}
							}
						}
					]
				},
				{
					"name": "light_illuminated",
					"parent": "rail",
					"pivot": [0, 0, 0],
					"cubes": [
						{
							"origin": [-0.375, 12, 3.75],
							"size": [0.75, 0.375, 0.125],
							"uv": {
								"south": {"uv": [35, 30.375], "uv_size": [1, -0.375]},
								"up": {"uv": [14, 2], "uv_size": [1, 1.875]}
							}
						}
					]
				},
				{
					"name": "bone3",
					"parent": "rail",
					"pivot": [0, 0, 0],
					"cubes": [
						{
							"origin": [-0.25, 12.12, -3.375],
							"size": [0.5, 0.125, 5.375],
							"uv": {
								"east": {"uv": [31, 1], "uv_size": [5.5, 0.125]},
								"west": {"uv": [31, 4], "uv_size": [5.5, 0.125]},
								"up": {"uv": [12, 18], "uv_size": [0.5, 5.5]},
								"down": {"uv": [13, 24.5], "uv_size": [0.5, -5.5]}
							}
						},
						{
							"origin": [-0.25, 11.995, 0.875],
							"size": [0.5, 0.125, 0.25],
							"uv": {
								"north": {"uv": [38, 39], "uv_size": [0.5, 0.25]},
								"east": {"uv": [41, 34], "uv_size": [0.25, 0.25]},
								"south": {"uv": [39, 38], "uv_size": [0.5, 0.25]},
								"west": {"uv": [35, 41], "uv_size": [0.25, 0.25]}
							}
						},
						{
							"origin": [-0.25, 11.995, -1.625],
							"size": [0.5, 0.125, 0.25],
							"uv": {
								"north": {"uv": [14, 40], "uv_size": [0.5, 0.25]},
								"east": {"uv": [28, 42], "uv_size": [0.25, 0.25]},
								"south": {"uv": [40, 14], "uv_size": [0.5, 0.25]},
								"west": {"uv": [42, 28], "uv_size": [0.25, 0.25]}
							}
						},
						{
							"origin": [-0.25, 11.995, -3.375],
							"size": [0.5, 0.125, 0.25],
							"uv": {
								"east": {"uv": [29, 42], "uv_size": [0.25, 0.25]},
								"south": {"uv": [40, 16], "uv_size": [0.5, 0.25]},
								"west": {"uv": [42, 29], "uv_size": [0.25, 0.25]}
							}
						},
						{
							"origin": [-0.25, 11.995, -2.5],
							"size": [0.5, 0.125, 0.25],
							"uv": {
								"north": {"uv": [18, 40], "uv_size": [0.5, 0.25]},
								"east": {"uv": [30, 42], "uv_size": [0.25, 0.25]},
								"south": {"uv": [40, 18], "uv_size": [0.5, 0.25]},
								"west": {"uv": [42, 30], "uv_size": [0.25, 0.25]}
							}
						},
						{
							"origin": [-0.25, 11.995, 0],
							"size": [0.5, 0.125, 0.25],
							"uv": {
								"north": {"uv": [20, 40], "uv_size": [0.5, 0.25]},
								"east": {"uv": [31, 42], "uv_size": [0.25, 0.25]},
								"south": {"uv": [40, 20], "uv_size": [0.5, 0.25]},
								"west": {"uv": [42, 31], "uv_size": [0.25, 0.25]}
							}
						},
						{
							"origin": [-0.25, 11.995, -0.8125],
							"size": [0.5, 0.125, 0.25],
							"uv": {
								"north": {"uv": [22, 40], "uv_size": [0.5, 0.25]},
								"east": {"uv": [32, 42], "uv_size": [0.25, 0.25]},
								"south": {"uv": [40, 22], "uv_size": [0.5, 0.25]},
								"west": {"uv": [42, 32], "uv_size": [0.25, 0.25]}
							}
						}
					]
				},
				{
					"name": "barrel",
					"parent": "lefthand_and_gun",
					"pivot": [0, 0, 0]
				},
				{
					"name": "hexadecagon",
					"parent": "barrel",
					"pivot": [-0.25, 1, 0],
					"cubes": [
						{
							"origin": [-0.19891, 10.625, -7],
							"size": [0.39782, 0.5, 1.5],
							"pivot": [0, 10.125, 0],
							"rotation": [0, 0, -180],
							"uv": {
								"north": {"uv": [34, 38], "uv_size": [0.375, 0.5]},
								"up": {"uv": [33, 14], "uv_size": [0.375, 1.5]},
								"down": {"uv": [16, 34.5], "uv_size": [0.375, -1.5]}
							}
						},
						{
							"origin": [0.5, 9.92609, -6.99],
							"size": [0.5, 0.39782, 1.49],
							"pivot": [0, 10.125, 0],
							"rotation": [0, 0, 67.5],
							"uv": {
								"north": {"uv": [39, 3], "uv_size": [0.5, 0.375]},
								"east": {"uv": [33, 27], "uv_size": [1.5, 0.375]},
								"west": {"uv": [28, 33], "uv_size": [1.5, 0.375]}
							}
						},
						{
							"origin": [-0.19891, 9.125, -7],
							"size": [0.39782, 0.5, 1.5],
							"pivot": [0, 10.125, 0],
							"rotation": [0, 0, -45],
							"uv": {
								"north": {"uv": [38, 32], "uv_size": [0.375, 0.5]},
								"up": {"uv": [33, 10], "uv_size": [0.375, 1.5]},
								"down": {"uv": [11, 34.5], "uv_size": [0.375, -1.5]}
							}
						},
						{
							"origin": [0.5, 9.92609, -6.99],
							"size": [0.5, 0.39782, 1.49],
							"pivot": [0, 10.125, 0],
							"rotation": [0, 0, 22.5],
							"uv": {
								"north": {"uv": [38, 34], "uv_size": [0.5, 0.375]},
								"east": {"uv": [33, 16], "uv_size": [1.5, 0.375]},
								"west": {"uv": [17, 33], "uv_size": [1.5, 0.375]}
							}
						},
						{
							"origin": [0.5, 9.92609, -7],
							"size": [0.5, 0.39782, 1.5],
							"uv": {
								"north": {"uv": [39, 2], "uv_size": [0.5, 0.375]},
								"east": {"uv": [33, 25], "uv_size": [1.5, 0.375]},
								"west": {"uv": [33, 26], "uv_size": [1.5, 0.375]}
							}
						},
						{
							"origin": [0.5, 9.92609, -6.99],
							"size": [0.5, 0.39782, 1.49],
							"pivot": [0, 10.125, 0],
							"rotation": [0, 0, -22.5],
							"uv": {
								"north": {"uv": [39, 4], "uv_size": [0.5, 0.375]},
								"east": {"uv": [30, 33], "uv_size": [1.5, 0.375]},
								"west": {"uv": [33, 30], "uv_size": [1.5, 0.375]}
							}
						},
						{
							"origin": [-0.19891, 9.125, -7],
							"size": [0.39782, 0.5, 1.5],
							"pivot": [0, 10.125, 0],
							"rotation": [0, 0, -135],
							"uv": {
								"north": {"uv": [38, 31], "uv_size": [0.375, 0.5]},
								"up": {"uv": [33, 7], "uv_size": [0.375, 1.5]},
								"down": {"uv": [8, 34.5], "uv_size": [0.375, -1.5]}
							}
						},
						{
							"origin": [-0.19891, 10.625, -7],
							"size": [0.39782, 0.5, 1.5],
							"pivot": [0, 10.125, 0],
							"rotation": [0, 0, -45],
							"uv": {
								"north": {"uv": [38, 29], "uv_size": [0.375, 0.5]},
								"up": {"uv": [32, 28], "uv_size": [0.375, 1.5]},
								"down": {"uv": [32, 31.5], "uv_size": [0.375, -1.5]}
							}
						},
						{
							"origin": [0.5, 9.92609, -6.99],
							"size": [0.5, 0.39782, 1.49],
							"pivot": [0, 10.125, 0],
							"rotation": [0, 0, -67.5],
							"uv": {
								"north": {"uv": [32, 38], "uv_size": [0.5, 0.375]},
								"east": {"uv": [9, 33], "uv_size": [1.5, 0.375]},
								"west": {"uv": [33, 9], "uv_size": [1.5, 0.375]}
							}
						},
						{
							"origin": [-0.19891, 10.625, -7],
							"size": [0.39782, 0.5, 1.5],
							"uv": {
								"north": {"uv": [3, 39], "uv_size": [0.375, 0.5]},
								"up": {"uv": [23, 33], "uv_size": [0.375, 1.5]},
								"down": {"uv": [27, 34.5], "uv_size": [0.375, -1.5]}
							}
						},
						{
							"origin": [-1, 9.92609, -6.99],
							"size": [0.5, 0.39782, 1.49],
							"pivot": [0, 10.125, 0],
							"rotation": [0, 0, 67.5],
							"uv": {
								"north": {"uv": [4, 39], "uv_size": [0.5, 0.375]},
								"east": {"uv": [33, 28], "uv_size": [1.5, 0.375]},
								"west": {"uv": [33, 29], "uv_size": [1.5, 0.375]}
							}
						},
						{
							"origin": [-0.19891, 10.625, -7],
							"size": [0.39782, 0.5, 1.5],
							"pivot": [0, 10.125, 0],
							"rotation": [0, 0, -90],
							"uv": {
								"north": {"uv": [30, 38], "uv_size": [0.375, 0.5]},
								"up": {"uv": [32, 32], "uv_size": [0.375, 1.5]},
								"down": {"uv": [33, 3.5], "uv_size": [0.375, -1.5]}
							}
						},
						{
							"origin": [-1, 9.92609, -6.99],
							"size": [0.5, 0.39782, 1.49],
							"pivot": [0, 10.125, 0],
							"rotation": [0, 0, -22.5],
							"uv": {
								"north": {"uv": [31, 38], "uv_size": [0.5, 0.375]},
								"east": {"uv": [33, 5], "uv_size": [1.5, 0.375]},
								"west": {"uv": [33, 6], "uv_size": [1.5, 0.375]}
							}
						},
						{
							"origin": [-1, 9.92609, -6.99],
							"size": [0.5, 0.39782, 1.49],
							"pivot": [0, 10.125, 0],
							"rotation": [0, 0, 22.5],
							"uv": {
								"north": {"uv": [38, 30], "uv_size": [0.5, 0.375]},
								"east": {"uv": [33, 0], "uv_size": [1.5, 0.375]},
								"west": {"uv": [3, 33], "uv_size": [1.5, 0.375]}
							}
						},
						{
							"origin": [-0.19891, 9.125, -7],
							"size": [0.39782, 0.5, 1.5],
							"pivot": [0, 10.125, 0],
							"rotation": [0, 0, 45],
							"uv": {
								"north": {"uv": [38, 33], "uv_size": [0.375, 0.5]},
								"up": {"uv": [13, 33], "uv_size": [0.375, 1.5]},
								"down": {"uv": [14, 34.5], "uv_size": [0.375, -1.5]}
							}
						},
						{
							"origin": [-0.19891, 9.125, -6.99],
							"size": [0.39782, 0.5, 1.49],
							"pivot": [0, 10.125, 0],
							"rotation": [0, 0, 22.5],
							"uv": {
								"north": {"uv": [33, 38], "uv_size": [0.375, 0.5]},
								"up": {"uv": [12, 33], "uv_size": [0.375, 1.5]},
								"down": {"uv": [33, 13.5], "uv_size": [0.375, -1.5]}
							}
						}
					]
				},
				{
					"name": "muzzle_flash",
					"parent": "barrel",
					"pivot": [0, 10.125, -7.25]
				},
				{
					"name": "lefthand",
					"parent": "lefthand_and_gun",
					"pivot": [6, 5.25, 15.5]
				},
				{
					"name": "lefthand_pos",
					"parent": "lefthand",
					"pivot": [6, 5.25, 15.5],
					"rotation": [87.5, 0, 0],
					"cubes": [
						{
							"origin": [-2, 5.25, 13.5],
							"size": [4, 12, 4],
							"uv": {
								"north": {"uv": [0, 0], "uv_size": [4, 12]},
								"east": {"uv": [0, 0], "uv_size": [4, 12]},
								"south": {"uv": [0, 0], "uv_size": [4, 12]},
								"west": {"uv": [0, 0], "uv_size": [4, 12]},
								"up": {"uv": [4, 4], "uv_size": [-4, -4]},
								"down": {"uv": [4, 4], "uv_size": [-4, -4]}
							}
						}
					]
				},
				{
					"name": "righthand_and_mag",
					"parent": "right_and_left",
					"pivot": [0, 0, 0]
				},
				{
					"name": "magazine",
					"parent": "righthand_and_mag",
					"pivot": [0, 0, 0]
				},
				{
					"name": "mag_standard",
					"parent": "magazine",
					"pivot": [0, 0, 0],
					"cubes": [
						{
							"origin": [-0.75, 3.375, -0.7],
							"size": [1.5, 0.1622, 0.375],
							"pivot": [0, 3.83605, 0.39392],
							"rotation": [-25, 0, 0],
							"uv": {
								"north": {"uv": [5, 37], "uv_size": [1.5, 0.1875]},
								"east": {"uv": [41, 29], "uv_size": [0.375, 0.1875]},
								"south": {"uv": [7, 37], "uv_size": [1.5, 0.1875]},
								"west": {"uv": [30, 41], "uv_size": [0.375, 0.1875]},
								"down": {"uv": [34, 7.375], "uv_size": [1.5, -0.375]}
							}
						},
						{
							"origin": [-0.75, 3.375, 0.05],
							"size": [1.5, 0.1622, 0.375],
							"pivot": [0, 3.83605, 0.39392],
							"rotation": [-25, 0, 0],
							"uv": {
								"north": {"uv": [37, 7], "uv_size": [1.5, 0.1875]},
								"east": {"uv": [41, 30], "uv_size": [0.375, 0.1875]},
								"south": {"uv": [37, 8], "uv_size": [1.5, 0.1875]},
								"west": {"uv": [31, 41], "uv_size": [0.375, 0.1875]},
								"down": {"uv": [34, 8.375], "uv_size": [1.5, -0.375]}
							}
						},
						{
							"origin": [-0.75, 3.375, 0.8],
							"size": [1.5, 0.1622, 0.375],
							"pivot": [0, 3.83605, 0.39392],
							"rotation": [-25, 0, 0],
							"uv": {
								"north": {"uv": [9, 37], "uv_size": [1.5, 0.1875]},
								"east": {"uv": [41, 31], "uv_size": [0.375, 0.1875]},
								"south": {"uv": [37, 9], "uv_size": [1.5, 0.1875]},
								"west": {"uv": [32, 41], "uv_size": [0.375, 0.1875]},
								"down": {"uv": [9, 34.375], "uv_size": [1.5, -0.375]}
							}
						},
						{
							"origin": [-0.75, 3.375, 1.55],
							"size": [1.5, 0.1622, 0.375],
							"pivot": [0, 3.83605, 0.39392],
							"rotation": [-25, 0, 0],
							"uv": {
								"north": {"uv": [37, 10], "uv_size": [1.5, 0.1875]},
								"east": {"uv": [41, 32], "uv_size": [0.375, 0.1875]},
								"south": {"uv": [11, 37], "uv_size": [1.5, 0.1875]},
								"west": {"uv": [33, 41], "uv_size": [0.375, 0.1875]},
								"down": {"uv": [34, 10.375], "uv_size": [1.5, -0.375]}
							}
						}
					]
				},
				{
					"name": "bone5",
					"parent": "mag_standard",
					"pivot": [0, 7.125, 0.875],
					"cubes": [
						{
							"origin": [-0.875, 3.42803, -0.91464],
							"size": [1.75, 1.03159, 2.88148],
							"pivot": [0, 3.76456, 0.63643],
							"rotation": [-25, 0, 0],
							"uv": {
								"north": {"uv": [7, 23], "uv_size": [1.75, 1.0625]},
								"east": {"uv": [19, 2], "uv_size": [2.875, 1.0625]},
								"south": {"uv": [9, 23], "uv_size": [1.75, 1.0625]},
								"west": {"uv": [19, 4], "uv_size": [2.875, 1.0625]},
								"down": {"uv": [17, 18.875], "uv_size": [1.75, -2.875]}
							}
						},
						{
							"origin": [-0.876, 4.21803, -0.6214],
							"size": [1.752, 1.01619, 0.59551],
							"pivot": [0, 4.76394, -0.2878],
							"rotation": [-20, 0, 0],
							"uv": {
								"north": {"uv": [17, 5], "uv_size": [1.75, 1]},
								"east": {"uv": [16, 32], "uv_size": [0.625, 1]},
								"south": {"uv": [14, 23], "uv_size": [1.75, 1]},
								"west": {"uv": [32, 16], "uv_size": [0.625, 1]}
							}
						},
						{
							"origin": [-0.875, 5.01827, -0.49771],
							"size": [1.75, 0.13385, 0.62441],
							"pivot": [0, 5.23979, 2.36876],
							"rotation": [-2.5, 0, 0],
							"uv": {
								"north": {"uv": [24, 38], "uv_size": [1.75, 0.125]},
								"east": {"uv": [41, 24], "uv_size": [0.625, 0.125]},
								"south": {"uv": [38, 24], "uv_size": [1.75, 0.125]},
								"west": {"uv": [25, 41], "uv_size": [0.625, 0.125]}
							}
						},
						{
							"origin": [-0.875, 6, -0.5],
							"size": [1.75, 3, 2.875],
							"uv": {
								"north": {"uv": [13, 16], "uv_size": [1.75, 3]},
								"east": {"uv": [7, 6], "uv_size": [2.875, 3]},
								"south": {"uv": [15, 16], "uv_size": [1.75, 3]},
								"west": {"uv": [0, 8], "uv_size": [2.875, 3]},
								"up": {"uv": [14.0625, 17.375], "uv_size": [-0.5, -0.8125]},
								"down": {"uv": [17, 4.875], "uv_size": [1.75, -2.875]}
							}
						},
						{
							"origin": [-0.875, 5.25, -0.5],
							"size": [1.75, 0.75, 0.625],
							"uv": {
								"north": {"uv": [7, 26], "uv_size": [1.75, 0.75]},
								"east": {"uv": [35, 19], "uv_size": [0.625, 0.75]},
								"south": {"uv": [26, 8], "uv_size": [1.75, 0.75]},
								"west": {"uv": [20, 35], "uv_size": [0.625, 0.75]}
							}
						},
						{
							"origin": [-0.875, 5.25, 0.625],
							"size": [1.75, 0.75, 0.625],
							"uv": {
								"north": {"uv": [9, 26], "uv_size": [1.75, 0.75]},
								"east": {"uv": [35, 20], "uv_size": [0.625, 0.75]},
								"south": {"uv": [11, 26], "uv_size": [1.75, 0.75]},
								"west": {"uv": [35, 22], "uv_size": [0.625, 0.75]}
							}
						},
						{
							"origin": [-0.875, 5.25, 1.75],
							"size": [1.75, 0.75, 0.625],
							"uv": {
								"north": {"uv": [13, 26], "uv_size": [1.75, 0.75]},
								"east": {"uv": [23, 35], "uv_size": [0.625, 0.75]},
								"south": {"uv": [26, 14], "uv_size": [1.75, 0.75]},
								"west": {"uv": [35, 23], "uv_size": [0.625, 0.75]}
							}
						}
					]
				},
				{
					"name": "bone8",
					"parent": "mag_standard",
					"pivot": [0, 7.125, 0.875],
					"cubes": [
						{
							"origin": [-0.876, 4.16665, 1.73048],
							"size": [1.752, 1.01927, 0.61326],
							"pivot": [0, 4.94818, 0.71311],
							"rotation": [-12.5, 0, 0],
							"uv": {
								"north": {"uv": [11, 24], "uv_size": [1.75, 1]},
								"east": {"uv": [32, 17], "uv_size": [0.625, 1]},
								"south": {"uv": [14, 24], "uv_size": [1.75, 1]},
								"west": {"uv": [32, 18], "uv_size": [0.625, 1]}
							}
						},
						{
							"origin": [-0.875, 4.8272, 1.75183],
							"size": [1.75, 0.42306, 0.62272],
							"pivot": [0, 5.23979, 2.36876],
							"rotation": [-2.5, 0, 0],
							"uv": {
								"north": {"uv": [29, 4], "uv_size": [1.75, 0.4375]},
								"east": {"uv": [37, 11], "uv_size": [0.625, 0.4375]},
								"south": {"uv": [29, 6], "uv_size": [1.75, 0.4375]},
								"west": {"uv": [37, 12], "uv_size": [0.625, 0.4375]}
							}
						}
					]
				},
				{
					"name": "bone7",
					"parent": "mag_standard",
					"pivot": [0, 7.125, 0.875],
					"cubes": [
						{
							"origin": [-0.876, 4.19818, 0.62806],
							"size": [1.752, 0.83805, 0.60313],
							"pivot": [0, 4.94818, 0.71311],
							"rotation": [-17.5, 0, 0],
							"uv": {
								"north": {"uv": [25, 11], "uv_size": [1.75, 0.8125]},
								"east": {"uv": [34, 11], "uv_size": [0.625, 0.8125]},
								"south": {"uv": [25, 12], "uv_size": [1.75, 0.8125]},
								"west": {"uv": [34, 12], "uv_size": [0.625, 0.8125]}
							}
						},
						{
							"origin": [-0.875, 4.8272, 0.62621],
							"size": [1.75, 0.37399, 0.62441],
							"pivot": [0, 5.23979, 2.36876],
							"rotation": [-2.5, 0, 0],
							"uv": {
								"north": {"uv": [31, 5], "uv_size": [1.75, 0.375]},
								"east": {"uv": [38, 18], "uv_size": [0.625, 0.375]},
								"south": {"uv": [31, 6], "uv_size": [1.75, 0.375]},
								"west": {"uv": [19, 38], "uv_size": [0.625, 0.375]}
							}
						}
					]
				},
				{
					"name": "bone4",
					"parent": "mag_standard",
					"pivot": [0, 7.125, 0.875],
					"cubes": [
						{
							"origin": [-0.751, 4.30397, -0.03461],
							"size": [1.502, 0.5402, 2.23084],
							"pivot": [0, 4.94818, 0.71311],
							"rotation": [-17.5, 0, 0],
							"uv": {
								"east": {"uv": [26, 16], "uv_size": [2.25, 0.5625]},
								"west": {"uv": [17, 26], "uv_size": [2.25, 0.5625]}
							}
						},
						{
							"origin": [-0.75, 4.3272, -0.24817],
							"size": [1.5, 0.92306, 2.37272],
							"pivot": [0, 5.23979, 2.36876],
							"rotation": [-2.5, 0, 0],
							"uv": {
								"east": {"uv": [16, 21], "uv_size": [2.375, 0.9375]},
								"west": {"uv": [21, 18], "uv_size": [2.375, 0.9375]}
							}
						},
						{
							"origin": [-0.751, 5.25, -0.25],
							"size": [1.502, 0.75, 2.375],
							"uv": {
								"east": {"uv": [21, 23], "uv_size": [2.375, 0.75]},
								"west": {"uv": [24, 0], "uv_size": [2.375, 0.75]}
							}
						}
					]
				},
				{
					"name": "righthand",
					"parent": "righthand_and_mag",
					"pivot": [3.25, -0.5, 4.5]
				},
				{
					"name": "righthand_pos",
					"parent": "righthand",
					"pivot": [3.25, -0.5, 4.5],
					"rotation": [55.47367, 15.84811, -47.95316],
					"cubes": [
						{
							"origin": [7.25, -0.5, 2.5],
							"size": [4, 12, 4],
							"uv": {
								"north": {"uv": [0, 0], "uv_size": [4, 12]},
								"east": {"uv": [0, 0], "uv_size": [4, 12]},
								"south": {"uv": [0, 0], "uv_size": [4, 12]},
								"west": {"uv": [0, 0], "uv_size": [4, 12]},
								"up": {"uv": [4, 4], "uv_size": [-4, -4]},
								"down": {"uv": [4, 4], "uv_size": [-4, -4]}
							}
						}
					]
				},
				{
					"name": "shell",
					"parent": "root",
					"pivot": [-1.25, 11.5, 0.75]
				},
				{
					"name": "positioning",
					"pivot": [0, 0, 0]
				},
				{
					"name": "fixed",
					"parent": "positioning",
					"pivot": [0, 10, 0],
					"rotation": [0, -90, 0]
				},
				{
					"name": "thirdperson_hand",
					"parent": "positioning",
					"pivot": [0, 6.6, 5]
				},
				{
					"name": "ground",
					"parent": "positioning",
					"pivot": [0, 2.25, 0]
				},
				{
					"name": "refit",
					"pivot": [0, 0, 0]
				},
				{
					"name": "refit_view",
					"parent": "refit",
					"pivot": [13, 9, 0],
					"rotation": [0, 90, 0]
				},
				{
					"name": "refit_extended_mag_view",
					"parent": "refit",
					"pivot": [7, 4, 0],
					"rotation": [0, 112.5, 0]
				},
				{
					"name": "refit_scope_view",
					"parent": "refit",
					"pivot": [5, 13, -1],
					"rotation": [0, 47.5, 0]
				},
				{
					"name": "refit_muzzle_view",
					"parent": "refit",
					"pivot": [7, 10.1, -7],
					"rotation": [0, 120, 0]
				},
				{
					"name": "constraint",
					"pivot": [0, 0, 0]
				}
			]
		}
	]
}