{
    "materials": [
        {
            "item": {
                "item": "minecraft:iron_ingot"
            },
            "count": 4
        },
        {
            "item": {
                "item": "minecraft:redstone_block"
            },
            "count": 1
        },{
            "item": {
                "item": "minecraft:copper_ingot"
            },
            "count": 1
        }
    ],
    "result": {
        "type": "ammo",
        "id": "warhammer:laser_cell",
        "count": 2
    }
}