{
	"format_version": "1.8.0",
	"animations": {
		"shoot": {
			"animation_length": 0.5417,
			"bones": {
				"right_and_left": {
					"position": {
						"0.0": [0, 0, 0],
						"0.0833": [0, 0, 1],
						"0.25": [0, 0, 0]
					}
				},
				"stock": {
					"rotation": {
						"0.0": [0, 0, 0],
						"0.0833": [0, 0, -30],
						"0.25": [0, 0, 0]
					},
					"position": {
						"0.0": [0, 0, 0],
						"0.0833": [0, 0, 0.175],
						"0.25": [0, 0, 0]
					}
				}
			}
		},
		"static_idle": {
			"loop": true,
			"bones": {
				"redlight_illuminated": {
					"scale": 0
				},
				"dark_illuminated": {
					"scale": 0
				}
			}
		},
		"reload_tactical": {
			"animation_length": 5.3333,
			"bones": {
				"right_and_left": {
					"rotation": {
						"0.0": {
							"post": [0, 0, 0],
							"lerp_mode": "catmullrom"
						},
						"0.2083": {
							"post": [-10, -27.5, 0],
							"lerp_mode": "catmullrom"
						},
						"0.8333": {
							"post": [-10, -27.5, 0],
							"lerp_mode": "catmullrom"
						},
						"1.125": {
							"post": [-10, 10, 22.5],
							"lerp_mode": "catmullrom"
						},
						"1.3333": {
							"post": [-10, 10, 22.5],
							"lerp_mode": "catmullrom"
						},
						"1.5833": {
							"post": [-10, 10, 22.5],
							"lerp_mode": "catmullrom"
						},
						"1.8333": {
							"post": [0, 0, 0],
							"lerp_mode": "catmullrom"
						}
					},
					"position": {
						"0.0": {
							"post": [0, 0, 0],
							"lerp_mode": "catmullrom"
						},
						"0.25": {
							"post": [0.75, 0, 2.5],
							"lerp_mode": "catmullrom"
						},
						"0.3333": {
							"post": [0.75, -0.5, 2.5],
							"lerp_mode": "catmullrom"
						},
						"0.4167": {
							"post": [0.75, 0, 2.5],
							"lerp_mode": "catmullrom"
						},
						"0.75": {
							"post": [0.75, 0, 2.5],
							"lerp_mode": "catmullrom"
						},
						"0.7917": {
							"post": [0.75, 0.125, 2.5],
							"lerp_mode": "catmullrom"
						},
						"0.8333": {
							"post": [0.75, 0, 2.5],
							"lerp_mode": "catmullrom"
						},
						"1.125": {
							"post": [0.75, 0, 2.5],
							"lerp_mode": "catmullrom"
						},
						"1.3333": {
							"post": [0.75, 1, 1.5],
							"lerp_mode": "catmullrom"
						},
						"1.5833": {
							"post": [0.75, 1, 1.5],
							"lerp_mode": "catmullrom"
						},
						"1.8333": {
							"post": [0, 0, 0],
							"lerp_mode": "catmullrom"
						}
					}
				},
				"left_and_mag": {
					"position": {
						"0.25": {
							"pre": [0, 0, 0],
							"post": [0, 0, 0],
							"lerp_mode": "catmullrom"
						},
						"0.375": [0, -2.5, 0],
						"0.6667": [1.75, -2.5, 0],
						"0.7917": {
							"pre": [1.75, 0.2, 0],
							"post": [1.75, 0.2, 0],
							"lerp_mode": "catmullrom"
						}
					}
				},
				"magazine": {
					"position": {
						"0.4583": {
							"pre": [0, 0, 0],
							"post": [-1.75, -0.2, 0]
						}
					}
				},
				"lefthand": {
					"rotation": {
						"0.0": {
							"post": [0, 0, 0],
							"lerp_mode": "catmullrom"
						},
						"0.2917": {
							"post": [0, 0, 30],
							"lerp_mode": "catmullrom"
						}
					},
					"position": {
						"0.0": {
							"post": [0, 0, 0],
							"lerp_mode": "catmullrom"
						},
						"0.125": {
							"post": [-5.81926, -2.27481, -3],
							"lerp_mode": "catmullrom"
						},
						"0.25": [-12, 3.75, -4],
						"0.8333": [-12, 3.75, -4],
						"1.375": {
							"pre": [-3, -2, 0],
							"post": [-3, -2, 0],
							"lerp_mode": "catmullrom"
						}
					}
				},
				"redlight_illuminated": {
					"scale": {
						"0.25": [0, 0, 0],
						"0.5": {
							"pre": [0, 0, 0],
							"post": [1, 1, 1]
						},
						"0.75": {
							"pre": [1, 1, 1],
							"post": [0, 0, 0]
						},
						"1.0": {
							"pre": [0, 0, 0],
							"post": [1, 1, 1]
						},
						"1.25": {
							"pre": [1, 1, 1],
							"post": [0, 0, 0]
						}
					}
				},
				"greenlight_illuminated": {
					"scale": {
						"0.0": [1, 1, 1],
						"0.25": {
							"pre": [1, 1, 1],
							"post": [0, 0, 0]
						},
						"1.25": {
							"pre": [0, 0, 0],
							"post": [1, 1, 1]
						}
					}
				},
				"righthand": {
					"rotation": {
						"1.125": [0, 0, 0],
						"1.375": [-15, 0, 0],
						"1.5": [0, 0, 0]
					},
					"position": {
						"1.125": [0, 0, 0],
						"1.375": [0, 0, 0.75],
						"1.5": [0, 0, 0]
					}
				},
				"additional_magazine": {
					"position": {
						"0.4583": {
							"pre": [0, 0, 0],
							"post": [-0.1, 1.75, 0]
						}
					}
				},
				"bone19": {
					"rotation": {
						"1.375": [0, 0, 0],
						"1.4583": [-27.5, 0, 0],
						"1.6667": [0, 0, 0]
					}
				},
				"dark_illuminated": {
					"scale": {
						"0.0": [0, 0, 0],
						"0.25": {
							"pre": [0, 0, 0],
							"post": [1, 1, 1]
						},
						"0.5": {
							"pre": [1, 1, 1],
							"post": [0, 0, 0]
						},
						"0.75": {
							"pre": [0, 0, 0],
							"post": [1, 1, 1]
						},
						"1.0": {
							"pre": [1, 1, 1],
							"post": [0, 0, 0]
						},
						"1.25": {
							"pre": [0, 0, 0],
							"post": [0, 0, 0]
						}
					}
				}
			},
			"sound_effects": {
				"0.2083": {
					"effect": "warhammer:accatran_ii/reload_t"
				}
			}
		},
		"reload_empty": {
			"animation_length": 5.3333,
			"bones": {
				"right_and_left": {
					"rotation": {
						"0.0": {
							"post": [0, 0, 0],
							"lerp_mode": "catmullrom"
						},
						"0.2083": {
							"post": [-10, -27.5, 0],
							"lerp_mode": "catmullrom"
						},
						"0.8333": {
							"post": [-10, -27.5, 0],
							"lerp_mode": "catmullrom"
						},
						"1.125": {
							"post": [-10, 10, 22.5],
							"lerp_mode": "catmullrom"
						},
						"1.3333": {
							"post": [-10, 10, 22.5],
							"lerp_mode": "catmullrom"
						},
						"1.5833": {
							"post": [-10, 10, 22.5],
							"lerp_mode": "catmullrom"
						},
						"1.8333": {
							"post": [0, 0, 0],
							"lerp_mode": "catmullrom"
						}
					},
					"position": {
						"0.0": {
							"post": [0, 0, 0],
							"lerp_mode": "catmullrom"
						},
						"0.25": {
							"post": [0.75, 0, 2.5],
							"lerp_mode": "catmullrom"
						},
						"0.3333": {
							"post": [0.75, -0.5, 2.5],
							"lerp_mode": "catmullrom"
						},
						"0.4167": {
							"post": [0.75, 0, 2.5],
							"lerp_mode": "catmullrom"
						},
						"0.75": {
							"post": [0.75, 0, 2.5],
							"lerp_mode": "catmullrom"
						},
						"0.7917": {
							"post": [0.75, 0.125, 2.5],
							"lerp_mode": "catmullrom"
						},
						"0.8333": {
							"post": [0.75, 0, 2.5],
							"lerp_mode": "catmullrom"
						},
						"1.125": {
							"post": [0.75, 0, 2.5],
							"lerp_mode": "catmullrom"
						},
						"1.3333": {
							"post": [0.75, 1, 1.5],
							"lerp_mode": "catmullrom"
						},
						"1.5833": {
							"post": [0.75, 1, 1.5],
							"lerp_mode": "catmullrom"
						},
						"1.8333": {
							"post": [0, 0, 0],
							"lerp_mode": "catmullrom"
						}
					}
				},
				"left_and_mag": {
					"position": {
						"0.25": {
							"pre": [0, 0, 0],
							"post": [0, 0, 0],
							"lerp_mode": "catmullrom"
						},
						"0.375": [0, -2.5, 0],
						"0.6667": [1.75, -2.5, 0],
						"0.7917": {
							"pre": [1.75, 0.2, 0],
							"post": [1.75, 0.2, 0],
							"lerp_mode": "catmullrom"
						}
					}
				},
				"magazine": {
					"position": {
						"0.4583": {
							"pre": [0, 0, 0],
							"post": [-1.75, -0.2, 0]
						}
					}
				},
				"lefthand": {
					"rotation": {
						"0.0": {
							"post": [0, 0, 0],
							"lerp_mode": "catmullrom"
						},
						"0.2917": {
							"post": [0, 0, 30],
							"lerp_mode": "catmullrom"
						}
					},
					"position": {
						"0.0": {
							"post": [0, 0, 0],
							"lerp_mode": "catmullrom"
						},
						"0.125": {
							"post": [-5.81926, -2.27481, -3],
							"lerp_mode": "catmullrom"
						},
						"0.25": [-12, 3.75, -4],
						"0.8333": [-12, 3.75, -4],
						"1.375": {
							"pre": [-3, -2, 0],
							"post": [-3, -2, 0],
							"lerp_mode": "catmullrom"
						}
					}
				},
				"redlight_illuminated": {
					"scale": {
						"0.0": [1, 1, 1],
						"0.25": {
							"pre": [1, 1, 1],
							"post": [0, 0, 0]
						},
						"0.5": {
							"pre": [0, 0, 0],
							"post": [1, 1, 1]
						},
						"0.75": {
							"pre": [1, 1, 1],
							"post": [0, 0, 0]
						},
						"1.0": {
							"pre": [0, 0, 0],
							"post": [1, 1, 1]
						},
						"1.25": {
							"pre": [1, 1, 1],
							"post": [0, 0, 0]
						}
					}
				},
				"greenlight_illuminated": {
					"scale": {
						"1.25": {
							"pre": [0, 0, 0],
							"post": [1, 1, 1]
						}
					}
				},
				"righthand": {
					"rotation": {
						"1.125": [0, 0, 0],
						"1.375": [-15, 0, 0],
						"1.5": [0, 0, 0]
					},
					"position": {
						"1.125": [0, 0, 0],
						"1.375": [0, 0, 0.75],
						"1.5": [0, 0, 0]
					}
				},
				"additional_magazine": {
					"position": {
						"0.4583": {
							"pre": [0, 0, 0],
							"post": [-0.1, 1.75, 0]
						}
					}
				},
				"bone19": {
					"rotation": {
						"1.375": [0, 0, 0],
						"1.4583": [-27.5, 0, 0],
						"1.6667": [0, 0, 0]
					}
				},
				"dark_illuminated": {
					"scale": {
						"0.0": [0, 0, 0],
						"0.25": {
							"pre": [0, 0, 0],
							"post": [1, 1, 1]
						},
						"0.5": {
							"pre": [1, 1, 1],
							"post": [0, 0, 0]
						},
						"0.75": {
							"pre": [0, 0, 0],
							"post": [1, 1, 1]
						},
						"1.0": {
							"pre": [1, 1, 1],
							"post": [0, 0, 0]
						},
						"1.25": [0, 0, 0]
					}
				}
			},
			"sound_effects": {
				"0.2083": {
					"effect": "warhammer:accatran_ii/reload_t"
				}
			}
		},
		"static_bolt_caught": {
			"animation_length": 1.5,
			"bones": {
				"redlight_illuminated": {
					"scale": {
						"0.0": [1, 1, 1],
						"0.25": {
							"pre": [1, 1, 1],
							"post": [0, 0, 0]
						},
						"0.5": {
							"pre": [0, 0, 0],
							"post": [1, 1, 1]
						},
						"0.75": {
							"pre": [1, 1, 1],
							"post": [0, 0, 0]
						},
						"1.0": {
							"pre": [0, 0, 0],
							"post": [1, 1, 1]
						},
						"1.25": {
							"pre": [1, 1, 1],
							"post": [0, 0, 0]
						},
						"1.5": {
							"pre": [0, 0, 0],
							"post": [1, 1, 1]
						}
					}
				},
				"dark_illuminated": {
					"scale": {
						"0.0": [0, 0, 0],
						"0.25": {
							"pre": [0, 0, 0],
							"post": [1, 1, 1]
						},
						"0.5": {
							"pre": [1, 1, 1],
							"post": [0, 0, 0]
						},
						"0.75": {
							"pre": [0, 0, 0],
							"post": [1, 1, 1]
						},
						"1.0": {
							"pre": [1, 1, 1],
							"post": [0, 0, 0]
						},
						"1.25": {
							"pre": [0, 0, 0],
							"post": [1, 1, 1]
						},
						"1.5": {
							"pre": [1, 1, 1],
							"post": [0, 0, 0]
						}
					}
				},
				"greenlight_illuminated": {
					"scale": 0
				}
			}
		},
		"inspect": {
			"animation_length": 4.0417,
			"bones": {
				"magazine": {
					"rotation": {
						"0.0": {
							"post": [0, 0, 0],
							"lerp_mode": "catmullrom"
						},
						"0.25": {
							"post": [13.28982, -46.03805, -18.16723],
							"lerp_mode": "catmullrom"
						},
						"1.875": {
							"post": [13.28982, -46.03805, -18.16723],
							"lerp_mode": "catmullrom"
						},
						"2.125": {
							"post": [-47.25471, 5.52235, 95.08269],
							"lerp_mode": "catmullrom"
						},
						"3.3333": {
							"post": [-47.25471, 5.52235, 95.08269],
							"lerp_mode": "catmullrom"
						},
						"3.5833": {
							"post": [0, 0, 0],
							"lerp_mode": "catmullrom"
						}
					},
					"position": {
						"0.0": {
							"post": [0, 0, 0],
							"lerp_mode": "catmullrom"
						},
						"0.25": {
							"post": [2, 1, 0],
							"lerp_mode": "catmullrom"
						},
						"1.875": {
							"post": [2, 1, 0],
							"lerp_mode": "catmullrom"
						},
						"2.125": {
							"post": [1, 6, 0],
							"lerp_mode": "catmullrom"
						},
						"3.3333": {
							"post": [1, 6, 0],
							"lerp_mode": "catmullrom"
						},
						"3.5833": {
							"post": [0, 0, 0],
							"lerp_mode": "catmullrom"
						}
					}
				},
				"lefthand": {
					"rotation": {
						"0.0833": {
							"pre": [0, 0, 0],
							"post": [0, 0, 0],
							"lerp_mode": "catmullrom"
						},
						"0.25": {
							"post": [0, 27.5, 0],
							"lerp_mode": "catmullrom"
						},
						"0.4583": {
							"post": [0, 27.5, 0],
							"lerp_mode": "catmullrom"
						},
						"0.5833": {
							"post": [0, 27.5, 0],
							"lerp_mode": "catmullrom"
						},
						"0.875": {
							"post": [0, 27.5, 0],
							"lerp_mode": "catmullrom"
						},
						"1.0": {
							"post": [0, 27.5, 0],
							"lerp_mode": "catmullrom"
						},
						"1.125": {
							"post": [0, 27.5, 0],
							"lerp_mode": "catmullrom"
						},
						"1.4167": {
							"post": [0, 27.5, 0],
							"lerp_mode": "catmullrom"
						},
						"1.5": {
							"post": [0, 27.5, 0],
							"lerp_mode": "catmullrom"
						},
						"1.625": {
							"post": [0, 27.5, 0],
							"lerp_mode": "catmullrom"
						},
						"1.75": {
							"post": [0, 27.5, 0],
							"lerp_mode": "catmullrom"
						},
						"2.0": {
							"post": [16.59154, 47.99879, -1.51322],
							"lerp_mode": "catmullrom"
						},
						"2.2917": {
							"post": [35, 27.5, 0],
							"lerp_mode": "catmullrom"
						},
						"2.4167": {
							"post": [35, 27.5, 0],
							"lerp_mode": "catmullrom"
						},
						"2.5417": {
							"post": [35, 27.5, 0],
							"lerp_mode": "catmullrom"
						},
						"2.75": {
							"post": [35, 27.5, 0],
							"lerp_mode": "catmullrom"
						},
						"2.875": {
							"post": [35, 27.5, 0],
							"lerp_mode": "catmullrom"
						},
						"3.0": {
							"post": [35, 27.5, 0],
							"lerp_mode": "catmullrom"
						},
						"3.2083": {
							"post": [16.59154, 47.99879, -1.51322],
							"lerp_mode": "catmullrom"
						},
						"3.5833": {
							"post": [0, 0, 0],
							"lerp_mode": "catmullrom"
						}
					},
					"position": {
						"0.0833": {
							"pre": [0, 0, 0],
							"post": [0, 0, 0],
							"lerp_mode": "catmullrom"
						},
						"0.25": {
							"post": [-1, 4.5, -2],
							"lerp_mode": "catmullrom"
						},
						"0.4583": {
							"post": [-1, 7.5, -2],
							"lerp_mode": "catmullrom"
						},
						"0.5833": {
							"post": [1, 7.5, -2],
							"lerp_mode": "catmullrom"
						},
						"0.875": {
							"post": [-1, 7.5, -2],
							"lerp_mode": "catmullrom"
						},
						"1.0": {
							"post": [-1, 7.5, -2],
							"lerp_mode": "catmullrom"
						},
						"1.125": {
							"post": [1, 7.5, -2],
							"lerp_mode": "catmullrom"
						},
						"1.4167": {
							"post": [-1, 7.5, -2],
							"lerp_mode": "catmullrom"
						},
						"1.5": {
							"post": [-1, 7.5, -2],
							"lerp_mode": "catmullrom"
						},
						"1.625": {
							"post": [1, 7.5, -2],
							"lerp_mode": "catmullrom"
						},
						"1.75": {
							"post": [-1, 7.5, -2],
							"lerp_mode": "catmullrom"
						},
						"2.0": {
							"post": [6.39219, 11.28921, -0.51732],
							"lerp_mode": "catmullrom"
						},
						"2.2917": {
							"post": [4, 11.5, -1],
							"lerp_mode": "catmullrom"
						},
						"2.4167": {
							"post": [4, 11.5, -1],
							"lerp_mode": "catmullrom"
						},
						"2.5417": {
							"post": [7, 11.5, -1],
							"lerp_mode": "catmullrom"
						},
						"2.75": {
							"post": [4, 11.5, -1],
							"lerp_mode": "catmullrom"
						},
						"2.875": {
							"post": [4, 11.5, -1],
							"lerp_mode": "catmullrom"
						},
						"3.0": {
							"post": [7, 11.5, -1],
							"lerp_mode": "catmullrom"
						},
						"3.2083": {
							"post": [6.39219, 11.28921, -0.51732],
							"lerp_mode": "catmullrom"
						},
						"3.5833": {
							"post": [0, 0, 0],
							"lerp_mode": "catmullrom"
						}
					}
				},
				"left_and_gun": {
					"rotation": {
						"0.0": {
							"post": [0, 0, 0],
							"lerp_mode": "catmullrom"
						},
						"0.25": {
							"post": [13.28982, -46.03805, -18.16723],
							"lerp_mode": "catmullrom"
						},
						"1.875": {
							"post": [13.28982, -46.03805, -18.16723],
							"lerp_mode": "catmullrom"
						},
						"2.125": {
							"post": [-47.25471, 5.52235, 95.08269],
							"lerp_mode": "catmullrom"
						},
						"3.3333": {
							"post": [-47.25471, 5.52235, 95.08269],
							"lerp_mode": "catmullrom"
						},
						"3.5833": {
							"post": [0, 0, 0],
							"lerp_mode": "catmullrom"
						}
					},
					"position": {
						"0.0": {
							"post": [0, 0, 0],
							"lerp_mode": "catmullrom"
						},
						"0.25": {
							"post": [2, 1, 0],
							"lerp_mode": "catmullrom"
						},
						"1.875": {
							"post": [2, 1, 0],
							"lerp_mode": "catmullrom"
						},
						"2.125": {
							"post": [1, 6, 0],
							"lerp_mode": "catmullrom"
						},
						"3.3333": {
							"post": [1, 6, 0],
							"lerp_mode": "catmullrom"
						},
						"3.5833": {
							"post": [0, 0, 0],
							"lerp_mode": "catmullrom"
						}
					}
				}
			}
		},
		"inspect_empty": {
			"animation_length": 7,
			"bones": {
				"camera": {
					"rotation": {
						"1.2917": {
							"pre": [0, 0, 0],
							"post": [0, 0, 0],
							"lerp_mode": "catmullrom"
						},
						"1.7917": {
							"post": [0, -5, 0],
							"lerp_mode": "catmullrom"
						},
						"2.4583": {
							"post": [0, -5, 0],
							"lerp_mode": "catmullrom"
						},
						"2.9583": {
							"post": [0, 5, 0],
							"lerp_mode": "catmullrom"
						},
						"5.0": {
							"post": [0, 5, 0],
							"lerp_mode": "catmullrom"
						},
						"5.4167": {
							"post": [0, 0, 0],
							"lerp_mode": "catmullrom"
						}
					},
					"position": {
						"1.2917": {
							"pre": [0, 0, 0],
							"post": [0, 0, 0],
							"lerp_mode": "catmullrom"
						},
						"1.7917": {
							"post": [0, 0, 0],
							"lerp_mode": "catmullrom"
						},
						"2.4583": {
							"post": [0, 0, 0],
							"lerp_mode": "catmullrom"
						},
						"2.9583": {
							"post": [0, 0, 0],
							"lerp_mode": "catmullrom"
						},
						"5.0": {
							"post": [0, 0, 0],
							"lerp_mode": "catmullrom"
						},
						"5.4167": {
							"post": [0, 0, 0],
							"lerp_mode": "catmullrom"
						}
					}
				},
				"right_and_left": {
					"rotation": {
						"4.0833": {
							"pre": [0, 0, 0],
							"post": [0, 0, 0],
							"lerp_mode": "catmullrom"
						},
						"4.2083": {
							"post": [0, 0, 5],
							"lerp_mode": "catmullrom"
						},
						"4.4583": {
							"post": [0, 0, 0],
							"lerp_mode": "catmullrom"
						},
						"4.5833": {
							"post": [0, 0, 5],
							"lerp_mode": "catmullrom"
						},
						"4.7917": {
							"post": [0, 0, 0],
							"lerp_mode": "catmullrom"
						}
					}
				},
				"left_and_mag": {
					"rotation": {
						"1.1667": {
							"pre": [0, 0, 0],
							"post": [0, 0, 0],
							"lerp_mode": "catmullrom"
						},
						"1.3333": {
							"post": [0, 0, 0],
							"lerp_mode": "catmullrom"
						},
						"1.5": {
							"post": [-32.5, 0, 0],
							"lerp_mode": "catmullrom"
						},
						"1.5833": {
							"post": [-57.5, 0, -15],
							"lerp_mode": "catmullrom"
						},
						"2.5": {
							"post": [-57.5, 0, -15],
							"lerp_mode": "catmullrom"
						},
						"3.375": {
							"post": [0, 0, 0],
							"lerp_mode": "catmullrom"
						},
						"3.7083": {
							"post": [0, 0, 0],
							"lerp_mode": "catmullrom"
						}
					},
					"position": {
						"1.1667": {
							"pre": [0, 0, 0],
							"post": [0, 0, 0],
							"lerp_mode": "catmullrom"
						},
						"1.3333": {
							"post": [0, 0, 0],
							"lerp_mode": "catmullrom"
						},
						"1.5": {
							"post": [9, 0, 0],
							"lerp_mode": "catmullrom"
						},
						"1.5833": {
							"post": [9, 0, 0],
							"lerp_mode": "catmullrom"
						},
						"2.5": {
							"post": [9, 0, 0],
							"lerp_mode": "catmullrom"
						},
						"2.7917": {
							"post": [10.93231, -1.93724, -0.67],
							"lerp_mode": "catmullrom"
						},
						"3.375": {
							"post": [2, -8, -2],
							"lerp_mode": "catmullrom"
						},
						"3.7083": {
							"post": [0, 0, 0],
							"lerp_mode": "catmullrom"
						}
					}
				},
				"magazine": {
					"rotation": {
						"0.0": {
							"post": [0, 0, 0],
							"lerp_mode": "catmullrom"
						},
						"0.2917": [-25, -37.5, 0],
						"0.375": [-25, -37.5, 0],
						"0.4167": {
							"pre": [-24.23314, -35.2271, -1.2931],
							"post": [-24.23314, -35.2271, -1.2931],
							"lerp_mode": "catmullrom"
						},
						"0.4583": {
							"post": [-25, -37.5, 0],
							"lerp_mode": "catmullrom"
						},
						"0.7083": [-25, -37.5, 0],
						"0.7917": [-25, -37.5, 0],
						"0.8333": {
							"pre": [-24.23314, -35.2271, -1.2931],
							"post": [-24.23314, -35.2271, -1.2931],
							"lerp_mode": "catmullrom"
						},
						"0.875": {
							"post": [-25, -37.5, 0],
							"lerp_mode": "catmullrom"
						},
						"1.25": {
							"post": [-25, -37.5, 0],
							"lerp_mode": "catmullrom"
						},
						"2.5": {
							"post": [-25, -37.5, 0],
							"lerp_mode": "catmullrom"
						},
						"2.7917": [-31.9811, -50.72487, 9.94988],
						"4.25": [-31.9811, -50.72487, 9.94988],
						"4.625": {
							"pre": [-31.9811, -50.72487, 9.94988],
							"post": [-31.9811, -50.72487, 9.94988],
							"lerp_mode": "catmullrom"
						},
						"5.0": {
							"post": [-31.9811, -50.72487, 9.94988],
							"lerp_mode": "catmullrom"
						},
						"5.4167": {
							"post": [0, 0, 0],
							"lerp_mode": "catmullrom"
						}
					},
					"position": {
						"0.875": {
							"pre": [0, 0, 0],
							"post": [0, 0, 0],
							"lerp_mode": "catmullrom"
						},
						"1.0417": {
							"post": [2.31546, -8.15677, -3.01757],
							"lerp_mode": "catmullrom"
						},
						"1.25": {
							"post": [2.31546, -8.53177, -3.01757],
							"lerp_mode": "catmullrom"
						},
						"2.5": {
							"post": [2.31546, -8.53177, -3.01757],
							"lerp_mode": "catmullrom"
						},
						"2.7917": [2, 2, 5],
						"4.25": [2, 2, 5],
						"4.625": {
							"pre": [2, 2, 5],
							"post": [2, 2, 5],
							"lerp_mode": "catmullrom"
						},
						"5.0": {
							"post": [2, 2, 5],
							"lerp_mode": "catmullrom"
						},
						"5.4167": {
							"post": [0, 0, 0],
							"lerp_mode": "catmullrom"
						}
					}
				},
				"lefthand": {
					"rotation": {
						"0.0": {
							"post": [0, 0, 0],
							"lerp_mode": "catmullrom"
						},
						"0.2917": {
							"post": [0, 27.5, 27.5],
							"lerp_mode": "catmullrom"
						},
						"0.4167": {
							"post": [11.5377, 25.21741, 15.48188],
							"lerp_mode": "catmullrom"
						},
						"0.625": {
							"post": [0, 27.5, 27.5],
							"lerp_mode": "catmullrom"
						},
						"0.75": {
							"post": [11.5377, 25.21741, 15.48188],
							"lerp_mode": "catmullrom"
						},
						"0.8333": {
							"post": [11.5377, 25.21741, 15.48188],
							"lerp_mode": "catmullrom"
						},
						"0.9167": {
							"post": [0, 27.5, 27.5],
							"lerp_mode": "catmullrom"
						},
						"1.125": {
							"post": [25.00927, -27.1257, 16.54265],
							"lerp_mode": "catmullrom"
						},
						"1.25": {
							"post": [25.00927, -27.1257, 16.54265],
							"lerp_mode": "catmullrom"
						},
						"2.5": {
							"post": [25.00927, -27.1257, 16.54265],
							"lerp_mode": "catmullrom"
						},
						"2.7917": {
							"post": [23.4427, 18.95261, 36.56704],
							"lerp_mode": "catmullrom"
						},
						"3.7083": {
							"post": [23.4427, 18.95261, 36.56704],
							"lerp_mode": "catmullrom"
						},
						"4.25": {
							"post": [0, 0, 0],
							"lerp_mode": "catmullrom"
						}
					},
					"position": {
						"0.0": {
							"post": [0, 0, 0],
							"lerp_mode": "catmullrom"
						},
						"0.2917": {
							"post": [0, 6, 0],
							"lerp_mode": "catmullrom"
						},
						"0.4167": {
							"post": [-3, 6, -2],
							"lerp_mode": "catmullrom"
						},
						"0.625": {
							"post": [-2, 6, -1],
							"lerp_mode": "catmullrom"
						},
						"0.75": {
							"post": [-3, 6, -2],
							"lerp_mode": "catmullrom"
						},
						"0.8333": {
							"post": [-3, 6, -2],
							"lerp_mode": "catmullrom"
						},
						"0.9167": {
							"post": [-2, 6, -1],
							"lerp_mode": "catmullrom"
						},
						"1.125": {
							"post": [-4.05742, 2.45147, -4.8934],
							"lerp_mode": "catmullrom"
						},
						"1.25": {
							"post": [-4.05742, 2.45147, -4.8934],
							"lerp_mode": "catmullrom"
						},
						"2.5": {
							"post": [-4.05742, 2.45147, -4.8934],
							"lerp_mode": "catmullrom"
						},
						"2.7917": {
							"post": [-1.30437, 4.67882, 2.03211],
							"lerp_mode": "catmullrom"
						},
						"3.7083": {
							"post": [-1.30437, 4.67882, 2.03211],
							"lerp_mode": "catmullrom"
						},
						"4.25": {
							"post": [0, 0, 0],
							"lerp_mode": "catmullrom"
						}
					}
				},
				"left_and_gun": {
					"rotation": {
						"0.0": {
							"post": [0, 0, 0],
							"lerp_mode": "catmullrom"
						},
						"0.2917": [-25, -37.5, 0],
						"0.375": [-25, -37.5, 0],
						"0.4167": {
							"pre": [-24.23314, -35.2271, -1.2931],
							"post": [-24.23314, -35.2271, -1.2931],
							"lerp_mode": "catmullrom"
						},
						"0.4583": {
							"post": [-25, -37.5, 0],
							"lerp_mode": "catmullrom"
						},
						"0.7083": [-25, -37.5, 0],
						"0.7917": [-25, -37.5, 0],
						"0.8333": {
							"pre": [-24.23314, -35.2271, -1.2931],
							"post": [-24.23314, -35.2271, -1.2931],
							"lerp_mode": "catmullrom"
						},
						"0.875": {
							"post": [-25, -37.5, 0],
							"lerp_mode": "catmullrom"
						},
						"1.25": {
							"post": [-25, -37.5, 0],
							"lerp_mode": "catmullrom"
						},
						"1.5": {
							"post": [-20.04637, -12.00344, -11.50805],
							"lerp_mode": "catmullrom"
						},
						"1.75": {
							"post": [-19.6662, -4.94813, -14.08202],
							"lerp_mode": "catmullrom"
						},
						"2.3333": {
							"post": [-19.6662, -4.94813, -14.08202],
							"lerp_mode": "catmullrom"
						},
						"2.7917": [-31.9811, -50.72487, 9.94988],
						"4.625": [-31.9811, -50.72487, 9.94988],
						"5.0": {
							"pre": [-31.9811, -50.72487, 9.94988],
							"post": [-31.9811, -50.72487, 9.94988],
							"lerp_mode": "catmullrom"
						},
						"5.4167": {
							"post": [0, 0, 0],
							"lerp_mode": "catmullrom"
						}
					},
					"position": {
						"1.25": {
							"pre": [0, 0, 0],
							"post": [0, 0, 0],
							"lerp_mode": "catmullrom"
						},
						"1.5": {
							"post": [0, 0, 0],
							"lerp_mode": "catmullrom"
						},
						"1.75": {
							"post": [0, 0, 0],
							"lerp_mode": "catmullrom"
						},
						"2.3333": {
							"post": [0, 0, 0],
							"lerp_mode": "catmullrom"
						},
						"2.7917": [2, 2, 5],
						"4.625": [2, 2, 5],
						"5.0": {
							"pre": [2, 2, 5],
							"post": [2, 2, 5],
							"lerp_mode": "catmullrom"
						},
						"5.4167": {
							"post": [0, 0, 0],
							"lerp_mode": "catmullrom"
						}
					}
				},
				"redlight_illuminated": {
					"scale": {
						"0.0": [1, 1, 1],
						"0.25": {"pre": [1, 1, 1], "post": [0, 0, 0]},
						"0.5": {"pre": [0, 0, 0], "post": [1, 1, 1]},
						"0.75": {"pre": [1, 1, 1], "post": [0, 0, 0]},
						"1.0833": {"pre": [0, 0, 0], "post": [1, 1, 1]},
						"1.3333": {"pre": [1, 1, 1], "post": [0, 0, 0]},
						"1.5833": {"pre": [0, 0, 0], "post": [1, 1, 1]},
						"1.8333": {"pre": [1, 1, 1], "post": [0, 0, 0]},
						"2.0833": {"pre": [0, 0, 0], "post": [1, 1, 1]},
						"2.3333": {"pre": [1, 1, 1], "post": [0, 0, 0]},
						"2.5833": {"pre": [0, 0, 0], "post": [1, 1, 1]},
						"2.8333": {"pre": [1, 1, 1], "post": [0, 0, 0]},
						"3.0833": {"pre": [0, 0, 0], "post": [1, 1, 1]},
						"3.3333": {"pre": [1, 1, 1], "post": [0, 0, 0]},
						"3.5833": {"pre": [0, 0, 0], "post": [1, 1, 1]},
						"3.8333": {"pre": [1, 1, 1], "post": [0, 0, 0]},
						"4.0833": {"pre": [0, 0, 0], "post": [1, 1, 1]},
						"4.3333": {"pre": [1, 1, 1], "post": [0, 0, 0]},
						"4.5833": {"pre": [0, 0, 0], "post": [1, 1, 1]},
						"4.8333": {"pre": [1, 1, 1], "post": [0, 0, 0]},
						"5.0833": {"pre": [0, 0, 0], "post": [1, 1, 1]},
						"5.3333": {"pre": [1, 1, 1], "post": [0, 0, 0]},
						"5.5833": {"pre": [0, 0, 0], "post": [1, 1, 1]}
					}
				},
				"greenlight_illuminated": {
					"scale": {
						"0.0": [0, 0, 0],
						"0.875": {"pre": [0, 0, 0], "post": [1, 1, 1]},
						"1.0833": {"pre": [1, 1, 1], "post": [0, 0, 0]},
						"1.3333": {"pre": [0, 0, 0], "post": [1, 1, 1]},
						"1.5833": {"pre": [1, 1, 1], "post": [0, 0, 0]},
						"1.8333": {"pre": [0, 0, 0], "post": [1, 1, 1]},
						"2.0833": {"pre": [1, 1, 1], "post": [0, 0, 0]},
						"2.3333": {"pre": [0, 0, 0], "post": [1, 1, 1]},
						"2.5833": {"pre": [1, 1, 1], "post": [0, 0, 0]},
						"2.8333": {"pre": [0, 0, 0], "post": [1, 1, 1]},
						"3.0833": {"pre": [1, 1, 1], "post": [0, 0, 0]},
						"3.3333": {"pre": [0, 0, 0], "post": [1, 1, 1]},
						"3.5833": {"pre": [1, 1, 1], "post": [0, 0, 0]},
						"3.8333": {"pre": [0, 0, 0], "post": [1, 1, 1]},
						"4.0833": {"pre": [1, 1, 1], "post": [0, 0, 0]},
						"4.3333": {"pre": [0, 0, 0], "post": [1, 1, 1]},
						"4.5833": {"pre": [1, 1, 1], "post": [0, 0, 0]}
					}
				},
				"dark_illuminated": {
					"scale": {
						"0.0": [0, 0, 0],
						"0.25": {"pre": [0, 0, 0], "post": [1, 1, 1]},
						"0.5": {"pre": [1, 1, 1], "post": [0, 0, 0]},
						"0.75": {"pre": [0, 0, 0], "post": [1, 1, 1]},
						"3.7083": {"pre": [1, 1, 1], "post": [0, 0, 0]},
						"3.9583": {"pre": [0, 0, 0], "post": [1, 1, 1]},
						"4.2083": {"pre": [1, 1, 1], "post": [0, 0, 0]},
						"4.4583": {"pre": [0, 0, 0], "post": [1, 1, 1]},
						"4.7083": {"pre": [1, 1, 1], "post": [0, 0, 0]},
						"4.9583": {"pre": [0, 0, 0], "post": [1, 1, 1]},
						"5.2083": {"pre": [1, 1, 1], "post": [0, 0, 0]},
						"5.4583": {"pre": [0, 0, 0], "post": [1, 1, 1]},
						"5.7083": {"pre": [1, 1, 1], "post": [0, 0, 0]}
					}
				},
				"dark": {
					"scale": {
						"0.25": {"pre": [0, 0, 0], "post": [1, 1, 1]},
						"0.5": {"pre": [1, 1, 1], "post": [0, 0, 0]},
						"0.75": {"pre": [0, 0, 0], "post": [1, 1, 1]},
						"0.875": {"pre": [1, 1, 1], "post": [0, 0, 0]},
						"4.8333": {"pre": [0, 0, 0], "post": [1, 1, 1]},
						"5.0833": {"pre": [1, 1, 1], "post": [0, 0, 0]},
						"5.3333": {"pre": [0, 0, 0], "post": [1, 1, 1]},
						"5.5833": {"pre": [1, 1, 1], "post": [0, 0, 0]}
					}
				}
			},
			"sound_effects": {
				"0.3333": {
					"effect": "warhammer:accatran_ii/inspect_kick"
				},
				"0.6667": {
					"effect": "warhammer:accatran_ii/inspect_kick"
				},
				"0.8333": {
					"effect": "warhammer:accatran_ii/inspect_magdrop"
				},
				"1.0417": {
					"effect": "warhammer:accatran_ii/draw"
				},
				"3.5": {
					"effect": "warhammer:accatran_ii/inspect_magup"
				}
			}
		}
	}
}