{
	"format_version": "1.8.0",
	"animations": {
		"shoot": {
			"animation_length": 0.5417,
			"bones": {
				"camera": {
					"rotation": {
						"0.0": [0, 0, 0],
						"0.0417": [0.25, 0, 0.5],
						"0.0833": [0, 0, 0]
					}
				},
				"bolt": {
					"position": {
						"0.0": {
							"post": [0, 0, 0],
							"lerp_mode": "catmullrom"
						},
						"0.0417": {
							"post": [0, -0.1, 2.975],
							"lerp_mode": "catmullrom"
						},
						"0.0833": {
							"post": [0, 0, 0],
							"lerp_mode": "catmullrom"
						}
					}
				},
				"right_and_left": {
					"rotation": {
						"0.0": [0, 0, 0],
						"0.0833": [0, 0, 0],
						"0.4167": [0, 0, 0]
					},
					"position": {
						"0.0": {
							"post": [0, 0, 0],
							"lerp_mode": "catmullrom"
						},
						"0.0833": {
							"post": [0, 0.1, 1],
							"lerp_mode": "catmullrom"
						},
						"0.4167": {
							"post": [0, 0, 0],
							"lerp_mode": "catmullrom"
						}
					}
				},
				"octagon9": {
					"rotation": {
						"0.0": [0, 0, 0],
						"0.0833": [0, 22.5, 0],
						"0.4167": [0, 0, 0]
					}
				}
			}
		},
		"draw": {
			"animation_length": 3.125,
			"bones": {
				"camera": {
					"rotation": {
						"0.2083": {
							"pre": [0, 0, 0],
							"post": [0, 0, 0],
							"lerp_mode": "catmullrom"
						},
						"0.6667": {
							"post": [0, 2.5, 0],
							"lerp_mode": "catmullrom"
						},
						"0.875": {
							"post": [2.5, 5, 0],
							"lerp_mode": "catmullrom"
						},
						"1.0": {
							"post": [0, 0, 0],
							"lerp_mode": "catmullrom"
						},
						"1.2083": {
							"post": [5, 0, 0],
							"lerp_mode": "catmullrom"
						},
						"1.5": {
							"post": [7.5, 0, 0],
							"lerp_mode": "catmullrom"
						},
						"1.9583": {
							"post": [0, 0, 0],
							"lerp_mode": "catmullrom"
						}
					}
				},
				"right_and_left": {
					"rotation": {
						"0.3333": {
							"pre": [-40, -42.5, 0],
							"post": [-40, -42.5, 0],
							"lerp_mode": "catmullrom"
						},
						"0.75": {
							"post": [-69.71896, -35.514, 3.51822],
							"lerp_mode": "catmullrom"
						},
						"1.2083": [10, -2.5, 15],
						"1.25": [14.05, -2.44, 14.65],
						"1.2917": [15.82, -2.35, 14.08],
						"1.3333": [16.33, -2.24, 13.43],
						"1.375": [16.05, -2.12, 12.74],
						"1.4167": [15.23, -2, 12.02],
						"1.4583": [14.03, -1.88, 11.29],
						"1.5": [12.55, -1.76, 10.54],
						"1.5417": [10.89, -1.63, 9.79],
						"1.5833": [9.1, -1.5, 9.03],
						"1.625": [7.25, -1.38, 8.27],
						"1.6667": [5.38, -1.25, 7.5],
						"1.7083": [3.53, -1.12, 6.74],
						"1.75": [1.74, -1, 5.97],
						"1.7917": [0.08, -0.87, 5.21],
						"1.8333": [-1.42, -0.74, 4.46],
						"1.875": [-2.7, -0.62, 3.71],
						"1.9167": [-3.7, -0.5, 2.98],
						"1.9583": [-4.32, -0.38, 2.26],
						"2.0": [-4.45, -0.26, 1.57],
						"2.0417": [-3.95, -0.15, 0.92],
						"2.0833": [-2.59, -0.06, 0.35],
						"2.125": [0, 0, 0]
					},
					"position": {
						"0.3333": {
							"pre": [0, -14, -4],
							"post": [0, -14, -4],
							"lerp_mode": "catmullrom"
						},
						"0.75": {
							"post": [4.74, 8.55, -5.61],
							"lerp_mode": "catmullrom"
						},
						"1.2083": {
							"post": [-1.26, -1.45, 4.39],
							"lerp_mode": "catmullrom"
						},
						"1.5417": [-0.78, -4.14, 2.72],
						"1.5833": [-0.75, -3.77, 2.61],
						"1.625": [-0.68, -2.87, 2.36],
						"1.6667": [-0.59, -1.8, 2.06],
						"1.7083": [-0.49, -0.79, 1.72],
						"1.75": [-0.39, 0, 1.36],
						"1.7917": [-0.29, 0.53, 1],
						"1.8333": [-0.19, 0.79, 0.66],
						"1.875": [-0.1, 0.77, 0.36],
						"1.9167": [-0.03, 0.5, 0.11],
						"1.9583": [0, 0, 0]
					}
				},
				"righthand": {
					"rotation": {
						"0.0": {
							"post": [-25, 42.5, 0],
							"lerp_mode": "catmullrom"
						},
						"0.25": {
							"post": [8.03506, 18.44516, 39.52913],
							"lerp_mode": "catmullrom"
						},
						"0.8333": {
							"post": [8.04, 18.45, 39.53],
							"lerp_mode": "catmullrom"
						},
						"1.0833": {
							"post": [0, 0, 0],
							"lerp_mode": "catmullrom"
						}
					},
					"position": {
						"0.0": {
							"post": [10, -5, -2],
							"lerp_mode": "catmullrom"
						},
						"0.125": {
							"post": [1, -4, -2],
							"lerp_mode": "catmullrom"
						},
						"0.25": {
							"post": [-1, 7, 0],
							"lerp_mode": "catmullrom"
						},
						"0.8333": {
							"post": [-1, 5, 0],
							"lerp_mode": "catmullrom"
						},
						"0.9583": {
							"post": [0, 4, 0],
							"lerp_mode": "catmullrom"
						},
						"1.0833": {
							"post": [0, 0, 0],
							"lerp_mode": "catmullrom"
						}
					}
				}
			},
			"sound_effects": {
				"0.0": {
					"effect": "draw"
				}
			}
		},
		"reload_empty": {
			"animation_length": 7.2917,
			"bones": {
				"bolt": {
					"position": {
						"3.5417": [0, 0, 0],
						"3.6667": [0, 0, 3],
						"4.0417": [0, 0, 3],
						"4.25": [0, 0, 0]
					}
				},
				"block": {
					"position": {
						"0.75": [0, 0, 0],
						"0.7917": [0, 0.5, 0],
						"2.75": [0, 0.5, 0],
						"2.7917": [0, 0, 0]
					}
				},
				"right_and_left": {
					"rotation": {
						"0.0": {
							"post": [0, 0, 0],
							"lerp_mode": "catmullrom"
						},
						"0.4167": {
							"post": [-73.93, -21.79, -2.04],
							"lerp_mode": "catmullrom"
						},
						"0.8333": {
							"post": [-73.93, -21.79, -2.04],
							"lerp_mode": "catmullrom"
						},
						"2.75": {
							"post": [-73.93, -21.79, -2.04],
							"lerp_mode": "catmullrom"
						},
						"2.7917": {
							"post": [-73.93, -21.79, -1.04],
							"lerp_mode": "catmullrom"
						},
						"2.8333": {
							"post": [-73.93, -21.79, -2.04],
							"lerp_mode": "catmullrom"
						},
						"3.0": {
							"post": [-73.93, -21.79, -2.04],
							"lerp_mode": "catmullrom"
						},
						"3.3333": [0, 0, 0],
						"3.5": [1, 0, 0],
						"3.6667": {
							"pre": [0, 0, 0],
							"post": [0, 0, 0],
							"lerp_mode": "catmullrom"
						}
					},
					"position": {
						"0.0": {
							"post": [0, 0, 0],
							"lerp_mode": "catmullrom"
						},
						"0.2083": {
							"post": [-0.15, 5.38, -2.845],
							"lerp_mode": "catmullrom"
						},
						"0.4167": {
							"post": [-0.15, 9.63, -2.845],
							"lerp_mode": "catmullrom"
						},
						"0.8333": {
							"post": [-0.15, 9.63, -2.845],
							"lerp_mode": "catmullrom"
						},
						"2.75": {
							"post": [-0.15, 9.63, -2.845],
							"lerp_mode": "catmullrom"
						},
						"2.7917": {
							"post": [-0.15, 9.63, -2.845],
							"lerp_mode": "catmullrom"
						},
						"2.8333": {
							"post": [-0.15, 9.63, -2.845],
							"lerp_mode": "catmullrom"
						},
						"3.0": {
							"post": [-0.15, 9.63, -2.845],
							"lerp_mode": "catmullrom"
						},
						"3.1667": {
							"post": [-0.15, 5.38, -2.845],
							"lerp_mode": "catmullrom"
						},
						"3.3333": [0, 0, 0],
						"3.5": [0, 0, 0],
						"3.6667": {
							"pre": [0, 0, 0],
							"post": [0, 0, 0],
							"lerp_mode": "catmullrom"
						}
					}
				},
				"righthand_and_mag": {
					"rotation": {
						"1.5833": [0, 0, 0],
						"1.625": [75.626, 39.47238, -190.69979],
						"1.7917": {
							"pre": [75.626, 39.47238, -190.69979],
							"post": [75.626, 39.47238, -190.69979],
							"lerp_mode": "catmullrom"
						},
						"2.4583": {
							"post": [0, 0, 0],
							"lerp_mode": "catmullrom"
						}
					},
					"position": {
						"1.5833": [0, 0, 0],
						"1.625": [-0.38126, -9.69984, 17.77582],
						"1.7917": {
							"pre": [-0.38126, -9.69984, 17.77582],
							"post": [-0.38126, -9.69984, 17.77582],
							"lerp_mode": "catmullrom"
						},
						"2.4583": {
							"post": [0, 0, 0],
							"lerp_mode": "catmullrom"
						}
					}
				},
				"magazine": {
					"rotation": {
						"0.7917": [0, 0, 0],
						"0.9583": [0, 32.5, 0],
						"1.375": [0, 32.5, 0],
						"1.5833": [0, 62.5, 142.5],
						"1.625": [0, 32.5, 0],
						"2.5833": [0, 32.5, 0],
						"2.75": [0, 0, 0]
					}
				},
				"righthand": {
					"rotation": {
						"0.0": {
							"post": [0, 0, 0],
							"lerp_mode": "catmullrom"
						},
						"0.125": {
							"post": [0, 0, 0],
							"lerp_mode": "catmullrom"
						},
						"0.4167": {
							"post": [5.521, 19.425, 27.66603],
							"lerp_mode": "catmullrom"
						},
						"1.0": {
							"post": [5.521, 19.425, 27.66603],
							"lerp_mode": "catmullrom"
						},
						"1.25": {
							"post": [5.521, 19.425, 27.66603],
							"lerp_mode": "catmullrom"
						},
						"1.3333": {
							"post": [22.40693, 18.84725, -9.8115],
							"lerp_mode": "catmullrom"
						},
						"1.5833": {
							"post": [75.626, 39.47238, -133.19979],
							"lerp_mode": "catmullrom"
						},
						"1.625": [5.521, 19.425, 27.66603],
						"2.5833": {
							"pre": [5.521, 19.425, 27.66603],
							"post": [5.521, 19.425, 27.66603],
							"lerp_mode": "catmullrom"
						},
						"3.4583": {
							"post": [0, 0, 0],
							"lerp_mode": "catmullrom"
						}
					},
					"position": {
						"0.0": {
							"post": [0, 0, 0],
							"lerp_mode": "catmullrom"
						},
						"0.125": {
							"post": [0, 0, 0],
							"lerp_mode": "catmullrom"
						},
						"0.4167": {
							"post": [1.95194, -3.63391, 0.15548],
							"lerp_mode": "catmullrom"
						},
						"0.7917": {
							"post": [1.95194, -3.63391, 0.15548],
							"lerp_mode": "catmullrom"
						},
						"1.0": {
							"post": [1.03202, -3.52331, -0.30987],
							"lerp_mode": "catmullrom"
						},
						"1.1667": {
							"post": [-0.35904, -5.74101, 0.74023],
							"lerp_mode": "catmullrom"
						},
						"1.25": {
							"post": [-0.35904, -5.74101, 0.74023],
							"lerp_mode": "catmullrom"
						},
						"1.3333": {
							"post": [-0.01767, -6.79651, -1.82788],
							"lerp_mode": "catmullrom"
						},
						"1.5833": {
							"post": [6.61874, -9.69984, 10.77582],
							"lerp_mode": "catmullrom"
						},
						"1.625": [1.95194, -3.63391, 0.15548],
						"2.5833": {
							"pre": [1.43536, -3.49036, -0.13139],
							"post": [1.43536, -3.49036, -0.13139],
							"lerp_mode": "catmullrom"
						},
						"2.7917": {
							"post": [2.31417, -3.74102, 0.56757],
							"lerp_mode": "catmullrom"
						},
						"3.4583": {
							"post": [0, 0, 0],
							"lerp_mode": "catmullrom"
						}
					}
				},
				"camera": {
					"rotation": {
						"0.0": {
							"post": [0, 0, 0],
							"lerp_mode": "catmullrom"
						},
						"0.2917": {
							"post": [5, 0, 0],
							"lerp_mode": "catmullrom"
						},
						"1.2917": {
							"post": [5, 0, 0],
							"lerp_mode": "catmullrom"
						},
						"1.4167": {
							"post": [5, -2.5, 0],
							"lerp_mode": "catmullrom"
						},
						"1.5417": {
							"post": [5, 0, 0],
							"lerp_mode": "catmullrom"
						},
						"3.375": {
							"post": [1, 0, 0],
							"lerp_mode": "catmullrom"
						},
						"3.5": {
							"post": [-1, 0, 0],
							"lerp_mode": "catmullrom"
						},
						"3.625": {
							"post": [0, 0, 0],
							"lerp_mode": "catmullrom"
						}
					}
				},
				"maga": {
					"position": {
						"1.25": {
							"pre": [0, 0, 0],
							"post": [0, 0, 0],
							"lerp_mode": "catmullrom"
						},
						"1.2917": {
							"post": [0.46398, -1.36316, -0.38424],
							"lerp_mode": "catmullrom"
						},
						"1.5": {
							"post": [0, -9, 0],
							"lerp_mode": "catmullrom"
						},
						"1.5833": {
							"post": [-0.03, -14.47, 9.07],
							"lerp_mode": "catmullrom"
						},
						"1.625": [0, 0, 0]
					}
				}
			},
			"sound_effects": {
				"0.0": {
					"effect": "reload_empty"
				}
			}
		},
		"inspect_empty": {
			"animation_length": 7.2917,
			"bones": {
				"bolt": {
					"position": {
						"3.5417": [0, 0, 0],
						"3.6667": [0, 0, 3],
						"4.0417": [0, 0, 3],
						"4.25": [0, 0, 0]
					}
				},
				"block": {
					"position": {
						"0.75": [0, 0, 0],
						"0.7917": [0, 0.5, 0],
						"2.75": [0, 0.5, 0],
						"2.7917": [0, 0, 0]
					}
				},
				"right_and_left": {
					"rotation": {
						"0.0": {
							"post": [0, 0, 0],
							"lerp_mode": "catmullrom"
						},
						"0.4167": {
							"post": [-73.93, -21.79, -2.04],
							"lerp_mode": "catmullrom"
						},
						"0.8333": {
							"post": [-73.93, -21.79, -2.04],
							"lerp_mode": "catmullrom"
						},
						"3.5": {
							"post": [-74.93, -21.79, -2.04],
							"lerp_mode": "catmullrom"
						},
						"3.875": {
							"post": [-73.93, -21.79, -2.04],
							"lerp_mode": "catmullrom"
						},
						"4.375": [3, 0, 0],
						"4.4167": [4.71, 0, 0],
						"4.4583": [6.05, 0, 0],
						"4.5": [6.93, 0, 0],
						"4.5417": [7.22, 0, 0],
						"4.5833": [6.77, 0, 0],
						"4.625": [5.43, 0, 0],
						"4.6667": [3.13, 0, 0],
						"4.7083": [0, 0, 0]
					},
					"position": {
						"0.0": {
							"post": [0, 0, 0],
							"lerp_mode": "catmullrom"
						},
						"0.2083": {
							"post": [-0.15, 5.38, -2.845],
							"lerp_mode": "catmullrom"
						},
						"0.4167": {
							"post": [2.85, 9.63, -2.845],
							"lerp_mode": "catmullrom"
						},
						"0.8333": {
							"post": [2.85, 9.63, -2.845],
							"lerp_mode": "catmullrom"
						},
						"3.7083": {
							"post": [2.85, 9.63, -2.845],
							"lerp_mode": "catmullrom"
						},
						"3.875": {
							"post": [2.85, 9.63, -2.845],
							"lerp_mode": "catmullrom"
						},
						"4.375": {
							"post": [0, -1.5, 0],
							"lerp_mode": "catmullrom"
						},
						"4.7083": {
							"post": [0, 0, 0],
							"lerp_mode": "catmullrom"
						}
					}
				},
				"righthand_and_mag": {
					"rotation": {
						"1.2917": {
							"pre": [0, 0, 0],
							"post": [0, 0, 0],
							"lerp_mode": "catmullrom"
						},
						"1.4167": {
							"post": [0, 0, 0],
							"lerp_mode": "catmullrom"
						},
						"1.5833": {
							"post": [39.42125, -52.38924, -5.00373],
							"lerp_mode": "catmullrom"
						},
						"2.0": {
							"post": [39.42125, -52.38924, -5.00373],
							"lerp_mode": "catmullrom"
						},
						"2.25": {
							"post": [0, -37.5, 0],
							"lerp_mode": "catmullrom"
						},
						"2.3333": {
							"post": [0, -33, 0],
							"lerp_mode": "catmullrom"
						},
						"2.5": {
							"post": [0, -37.5, 0],
							"lerp_mode": "catmullrom"
						},
						"2.5833": {
							"post": [0, -33, 0],
							"lerp_mode": "catmullrom"
						},
						"2.9167": {
							"post": [0, -37.5, 0],
							"lerp_mode": "catmullrom"
						},
						"3.125": {
							"post": [0, -37.5, 0],
							"lerp_mode": "catmullrom"
						},
						"3.4167": {
							"post": [0, 0, 0],
							"lerp_mode": "catmullrom"
						}
					},
					"position": {
						"1.2917": {
							"pre": [0, 0, 0],
							"post": [0, 0, 0],
							"lerp_mode": "catmullrom"
						},
						"1.4167": {
							"post": [0.21006, -1.27867, -0.7118],
							"lerp_mode": "catmullrom"
						},
						"1.5833": {
							"post": [0.41769, 2.27813, -1.99687],
							"lerp_mode": "catmullrom"
						},
						"2.0": {
							"post": [0.41769, 2.27813, -1.99687],
							"lerp_mode": "catmullrom"
						},
						"2.25": {
							"post": [-1.45222, 2.8945, -2.46911],
							"lerp_mode": "catmullrom"
						},
						"2.9167": {
							"post": [-1.45222, 2.8945, -2.46911],
							"lerp_mode": "catmullrom"
						},
						"3.125": {
							"post": [-1.45222, 2.8945, -2.46911],
							"lerp_mode": "catmullrom"
						},
						"3.4167": {
							"post": [0, 0, 0],
							"lerp_mode": "catmullrom"
						}
					}
				},
				"magazine": {
					"rotation": {
						"0.7083": [0, 0, 0],
						"0.875": [0, 32.5, 0],
						"3.5417": [0, 32.5, 0],
						"3.7083": [0, 0, 0]
					}
				},
				"righthand": {
					"rotation": {
						"0.0": {
							"post": [0, 0, 0],
							"lerp_mode": "catmullrom"
						},
						"0.125": {
							"post": [0, 0, 0],
							"lerp_mode": "catmullrom"
						},
						"0.4167": {
							"post": [5.521, 19.425, 27.66603],
							"lerp_mode": "catmullrom"
						},
						"0.9167": {
							"post": [5.521, 19.425, 27.66603],
							"lerp_mode": "catmullrom"
						},
						"1.2917": {
							"post": [5.521, 19.425, 27.66603],
							"lerp_mode": "catmullrom"
						},
						"3.25": {
							"post": [5.521, 19.425, 27.66603],
							"lerp_mode": "catmullrom"
						},
						"3.4583": {
							"post": [5.521, 19.425, 27.66603],
							"lerp_mode": "catmullrom"
						},
						"3.625": {
							"post": [5.521, 19.425, 27.66603],
							"lerp_mode": "catmullrom"
						},
						"3.9167": {
							"post": [0, 0, 0],
							"lerp_mode": "catmullrom"
						}
					},
					"position": {
						"0.0": {
							"post": [0, 0, 0],
							"lerp_mode": "catmullrom"
						},
						"0.125": {
							"post": [0, 0, 0],
							"lerp_mode": "catmullrom"
						},
						"0.4167": {
							"post": [1.95194, -3.63391, 0.15548],
							"lerp_mode": "catmullrom"
						},
						"0.6667": {
							"post": [1.95194, -3.63391, 0.15548],
							"lerp_mode": "catmullrom"
						},
						"0.9167": {
							"post": [1.43536, -3.49036, -0.13139],
							"lerp_mode": "catmullrom"
						},
						"1.1667": {
							"post": [-0.35904, -5.74101, 0.74023],
							"lerp_mode": "catmullrom"
						},
						"1.2917": {
							"post": [-0.35904, -5.74101, 0.74023],
							"lerp_mode": "catmullrom"
						},
						"3.25": {
							"post": [-0.35904, -5.74101, 0.74023],
							"lerp_mode": "catmullrom"
						},
						"3.4583": {
							"post": [1.43536, -3.49036, -0.13139],
							"lerp_mode": "catmullrom"
						},
						"3.625": {
							"post": [2.59248, -3.80926, 0.61653],
							"lerp_mode": "catmullrom"
						},
						"3.8333": {
							"post": [1.95194, -3.63391, 0.15548],
							"lerp_mode": "catmullrom"
						},
						"3.9167": {
							"post": [0, 0, 0],
							"lerp_mode": "catmullrom"
						}
					}
				},
				"camera": {
					"rotation": {
						"0.0": {
							"post": [0, 0, 0],
							"lerp_mode": "catmullrom"
						},
						"0.2917": {
							"post": [5, 0, 0],
							"lerp_mode": "catmullrom"
						},
						"1.2917": {
							"post": [5, 0, 0],
							"lerp_mode": "catmullrom"
						},
						"1.4167": {
							"post": [5, -2.5, 0],
							"lerp_mode": "catmullrom"
						},
						"1.5417": {
							"post": [5, 0, 0],
							"lerp_mode": "catmullrom"
						},
						"4.125": {
							"post": [1, 0, 0],
							"lerp_mode": "catmullrom"
						},
						"4.25": {
							"post": [-1, 0, 0],
							"lerp_mode": "catmullrom"
						},
						"4.375": {
							"post": [0, 0, 0],
							"lerp_mode": "catmullrom"
						}
					}
				}
			},
			"sound_effects": {
				"0.0": {
					"effect": "warhammer:artemia_iii/inspect_2"
				},
				"2.3333": {
					"effect": "warhammer:artemia_iii/inspect_hit"
				},
				"2.5833": {
					"effect": "warhammer:artemia_iii/inspect_hit"
				},
				"3.125": {
					"effect": "warhammer:artemia_iii/inspect_1"
				}
			}
		},
		"inspect": {
			"animation_length": 7.2917,
			"bones": {
				"bolt": {
					"position": {
						"3.5417": [0, 0, 0],
						"3.6667": [0, 0, 3],
						"4.0417": [0, 0, 3],
						"4.25": [0, 0, 0]
					}
				},
				"block": {
					"position": {
						"0.75": [0, 0, 0],
						"0.7917": [0, 0.5, 0],
						"2.75": [0, 0.5, 0],
						"2.7917": [0, 0, 0]
					}
				},
				"right_and_left": {
					"rotation": {
						"0.0": {
							"post": [0, 0, 0],
							"lerp_mode": "catmullrom"
						},
						"0.4167": {
							"post": [-73.93, -21.79, -2.04],
							"lerp_mode": "catmullrom"
						},
						"0.8333": {
							"post": [-73.93, -21.79, -2.04],
							"lerp_mode": "catmullrom"
						},
						"3.5": {
							"post": [-74.93, -21.79, -2.04],
							"lerp_mode": "catmullrom"
						},
						"3.875": {
							"post": [-73.93, -21.79, -2.04],
							"lerp_mode": "catmullrom"
						},
						"4.375": [3, 0, 0],
						"4.4167": [4.71, 0, 0],
						"4.4583": [6.05, 0, 0],
						"4.5": [6.93, 0, 0],
						"4.5417": [7.22, 0, 0],
						"4.5833": [6.77, 0, 0],
						"4.625": [5.43, 0, 0],
						"4.6667": [3.13, 0, 0],
						"4.7083": [0, 0, 0]
					},
					"position": {
						"0.0": {
							"post": [0, 0, 0],
							"lerp_mode": "catmullrom"
						},
						"0.2083": {
							"post": [-0.15, 5.38, -2.845],
							"lerp_mode": "catmullrom"
						},
						"0.4167": {
							"post": [2.85, 9.63, -2.845],
							"lerp_mode": "catmullrom"
						},
						"0.8333": {
							"post": [2.85, 9.63, -2.845],
							"lerp_mode": "catmullrom"
						},
						"3.7083": {
							"post": [2.85, 9.63, -2.845],
							"lerp_mode": "catmullrom"
						},
						"3.875": {
							"post": [2.85, 9.63, -2.845],
							"lerp_mode": "catmullrom"
						},
						"4.375": {
							"post": [0, -1.5, 0],
							"lerp_mode": "catmullrom"
						},
						"4.7083": {
							"post": [0, 0, 0],
							"lerp_mode": "catmullrom"
						}
					}
				},
				"righthand_and_mag": {
					"rotation": {
						"1.2917": {
							"pre": [0, 0, 0],
							"post": [0, 0, 0],
							"lerp_mode": "catmullrom"
						},
						"1.4167": {
							"post": [0, 0, 0],
							"lerp_mode": "catmullrom"
						},
						"1.5833": {
							"post": [39.42125, -52.38924, -5.00373],
							"lerp_mode": "catmullrom"
						},
						"1.875": {
							"post": [39.42125, -52.38924, -5.00373],
							"lerp_mode": "catmullrom"
						},
						"2.0": {
							"post": [31.59385, -41.50757, -2.37302],
							"lerp_mode": "catmullrom"
						},
						"2.125": {
							"post": [39.42125, -52.38924, -5.00373],
							"lerp_mode": "catmullrom"
						},
						"2.25": {
							"post": [31.59385, -41.50757, -2.37302],
							"lerp_mode": "catmullrom"
						},
						"2.375": {
							"post": [39.42125, -52.38924, -5.00373],
							"lerp_mode": "catmullrom"
						},
						"2.5": {
							"post": [31.59385, -41.50757, -2.37302],
							"lerp_mode": "catmullrom"
						},
						"2.8333": {
							"post": [39.42125, -52.38924, -5.00373],
							"lerp_mode": "catmullrom"
						},
						"3.125": {
							"post": [0, 0, 0],
							"lerp_mode": "catmullrom"
						},
						"3.4167": {
							"post": [0, 0, 0],
							"lerp_mode": "catmullrom"
						}
					},
					"position": {
						"1.2917": {
							"pre": [0, 0, 0],
							"post": [0, 0, 0],
							"lerp_mode": "catmullrom"
						},
						"1.4167": {
							"post": [0.21006, -1.27867, -0.7118],
							"lerp_mode": "catmullrom"
						},
						"1.5833": {
							"post": [0.41769, 2.27813, -1.99687],
							"lerp_mode": "catmullrom"
						},
						"1.875": {
							"post": [0.41769, 2.27813, -1.99687],
							"lerp_mode": "catmullrom"
						},
						"2.8333": {
							"post": [0.41769, 2.27813, -1.99687],
							"lerp_mode": "catmullrom"
						},
						"3.125": {
							"post": [0.21006, -1.27867, -0.7118],
							"lerp_mode": "catmullrom"
						},
						"3.4167": {
							"post": [0, 0, 0],
							"lerp_mode": "catmullrom"
						}
					}
				},
				"magazine": {
					"rotation": {
						"0.7083": [0, 0, 0],
						"0.875": [0, 32.5, 0],
						"3.5417": [0, 32.5, 0],
						"3.7083": [0, 0, 0]
					}
				},
				"righthand": {
					"rotation": {
						"0.0": {
							"post": [0, 0, 0],
							"lerp_mode": "catmullrom"
						},
						"0.125": {
							"post": [0, 0, 0],
							"lerp_mode": "catmullrom"
						},
						"0.4167": {
							"post": [5.521, 19.425, 27.66603],
							"lerp_mode": "catmullrom"
						},
						"0.9167": {
							"post": [5.521, 19.425, 27.66603],
							"lerp_mode": "catmullrom"
						},
						"1.2917": {
							"post": [5.521, 19.425, 27.66603],
							"lerp_mode": "catmullrom"
						},
						"3.25": {
							"post": [5.521, 19.425, 27.66603],
							"lerp_mode": "catmullrom"
						},
						"3.4583": {
							"post": [5.521, 19.425, 27.66603],
							"lerp_mode": "catmullrom"
						},
						"3.625": {
							"post": [5.521, 19.425, 27.66603],
							"lerp_mode": "catmullrom"
						},
						"3.9167": {
							"post": [0, 0, 0],
							"lerp_mode": "catmullrom"
						}
					},
					"position": {
						"0.0": {
							"post": [0, 0, 0],
							"lerp_mode": "catmullrom"
						},
						"0.125": {
							"post": [0, 0, 0],
							"lerp_mode": "catmullrom"
						},
						"0.4167": {
							"post": [1.95194, -3.63391, 0.15548],
							"lerp_mode": "catmullrom"
						},
						"0.6667": {
							"post": [1.95194, -3.63391, 0.15548],
							"lerp_mode": "catmullrom"
						},
						"0.9167": {
							"post": [1.43536, -3.49036, -0.13139],
							"lerp_mode": "catmullrom"
						},
						"1.1667": {
							"post": [-0.35904, -5.74101, 0.74023],
							"lerp_mode": "catmullrom"
						},
						"1.2917": {
							"post": [-0.35904, -5.74101, 0.74023],
							"lerp_mode": "catmullrom"
						},
						"3.25": {
							"post": [-0.35904, -5.74101, 0.74023],
							"lerp_mode": "catmullrom"
						},
						"3.4583": {
							"post": [1.43536, -3.49036, -0.13139],
							"lerp_mode": "catmullrom"
						},
						"3.625": {
							"post": [2.59248, -3.80926, 0.61653],
							"lerp_mode": "catmullrom"
						},
						"3.8333": {
							"post": [1.95194, -3.63391, 0.15548],
							"lerp_mode": "catmullrom"
						},
						"3.9167": {
							"post": [0, 0, 0],
							"lerp_mode": "catmullrom"
						}
					}
				},
				"camera": {
					"rotation": {
						"0.0": {
							"post": [0, 0, 0],
							"lerp_mode": "catmullrom"
						},
						"0.2917": {
							"post": [5, 0, 0],
							"lerp_mode": "catmullrom"
						},
						"1.2917": {
							"post": [5, 0, 0],
							"lerp_mode": "catmullrom"
						},
						"1.4167": {
							"post": [5, -2.5, 0],
							"lerp_mode": "catmullrom"
						},
						"1.5417": {
							"post": [5, 0, 0],
							"lerp_mode": "catmullrom"
						},
						"4.125": {
							"post": [1, 0, 0],
							"lerp_mode": "catmullrom"
						},
						"4.25": {
							"post": [-1, 0, 0],
							"lerp_mode": "catmullrom"
						},
						"4.375": {
							"post": [0, 0, 0],
							"lerp_mode": "catmullrom"
						}
					}
				}
			},
			"sound_effects": {
				"0.0": {
					"effect": "warhammer:artemia_iii/inspect_2"
				},
				"1.875": {
					"effect": "warhammer:artemia_iii/inspect_shake"
				},
				"3.125": {
					"effect": "warhammer:artemia_iii/inspect_1"
				}
			}
		},
		"reload_tactical": {
			"animation_length": 7.2917,
			"bones": {
				"bolt": {
					"position": {
						"3.5417": [0, 0, 0],
						"3.6667": [0, 0, 3],
						"4.0417": [0, 0, 3],
						"4.25": [0, 0, 0]
					}
				},
				"block": {
					"position": {
						"0.75": [0, 0, 0],
						"0.7917": [0, 0.5, 0],
						"2.75": [0, 0.5, 0],
						"2.7917": [0, 0, 0]
					}
				},
				"right_and_left": {
					"rotation": {
						"0.0": {
							"post": [0, 0, 0],
							"lerp_mode": "catmullrom"
						},
						"0.4167": {
							"post": [-73.93, -21.79, -2.04],
							"lerp_mode": "catmullrom"
						},
						"0.8333": {
							"post": [-73.93, -21.79, -2.04],
							"lerp_mode": "catmullrom"
						},
						"2.75": {
							"post": [-73.93, -21.79, -2.04],
							"lerp_mode": "catmullrom"
						},
						"2.7917": {
							"post": [-73.93, -21.79, -1.04],
							"lerp_mode": "catmullrom"
						},
						"2.8333": {
							"post": [-73.93, -21.79, -2.04],
							"lerp_mode": "catmullrom"
						},
						"3.0": {
							"post": [-73.93, -21.79, -2.04],
							"lerp_mode": "catmullrom"
						},
						"3.3333": [0, 0, 0],
						"3.5": [1, 0, 0],
						"3.6667": {
							"pre": [0, 0, 0],
							"post": [0, 0, 0],
							"lerp_mode": "catmullrom"
						}
					},
					"position": {
						"0.0": {
							"post": [0, 0, 0],
							"lerp_mode": "catmullrom"
						},
						"0.2083": {
							"post": [-0.15, 5.38, -2.845],
							"lerp_mode": "catmullrom"
						},
						"0.4167": {
							"post": [-0.15, 9.63, -2.845],
							"lerp_mode": "catmullrom"
						},
						"0.8333": {
							"post": [-0.15, 9.63, -2.845],
							"lerp_mode": "catmullrom"
						},
						"2.75": {
							"post": [-0.15, 9.63, -2.845],
							"lerp_mode": "catmullrom"
						},
						"2.7917": {
							"post": [-0.15, 9.63, -2.845],
							"lerp_mode": "catmullrom"
						},
						"2.8333": {
							"post": [-0.15, 9.63, -2.845],
							"lerp_mode": "catmullrom"
						},
						"3.0": {
							"post": [-0.15, 9.63, -2.845],
							"lerp_mode": "catmullrom"
						},
						"3.1667": {
							"post": [-0.15, 5.38, -2.845],
							"lerp_mode": "catmullrom"
						},
						"3.3333": [0, 0, 0],
						"3.5": [0, 0, 0],
						"3.6667": {
							"pre": [0, 0, 0],
							"post": [0, 0, 0],
							"lerp_mode": "catmullrom"
						}
					}
				},
				"righthand_and_mag": {
					"rotation": {
						"1.5833": [0, 0, 0],
						"1.625": [75.626, 39.47238, -190.69979],
						"1.7917": {
							"pre": [75.626, 39.47238, -190.69979],
							"post": [75.626, 39.47238, -190.69979],
							"lerp_mode": "catmullrom"
						},
						"2.4583": {
							"post": [0, 0, 0],
							"lerp_mode": "catmullrom"
						}
					},
					"position": {
						"1.5833": [0, 0, 0],
						"1.625": [-0.38126, -9.69984, 17.77582],
						"1.7917": {
							"pre": [-0.38126, -9.69984, 17.77582],
							"post": [-0.38126, -9.69984, 17.77582],
							"lerp_mode": "catmullrom"
						},
						"2.4583": {
							"post": [0, 0, 0],
							"lerp_mode": "catmullrom"
						}
					}
				},
				"magazine": {
					"rotation": {
						"0.7917": [0, 0, 0],
						"0.9583": [0, 32.5, 0],
						"1.375": [0, 32.5, 0],
						"1.5833": [0, 62.5, 142.5],
						"1.625": [0, 32.5, 0],
						"2.5833": [0, 32.5, 0],
						"2.75": [0, 0, 0]
					}
				},
				"righthand": {
					"rotation": {
						"0.0": {
							"post": [0, 0, 0],
							"lerp_mode": "catmullrom"
						},
						"0.125": {
							"post": [0, 0, 0],
							"lerp_mode": "catmullrom"
						},
						"0.4167": {
							"post": [5.521, 19.425, 27.66603],
							"lerp_mode": "catmullrom"
						},
						"1.0": {
							"post": [5.521, 19.425, 27.66603],
							"lerp_mode": "catmullrom"
						},
						"1.25": {
							"post": [5.521, 19.425, 27.66603],
							"lerp_mode": "catmullrom"
						},
						"1.3333": {
							"post": [22.40693, 18.84725, -9.8115],
							"lerp_mode": "catmullrom"
						},
						"1.5833": {
							"post": [75.626, 39.47238, -133.19979],
							"lerp_mode": "catmullrom"
						},
						"1.625": [5.521, 19.425, 27.66603],
						"2.5833": {
							"pre": [5.521, 19.425, 27.66603],
							"post": [5.521, 19.425, 27.66603],
							"lerp_mode": "catmullrom"
						},
						"3.4583": {
							"post": [0, 0, 0],
							"lerp_mode": "catmullrom"
						}
					},
					"position": {
						"0.0": {
							"post": [0, 0, 0],
							"lerp_mode": "catmullrom"
						},
						"0.125": {
							"post": [0, 0, 0],
							"lerp_mode": "catmullrom"
						},
						"0.4167": {
							"post": [1.95194, -3.63391, 0.15548],
							"lerp_mode": "catmullrom"
						},
						"0.7917": {
							"post": [1.95194, -3.63391, 0.15548],
							"lerp_mode": "catmullrom"
						},
						"1.0": {
							"post": [1.03202, -3.52331, -0.30987],
							"lerp_mode": "catmullrom"
						},
						"1.1667": {
							"post": [-0.35904, -5.74101, 0.74023],
							"lerp_mode": "catmullrom"
						},
						"1.25": {
							"post": [-0.35904, -5.74101, 0.74023],
							"lerp_mode": "catmullrom"
						},
						"1.3333": {
							"post": [-0.01767, -6.79651, -1.82788],
							"lerp_mode": "catmullrom"
						},
						"1.5833": {
							"post": [6.61874, -9.69984, 10.77582],
							"lerp_mode": "catmullrom"
						},
						"1.625": [1.95194, -3.63391, 0.15548],
						"2.5833": {
							"pre": [1.43536, -3.49036, -0.13139],
							"post": [1.43536, -3.49036, -0.13139],
							"lerp_mode": "catmullrom"
						},
						"2.7917": {
							"post": [2.31417, -3.74102, 0.56757],
							"lerp_mode": "catmullrom"
						},
						"3.4583": {
							"post": [0, 0, 0],
							"lerp_mode": "catmullrom"
						}
					}
				},
				"camera": {
					"rotation": {
						"0.0": {
							"post": [0, 0, 0],
							"lerp_mode": "catmullrom"
						},
						"0.2917": {
							"post": [5, 0, 0],
							"lerp_mode": "catmullrom"
						},
						"1.2917": {
							"post": [5, 0, 0],
							"lerp_mode": "catmullrom"
						},
						"1.4167": {
							"post": [5, -2.5, 0],
							"lerp_mode": "catmullrom"
						},
						"1.5417": {
							"post": [5, 0, 0],
							"lerp_mode": "catmullrom"
						},
						"3.375": {
							"post": [1, 0, 0],
							"lerp_mode": "catmullrom"
						},
						"3.5": {
							"post": [-1, 0, 0],
							"lerp_mode": "catmullrom"
						},
						"3.625": {
							"post": [0, 0, 0],
							"lerp_mode": "catmullrom"
						}
					}
				},
				"maga": {
					"position": {
						"1.25": {
							"pre": [0, 0, 0],
							"post": [0, 0, 0],
							"lerp_mode": "catmullrom"
						},
						"1.2917": {
							"post": [0.46398, -1.36316, -0.38424],
							"lerp_mode": "catmullrom"
						},
						"1.5": {
							"post": [0, -9, 0],
							"lerp_mode": "catmullrom"
						},
						"1.5833": {
							"post": [-0.03, -14.47, 9.07],
							"lerp_mode": "catmullrom"
						},
						"1.625": [0, 0, 0]
					}
				}
			},
			"sound_effects": {
				"0.0": {
					"effect": "reload_empty"
				}
			}
		}
	}
}