{
	"format_version": "1.8.0",
	"animations": {
		"shoot": {
			"animation_length": 0.5,
			"bones": {
				"bolt": {
					"position": {
						"0.0": {
							"post": [0, 0, 0],
							"lerp_mode": "catmullrom"
						},
						"0.0417": {
							"post": [0, -0.1, 2.975],
							"lerp_mode": "catmullrom"
						},
						"0.0833": {
							"post": [0, 0, 0],
							"lerp_mode": "catmullrom"
						}
					}
				},
				"right_and_left": {
					"rotation": {
						"0.0": {
							"post": [0, 0, 0],
							"lerp_mode": "catmullrom"
						},
						"0.0833": {
							"post": [-1.25, 1, 0],
							"lerp_mode": "catmullrom"
						},
						"0.3333": {
							"post": [0, 0, 0],
							"lerp_mode": "catmullrom"
						}
					},
					"position": {
						"0.0": {
							"post": [0, 0, 0],
							"lerp_mode": "catmullrom"
						},
						"0.0833": {
							"post": [0.05, 0, 1.3],
							"lerp_mode": "catmullrom"
						},
						"0.3333": {
							"post": [0, 0, 0],
							"lerp_mode": "catmullrom"
						}
					}
				},
				"camera": {
					"rotation": {
						"0.0": [0, 0, 0],
						"0.0417": [0.25, 0, 0.5],
						"0.0833": [0, 0, 0]
					}
				}
			}
		},
		"draw": {
			"animation_length": 1.25,
			"bones": {
				"right_and_left": {
					"rotation": {
						"0.125": {
							"pre": [-107.03885, -21.88181, -1.18811],
							"post": [-107.03885, -21.88181, -1.18811],
							"lerp_mode": "catmullrom"
						},
						"0.4583": {
							"post": [0, 0, 5],
							"lerp_mode": "catmullrom"
						},
						"0.5417": {
							"post": [0, 0, 2.5],
							"lerp_mode": "catmullrom"
						},
						"0.625": {
							"post": [0, 0, 0],
							"lerp_mode": "catmullrom"
						}
					},
					"position": {
						"0.125": {
							"pre": [-4, 0, -2],
							"post": [-4, 0, -2],
							"lerp_mode": "catmullrom"
						},
						"0.4583": {
							"post": [0, -1, -3],
							"lerp_mode": "catmullrom"
						},
						"0.5417": {
							"post": [0, -1, -3],
							"lerp_mode": "catmullrom"
						},
						"0.625": {
							"post": [0, 0, 0.5],
							"lerp_mode": "catmullrom"
						},
						"0.7083": {
							"post": [0, 0, 0],
							"lerp_mode": "catmullrom"
						}
					}
				},
				"camera": {
					"rotation": {
						"0.0": [0, 0, 0],
						"0.125": [-2.5, 2.5, 0],
						"0.4583": [1.25, -1.25, 0],
						"0.5417": [0, 0, 0],
						"0.625": [0, 0, 2.5],
						"0.7083": [0, 0, 0]
					}
				}
			},
			"sound_effects": {
				"0.0": {
					"effect": "draw"
				}
			}
		},
		"reload_empty": {
			"animation_length": 3.4583,
			"bones": {
				"bolt": {
					"position": {
						"0.125": [0, 0, 0],
						"0.3333": [0, -0.1, 2.975],
						"1.7083": [0, -0.1, 2.975],
						"1.75": [0, -0.1, 2.975],
						"1.9583": [0, 0, 0]
					}
				},
				"right_and_mag": {
					"position": {
						"0.4167": [0, 0, 0],
						"0.5": [0, -11, 0],
						"0.9583": [0, -18, 0],
						"1.0417": [0, -2.25, 0.25],
						"1.125": [0, -4, -0.25],
						"1.3333": [0, -3, -0.5],
						"1.4167": [0, 0, 0]
					}
				},
				"right_and_left": {
					"rotation": {
						"0.0": {
							"post": [0, 0, 0],
							"lerp_mode": "catmullrom"
						},
						"0.0833": {
							"post": [-5, 5, 5],
							"lerp_mode": "catmullrom"
						},
						"0.1667": {
							"post": [-5, 5, 0],
							"lerp_mode": "catmullrom"
						},
						"0.375": {
							"post": [-25, 0, -27.5],
							"lerp_mode": "catmullrom"
						},
						"1.0417": {
							"post": [-25, 0, -35],
							"lerp_mode": "catmullrom"
						},
						"1.4583": {
							"post": [-25, 0, -27.5],
							"lerp_mode": "catmullrom"
						},
						"1.7083": {
							"post": [-23.91, -14.4, 28.14],
							"lerp_mode": "catmullrom"
						},
						"2.2083": {
							"post": [-23.91, 0.6, 28.14],
							"lerp_mode": "catmullrom"
						},
						"2.4167": {
							"post": [-15, 5, -5],
							"lerp_mode": "catmullrom"
						},
						"2.4583": {
							"post": [-5, 5, -5],
							"lerp_mode": "catmullrom"
						},
						"2.625": {
							"post": [0, 0, 0],
							"lerp_mode": "catmullrom"
						}
					},
					"position": {
						"0.1667": {
							"pre": [0, 0, 0],
							"post": [0, 0, 0],
							"lerp_mode": "catmullrom"
						},
						"0.375": {
							"post": [1.57, -0.05, 0],
							"lerp_mode": "catmullrom"
						},
						"0.4167": {
							"post": [2.225, -0.5, 0],
							"lerp_mode": "catmullrom"
						},
						"0.4583": {
							"post": [2, 0, 0],
							"lerp_mode": "catmullrom"
						},
						"1.0417": {
							"post": [2, 1, 0],
							"lerp_mode": "catmullrom"
						},
						"1.4167": {
							"post": [2, 0, 0],
							"lerp_mode": "catmullrom"
						},
						"1.4583": {
							"post": [1.8, 0.5, 0],
							"lerp_mode": "catmullrom"
						},
						"1.5417": {
							"post": [2, 0, -2],
							"lerp_mode": "catmullrom"
						},
						"1.7083": {
							"post": [2, 0, -2],
							"lerp_mode": "catmullrom"
						},
						"2.2083": {
							"post": [2, 0, -2],
							"lerp_mode": "catmullrom"
						},
						"2.3333": {
							"post": [2, 0, -2],
							"lerp_mode": "catmullrom"
						},
						"2.625": {
							"post": [0, 0, 0],
							"lerp_mode": "catmullrom"
						}
					}
				},
				"undefined": {
					"rotation": {
						"0.0833": [11.75, -27.5, -35],
						"0.125": [11.75, -27.5, -35],
						"0.3333": {
							"pre": [11.69633, -30.04545, -33.64195],
							"post": [11.69633, -30.04545, -33.64195],
							"lerp_mode": "catmullrom"
						},
						"0.4583": {
							"post": [10, -27.5, -32.5],
							"lerp_mode": "catmullrom"
						},
						"0.75": {
							"post": [6.7197, -6.88094, -44.57311],
							"lerp_mode": "catmullrom"
						},
						"1.0": {
							"post": [6.7197, -6.88094, -44.57311],
							"lerp_mode": "catmullrom"
						},
						"1.4583": {
							"post": [6.7197, -6.88094, -44.57311],
							"lerp_mode": "catmullrom"
						},
						"1.7083": {
							"post": [16.03784, -29.33419, -39.76593],
							"lerp_mode": "catmullrom"
						},
						"1.75": {
							"post": [16.03784, -29.33419, -39.76593],
							"lerp_mode": "catmullrom"
						},
						"2.0417": {
							"post": [15.92589, -30.50934, -39.83471],
							"lerp_mode": "catmullrom"
						},
						"2.1667": {
							"post": [0, 0, 0],
							"lerp_mode": "catmullrom"
						}
					},
					"position": {
						"0.0": {
							"post": [0, 0, 0],
							"lerp_mode": "catmullrom"
						},
						"0.0833": {
							"post": [2, 1.5, 3],
							"lerp_mode": "catmullrom"
						},
						"0.125": {
							"post": [2, 1.5, 3],
							"lerp_mode": "catmullrom"
						},
						"0.3333": {
							"post": [2, 1.5, 5.25],
							"lerp_mode": "catmullrom"
						},
						"0.4583": {
							"post": [2, 0, 6],
							"lerp_mode": "catmullrom"
						},
						"0.75": {
							"post": [2, 0, 6.27],
							"lerp_mode": "catmullrom"
						},
						"1.0": {
							"post": [2, 0, 6.27],
							"lerp_mode": "catmullrom"
						},
						"1.4583": {
							"post": [2, 0, 6.27],
							"lerp_mode": "catmullrom"
						},
						"1.7083": {
							"post": [2, 0, 6],
							"lerp_mode": "catmullrom"
						},
						"1.75": {
							"post": [2, 1.5, 6],
							"lerp_mode": "catmullrom"
						},
						"1.9583": {
							"post": [2, 1.5, 3],
							"lerp_mode": "catmullrom"
						},
						"2.0417": {
							"post": [2, 1.5, 3],
							"lerp_mode": "catmullrom"
						},
						"2.1667": {
							"post": [0, 0, 0],
							"lerp_mode": "catmullrom"
						}
					}
				},
				"righthand": {
					"rotation": {
						"0.0": {
							"post": [0, 0, 0],
							"lerp_mode": "catmullrom"
						},
						"0.4167": {
							"post": [-19.8693, 7.47613, -31.16398],
							"lerp_mode": "catmullrom"
						},
						"1.4583": {
							"post": [-19.87, 7.48, -31.16],
							"lerp_mode": "catmullrom"
						},
						"1.625": {
							"post": [0, 0, 0],
							"lerp_mode": "catmullrom"
						}
					},
					"position": {
						"0.0": {
							"post": [0, 0, 0],
							"lerp_mode": "catmullrom"
						},
						"0.4167": {
							"post": [7, 0, 6],
							"lerp_mode": "catmullrom"
						},
						"1.4583": {
							"post": [6, -2, 6],
							"lerp_mode": "catmullrom"
						},
						"1.625": {
							"post": [0, 0, 0],
							"lerp_mode": "catmullrom"
						}
					}
				},
				"block": {
					"position": {
						"0.6667": [0, 0, 0],
						"0.7083": [0, -0.5, 0],
						"1.4167": [0, -0.5, 0],
						"1.4583": [0, 0, 0]
					}
				},
				"tikle": {
					"rotation": {
						"1.8333": [0, 0, 0],
						"2.0": [-50, 0, 0],
						"2.125": [0, 0, 0]
					}
				},
				"greenlight": {
					"scale": {
						"0.4583": [1, 1, 1],
						"0.5": [0, 0, 0],
						"1.9583": [0, 0, 0],
						"2.0": [1, 1, 1]
					}
				},
				"lefthand": {
					"rotation": {
						"1.5": {
							"pre": [0, 0, 0],
							"post": [0, 0, 0],
							"lerp_mode": "catmullrom"
						},
						"1.75": {
							"post": [-15, 15, 0],
							"lerp_mode": "catmullrom"
						},
						"1.8333": {
							"post": [-15, 15, 0],
							"lerp_mode": "catmullrom"
						},
						"1.9583": {
							"post": [-10, 15, 0],
							"lerp_mode": "catmullrom"
						},
						"2.0833": {
							"post": [0, 0, 0],
							"lerp_mode": "catmullrom"
						}
					},
					"position": {
						"1.5": {
							"pre": [0, 0, 0],
							"post": [0, 0, 0],
							"lerp_mode": "catmullrom"
						},
						"1.75": {
							"post": [0, 0, -0.95],
							"lerp_mode": "catmullrom"
						},
						"1.8333": {
							"post": [0, 0, -0.95],
							"lerp_mode": "catmullrom"
						},
						"1.9583": {
							"post": [0, 0, -0.95],
							"lerp_mode": "catmullrom"
						},
						"2.0833": {
							"post": [0, 0, 0],
							"lerp_mode": "catmullrom"
						}
					}
				},
				"camera": {
					"rotation": {
						"0.0": [0, 0, 0],
						"0.2083": [1, -0.5, 0],
						"0.2917": [0, 0, 0],
						"0.4167": [1.25, -1.25, 1.25],
						"0.5": [0, 0, 0],
						"0.7083": [0, 0, 0],
						"1.1667": [1.25, -1.25, 1.25],
						"1.25": [0, 0, 0],
						"1.375": [0, 0, 0],
						"1.4167": [-2.5, 2.5, 0],
						"1.5": [0, 0, 0],
						"1.7917": {
							"pre": [2.5, -3.75, 0],
							"post": [2.5, -3.75, 0],
							"lerp_mode": "catmullrom"
						},
						"2.2917": {
							"post": [2.5, -3.75, 0],
							"lerp_mode": "catmullrom"
						},
						"2.5833": {
							"post": [0, 0, 0],
							"lerp_mode": "catmullrom"
						}
					}
				},
				"greenlight_illuminated": {
					"scale": {
						"1.9583": {
							"pre": [0, 0, 0],
							"post": [1, 1, 1]
						}
					}
				},
				"redlight_illuminated": {
					"scale": {
						"0.0": [1, 1, 1],
						"0.1667": {
							"pre": [1, 1, 1],
							"post": [0, 0, 0]
						},
						"0.4167": {
							"pre": [0, 0, 0],
							"post": [1, 1, 1]
						},
						"0.6667": {
							"pre": [1, 1, 1],
							"post": [0, 0, 0]
						},
						"0.9167": {
							"pre": [0, 0, 0],
							"post": [1, 1, 1]
						},
						"1.1667": {
							"pre": [1, 1, 1],
							"post": [0, 0, 0]
						},
						"1.4167": {
							"pre": [0, 0, 0],
							"post": [1, 1, 1]
						},
						"1.6667": {
							"pre": [1, 1, 1],
							"post": [0, 0, 0]
						},
						"1.9167": {
							"pre": [0, 0, 0],
							"post": [1, 1, 1]
						}
					}
				},
				"dark_illuminated": {
					"scale": {
						"0.0": [0, 0, 0],
						"0.1667": {
							"pre": [0, 0, 0],
							"post": [1, 1, 1]
						},
						"0.4167": {
							"pre": [1, 1, 1],
							"post": [0, 0, 0]
						},
						"0.6667": {
							"pre": [0, 0, 0],
							"post": [1, 1, 1]
						},
						"0.9167": {
							"pre": [1, 1, 1],
							"post": [0, 0, 0]
						},
						"1.1667": {
							"pre": [0, 0, 0],
							"post": [1, 1, 1]
						},
						"1.4167": {
							"pre": [1, 1, 1],
							"post": [0, 0, 0]
						},
						"1.6667": {
							"pre": [0, 0, 0],
							"post": [1, 1, 1]
						},
						"1.9167": {
							"pre": [1, 1, 1],
							"post": [0, 0, 0]
						}
					}
				}
			},
			"sound_effects": {
				"0.0": {
					"effect": "reload_empty"
				}
			}
		},
		"static_idle": {
			"loop": true,
			"bones": {
				"dark_illuminated": {
					"scale": 0
				},
				"redlight_illuminated": {
					"scale": 0
				}
			}
		},
		"static_bolt_caught": {
			"animation_length": 1.5,
			"bones": {
				"redlight_illuminated": {
					"scale": {
						"0.0": [1, 1, 1],
						"0.25": {
							"pre": [1, 1, 1],
							"post": [0, 0, 0]
						},
						"0.5": {
							"pre": [0, 0, 0],
							"post": [1, 1, 1]
						},
						"0.75": {
							"pre": [1, 1, 1],
							"post": [0, 0, 0]
						},
						"1.0": {
							"pre": [0, 0, 0],
							"post": [1, 1, 1]
						},
						"1.25": {
							"pre": [1, 1, 1],
							"post": [0, 0, 0]
						},
						"1.5": {
							"pre": [0, 0, 0],
							"post": [1, 1, 1]
						}
					}
				},
				"dark_illuminated": {
					"scale": {
						"0.0": [0, 0, 0],
						"0.25": {
							"pre": [0, 0, 0],
							"post": [1, 1, 1]
						},
						"0.5": {
							"pre": [1, 1, 1],
							"post": [0, 0, 0]
						},
						"0.75": {
							"pre": [0, 0, 0],
							"post": [1, 1, 1]
						},
						"1.0": {
							"pre": [1, 1, 1],
							"post": [0, 0, 0]
						},
						"1.25": {
							"pre": [0, 0, 0],
							"post": [1, 1, 1]
						},
						"1.5": {
							"pre": [1, 1, 1],
							"post": [0, 0, 0]
						}
					}
				},
				"greenlight_illuminated": {
					"scale": 0
				}
			}
		},
		"reload_tactical": {
			"animation_length": 3.4583,
			"bones": {
				"bolt": {
					"position": {
						"0.125": [0, 0, 0],
						"0.3333": [0, -0.1, 2.975],
						"1.7083": [0, -0.1, 2.975],
						"1.75": [0, -0.1, 2.975],
						"1.9583": [0, 0, 0]
					}
				},
				"right_and_mag": {
					"position": {
						"0.4167": [0, 0, 0],
						"0.5": [0, -11, 0],
						"0.9583": [0, -18, 0],
						"1.0417": [0, -2.25, 0.25],
						"1.125": [0, -4, -0.25],
						"1.3333": [0, -3, -0.5],
						"1.4167": [0, 0, 0]
					}
				},
				"right_and_left": {
					"rotation": {
						"0.0": {
							"post": [0, 0, 0],
							"lerp_mode": "catmullrom"
						},
						"0.0833": {
							"post": [-5, 5, 5],
							"lerp_mode": "catmullrom"
						},
						"0.1667": {
							"post": [-5, 5, 0],
							"lerp_mode": "catmullrom"
						},
						"0.375": {
							"post": [-25, 0, -27.5],
							"lerp_mode": "catmullrom"
						},
						"1.0417": {
							"post": [-25, 0, -35],
							"lerp_mode": "catmullrom"
						},
						"1.4583": {
							"post": [-25, 0, -27.5],
							"lerp_mode": "catmullrom"
						},
						"1.7083": {
							"post": [-23.91, -14.4, 28.14],
							"lerp_mode": "catmullrom"
						},
						"2.2083": {
							"post": [-23.91, 0.6, 28.14],
							"lerp_mode": "catmullrom"
						},
						"2.4167": {
							"post": [-15, 5, -5],
							"lerp_mode": "catmullrom"
						},
						"2.4583": {
							"post": [-5, 5, -5],
							"lerp_mode": "catmullrom"
						},
						"2.625": {
							"post": [0, 0, 0],
							"lerp_mode": "catmullrom"
						}
					},
					"position": {
						"0.1667": {
							"pre": [0, 0, 0],
							"post": [0, 0, 0],
							"lerp_mode": "catmullrom"
						},
						"0.375": {
							"post": [1.57, -0.05, 0],
							"lerp_mode": "catmullrom"
						},
						"0.4167": {
							"post": [2.225, -0.5, 0],
							"lerp_mode": "catmullrom"
						},
						"0.4583": {
							"post": [2, 0, 0],
							"lerp_mode": "catmullrom"
						},
						"1.0417": {
							"post": [2, 1, 0],
							"lerp_mode": "catmullrom"
						},
						"1.4167": {
							"post": [2, 0, 0],
							"lerp_mode": "catmullrom"
						},
						"1.4583": {
							"post": [1.8, 0.5, 0],
							"lerp_mode": "catmullrom"
						},
						"1.5417": {
							"post": [2, 0, -2],
							"lerp_mode": "catmullrom"
						},
						"1.7083": {
							"post": [2, 0, -2],
							"lerp_mode": "catmullrom"
						},
						"2.2083": {
							"post": [2, 0, -2],
							"lerp_mode": "catmullrom"
						},
						"2.3333": {
							"post": [2, 0, -2],
							"lerp_mode": "catmullrom"
						},
						"2.625": {
							"post": [0, 0, 0],
							"lerp_mode": "catmullrom"
						}
					}
				},
				"undefined": {
					"rotation": {
						"0.0833": [11.75, -27.5, -35],
						"0.125": [11.75, -27.5, -35],
						"0.3333": {
							"pre": [11.69633, -30.04545, -33.64195],
							"post": [11.69633, -30.04545, -33.64195],
							"lerp_mode": "catmullrom"
						},
						"0.4583": {
							"post": [10, -27.5, -32.5],
							"lerp_mode": "catmullrom"
						},
						"0.75": {
							"post": [6.7197, -6.88094, -44.57311],
							"lerp_mode": "catmullrom"
						},
						"1.0": {
							"post": [6.7197, -6.88094, -44.57311],
							"lerp_mode": "catmullrom"
						},
						"1.4583": {
							"post": [6.7197, -6.88094, -44.57311],
							"lerp_mode": "catmullrom"
						},
						"1.7083": {
							"post": [16.03784, -29.33419, -39.76593],
							"lerp_mode": "catmullrom"
						},
						"1.75": {
							"post": [16.03784, -29.33419, -39.76593],
							"lerp_mode": "catmullrom"
						},
						"2.0417": {
							"post": [15.92589, -30.50934, -39.83471],
							"lerp_mode": "catmullrom"
						},
						"2.1667": {
							"post": [0, 0, 0],
							"lerp_mode": "catmullrom"
						}
					},
					"position": {
						"0.0": {
							"post": [0, 0, 0],
							"lerp_mode": "catmullrom"
						},
						"0.0833": {
							"post": [2, 1.5, 3],
							"lerp_mode": "catmullrom"
						},
						"0.125": {
							"post": [2, 1.5, 3],
							"lerp_mode": "catmullrom"
						},
						"0.3333": {
							"post": [2, 1.5, 5.25],
							"lerp_mode": "catmullrom"
						},
						"0.4583": {
							"post": [2, 0, 6],
							"lerp_mode": "catmullrom"
						},
						"0.75": {
							"post": [2, 0, 6.27],
							"lerp_mode": "catmullrom"
						},
						"1.0": {
							"post": [2, 0, 6.27],
							"lerp_mode": "catmullrom"
						},
						"1.4583": {
							"post": [2, 0, 6.27],
							"lerp_mode": "catmullrom"
						},
						"1.7083": {
							"post": [2, 0, 6],
							"lerp_mode": "catmullrom"
						},
						"1.75": {
							"post": [2, 1.5, 6],
							"lerp_mode": "catmullrom"
						},
						"1.9583": {
							"post": [2, 1.5, 3],
							"lerp_mode": "catmullrom"
						},
						"2.0417": {
							"post": [2, 1.5, 3],
							"lerp_mode": "catmullrom"
						},
						"2.1667": {
							"post": [0, 0, 0],
							"lerp_mode": "catmullrom"
						}
					}
				},
				"righthand": {
					"rotation": {
						"0.0": {
							"post": [0, 0, 0],
							"lerp_mode": "catmullrom"
						},
						"0.4167": {
							"post": [-19.8693, 7.47613, -31.16398],
							"lerp_mode": "catmullrom"
						},
						"1.4583": {
							"post": [-19.87, 7.48, -31.16],
							"lerp_mode": "catmullrom"
						},
						"1.625": {
							"post": [0, 0, 0],
							"lerp_mode": "catmullrom"
						}
					},
					"position": {
						"0.0": {
							"post": [0, 0, 0],
							"lerp_mode": "catmullrom"
						},
						"0.4167": {
							"post": [7, 0, 6],
							"lerp_mode": "catmullrom"
						},
						"1.4583": {
							"post": [6, -2, 6],
							"lerp_mode": "catmullrom"
						},
						"1.625": {
							"post": [0, 0, 0],
							"lerp_mode": "catmullrom"
						}
					}
				},
				"block": {
					"position": {
						"0.6667": [0, 0, 0],
						"0.7083": [0, -0.5, 0],
						"1.4167": [0, -0.5, 0],
						"1.4583": [0, 0, 0]
					}
				},
				"tikle": {
					"rotation": {
						"1.8333": [0, 0, 0],
						"2.0": [-50, 0, 0],
						"2.125": [0, 0, 0]
					}
				},
				"greenlight": {
					"scale": {
						"0.4583": [1, 1, 1],
						"0.5": [0, 0, 0],
						"1.9583": [0, 0, 0],
						"2.0": [1, 1, 1]
					}
				},
				"lefthand": {
					"rotation": {
						"1.5": {
							"pre": [0, 0, 0],
							"post": [0, 0, 0],
							"lerp_mode": "catmullrom"
						},
						"1.75": {
							"post": [-15, 15, 0],
							"lerp_mode": "catmullrom"
						},
						"1.8333": {
							"post": [-15, 15, 0],
							"lerp_mode": "catmullrom"
						},
						"1.9583": {
							"post": [-10, 15, 0],
							"lerp_mode": "catmullrom"
						},
						"2.0833": {
							"post": [0, 0, 0],
							"lerp_mode": "catmullrom"
						}
					},
					"position": {
						"1.5": {
							"pre": [0, 0, 0],
							"post": [0, 0, 0],
							"lerp_mode": "catmullrom"
						},
						"1.75": {
							"post": [0, 0, -0.95],
							"lerp_mode": "catmullrom"
						},
						"1.8333": {
							"post": [0, 0, -0.95],
							"lerp_mode": "catmullrom"
						},
						"1.9583": {
							"post": [0, 0, -0.95],
							"lerp_mode": "catmullrom"
						},
						"2.0833": {
							"post": [0, 0, 0],
							"lerp_mode": "catmullrom"
						}
					}
				},
				"camera": {
					"rotation": {
						"0.0": [0, 0, 0],
						"0.2083": [1, -0.5, 0],
						"0.2917": [0, 0, 0],
						"0.4167": [1.25, -1.25, 1.25],
						"0.5": [0, 0, 0],
						"0.7083": [0, 0, 0],
						"1.1667": [1.25, -1.25, 1.25],
						"1.25": [0, 0, 0],
						"1.375": [0, 0, 0],
						"1.4167": [-2.5, 2.5, 0],
						"1.5": [0, 0, 0],
						"1.7917": {
							"pre": [2.5, -3.75, 0],
							"post": [2.5, -3.75, 0],
							"lerp_mode": "catmullrom"
						},
						"2.2917": {
							"post": [2.5, -3.75, 0],
							"lerp_mode": "catmullrom"
						},
						"2.5833": {
							"post": [0, 0, 0],
							"lerp_mode": "catmullrom"
						}
					}
				},
				"greenlight_illuminated": {
					"scale": {
						"0.0": [1, 1, 1],
						"0.4167": {
							"pre": [1, 1, 1],
							"post": [0, 0, 0]
						},
						"1.9167": {
							"pre": [0, 0, 0],
							"post": [1, 1, 1]
						}
					}
				},
				"redlight_illuminated": {
					"scale": {
						"0.4167": {
							"pre": [0, 0, 0],
							"post": [1, 1, 1]
						},
						"0.6667": {
							"pre": [1, 1, 1],
							"post": [0, 0, 0]
						},
						"0.9167": {
							"pre": [0, 0, 0],
							"post": [1, 1, 1]
						},
						"1.1667": {
							"pre": [1, 1, 1],
							"post": [0, 0, 0]
						},
						"1.4167": {
							"pre": [0, 0, 0],
							"post": [1, 1, 1]
						},
						"1.6667": {
							"pre": [1, 1, 1],
							"post": [0, 0, 0]
						},
						"1.9167": {
							"pre": [0, 0, 0],
							"post": [1, 1, 1]
						}
					}
				},
				"dark_illuminated": {
					"scale": {
						"0.4167": [0, 0, 0],
						"0.6667": {
							"pre": [0, 0, 0],
							"post": [1, 1, 1]
						},
						"0.9167": {
							"pre": [1, 1, 1],
							"post": [0, 0, 0]
						},
						"1.1667": {
							"pre": [0, 0, 0],
							"post": [1, 1, 1]
						},
						"1.4167": {
							"pre": [1, 1, 1],
							"post": [0, 0, 0]
						},
						"1.6667": {
							"pre": [0, 0, 0],
							"post": [1, 1, 1]
						},
						"1.9167": {
							"pre": [1, 1, 1],
							"post": [0, 0, 0]
						}
					}
				}
			},
			"sound_effects": {
				"0.0": {
					"effect": "reload_empty"
				}
			}
		}
	}
}