{
    "model": "warhammer:gun/accatran_vid",
    "texture": "warhammer:gun/uv/accatran_vid",
    "slot": "warhammer:gun/slot/accatran_vid",
    "hud": "warhammer:gun/hud/accatran_vid",
    "animation": "warhammer:accatran_vid",
    "use_default_animation": "rifle",
    "transform": {
        "scale": {
            "thirdperson": [
                1.0,
                1.0,
                1.0
            ],
            "ground": [
                1.0,
                1.0,
                1.0
            ],
            "fixed": [
                1.0,
                1.0,
                1.0
            ]
        }
    },
    "muzzle_flash": {
        "texture": "warhammer:flash/laser2",
        "scale": 1.5
    },
    "third_person_animation": "default",
    "sounds": {
        "shoot": "warhammer:accatran_vid/shoot",
        "draw": "warhammer:accatran_vid/draw"
    }
}