{
    "model": "warhammer:gun/columnus_v",
    "texture": "warhammer:gun/uv/columnus_v",
    "slot": "warhammer:gun/slot/columnus_v",
    "hud": "warhammer:gun/hud/columnus_v",
    "animation": "warhammer:columnus_v",
    "use_default_animation": "rifle",
    "shell": {

        "initial_velocity": [5, 2, 1],

        "random_velocity": [1, 1, 0.25],

        "acceleration": [0.0, -10, 0.0],

        "angular_velocity": [360, -1200, 90],

        "living_time": 1.0
    },
    "transform": {
        "scale": {
            "thirdperson": [
                1.0,
                1.0,
                1.0
            ],
            "ground": [
                1.0,
                1.0,
                1.0
            ],
            "fixed": [
                1.0,
                1.0,
                1.0
            ]
        }
    },
    
    "muzzle_flash": {
        "texture": "tacz:flash/common_muzzle_flash",
        "scale": 1.0
    },
    "third_person_animation": "default",
    "sounds": {
        "shoot": "warhammer:columnus_v/shoot",
        "draw": "warhammer:columnus_v/draw",
        "put_away": "warhammer:columnus_v/put_away"
    }
}