{
    "materials": [
        {
            "item": {
                "item": "minecraft:netherite_ingot"
            },
            "count": 4
        },
        {
            "item": {
                "item": "minecraft:gold_ingot"
            },
            "count": 8
        },
        {
            "item": {
                "item": "minecraft:iron_ingot"
            },
            "count": 80
        },
        {
            "item": {
                "item": "minecraft:copper_ingot"
            },
            "count": 20
        }
    ],
    "result": {
        "type": "gun",
        "id": "warhammer:locke"
    }
}