{
	"format_version": "1.12.0",
	"minecraft:geometry": [
		{
			"description": {
				"identifier": "geometry.unknown",
				"texture_width": 16,
				"texture_height": 16,
				"visible_bounds_width": 2,
				"visible_bounds_height": 1.5,
				"visible_bounds_offset": [0, 0.25, 0]
			},
			"bones": [
				{
					"name": "hexadecagon",
					"pivot": [0, 0, 0.125],
					"cubes": [
						{
							"origin": [-0.09946, -0.5, -1],
							"size": [0.19891, 1, 2],
							"pivot": [0, 0, 0.125],
							"rotation": [0, 0, -45],
							"uv": {
								"north": {"uv": [6, 7], "uv_size": [1, 1]},
								"south": {"uv": [7, 7], "uv_size": [1, 1]},
								"up": {"uv": [0, 2], "uv_size": [0.19891, 2]},
								"down": {"uv": [2, 2], "uv_size": [1, -2]}
							}
						},
						{
							"origin": [-0.09946, -0.5, -1],
							"size": [0.19891, 1, 2],
							"pivot": [0, 0, 0.125],
							"rotation": [0, 0, -22.5],
							"uv": {
								"north": {"uv": [0, 8], "uv_size": [1, 1]},
								"south": {"uv": [8, 1], "uv_size": [1, 1]},
								"up": {"uv": [1, 3], "uv_size": [0.19891, 2]},
								"down": {"uv": [3, 3], "uv_size": [1, -2]}
							}
						},
						{
							"origin": [-0.09946, -0.5, -1],
							"size": [0.19891, 1, 2],
							"uv": {
								"north": {"uv": [2, 8], "uv_size": [1, 1]},
								"south": {"uv": [8, 2], "uv_size": [1, 1]},
								"up": {"uv": [0, 4], "uv_size": [1, 2]},
								"down": {"uv": [2, 6], "uv_size": [0.19891, -2]}
							}
						},
						{
							"origin": [-0.09946, -0.5, -1],
							"size": [0.19891, 1, 2],
							"pivot": [0, 0, 0.125],
							"rotation": [0, 0, 22.5],
							"uv": {
								"north": {"uv": [3, 8], "uv_size": [1, 1]},
								"south": {"uv": [8, 3], "uv_size": [1, 1]},
								"up": {"uv": [1, 5], "uv_size": [0.19891, 2]},
								"down": {"uv": [3, 7], "uv_size": [1, -2]}
							}
						},
						{
							"origin": [-0.09946, -0.5, -1],
							"size": [0.19891, 1, 2],
							"pivot": [0, 0, 0.125],
							"rotation": [0, 0, 45],
							"uv": {
								"north": {"uv": [4, 8], "uv_size": [1, 1]},
								"south": {"uv": [8, 4], "uv_size": [1, 1]},
								"up": {"uv": [4, 5], "uv_size": [1, 2]},
								"down": {"uv": [5, 6], "uv_size": [0.19891, -2]}
							}
						},
						{
							"origin": [-0.5, -0.09946, -1],
							"size": [1, 0.19891, 2],
							"pivot": [0, 0, 0.125],
							"rotation": [0, 0, -22.5],
							"uv": {
								"north": {"uv": [5, 8], "uv_size": [1, 1]},
								"east": {"uv": [6, 1], "uv_size": [2, 1]},
								"south": {"uv": [8, 5], "uv_size": [1, 1]},
								"west": {"uv": [6, 2], "uv_size": [2, 0.19891]}
							}
						},
						{
							"origin": [-0.5, -0.09946, -1],
							"size": [1, 0.19891, 2],
							"uv": {
								"north": {"uv": [6, 8], "uv_size": [1, 1]},
								"east": {"uv": [6, 3], "uv_size": [2, 1]},
								"south": {"uv": [8, 6], "uv_size": [1, 1]},
								"west": {"uv": [6, 4], "uv_size": [2, 1]}
							}
						},
						{
							"origin": [-0.5, -0.09946, -1],
							"size": [1, 0.19891, 2],
							"pivot": [0, 0, 0.125],
							"rotation": [0, 0, 22.5],
							"uv": {
								"north": {"uv": [7, 8], "uv_size": [1, 1]},
								"east": {"uv": [7, 0], "uv_size": [2, 1]},
								"south": {"uv": [8, 7], "uv_size": [1, 1]},
								"west": {"uv": [3, 7], "uv_size": [2, 1]}
							}
						}
					]
				}
			]
		}
	]
}