{
	"format_version": "1.12.0",
	"minecraft:geometry": [
		{
			"description": {
				"identifier": "geometry.762x39 - Converted",
				"texture_width": 16,
				"texture_height": 16,
				"visible_bounds_width": 2,
				"visible_bounds_height": 1.5,
				"visible_bounds_offset": [0, 0.25, 0]
			},
			"bones": [
				{
					"name": "762x39",
					"pivot": [0, 0, 0],
					"rotation": [90, 0, 0],
					"cubes": [
						{
							"origin": [-0.24375, -0.83726, -0.24375],
							"size": [0.4875, 1.14532, 0.4875],
							"uv": {
								"north": {"uv": [0, 0], "uv_size": [1, 1]},
								"east": {"uv": [0, 1], "uv_size": [1, 1]},
								"south": {"uv": [1, 0], "uv_size": [1, 1]},
								"west": {"uv": [1, 1], "uv_size": [1, 1]},
								"up": {"uv": [0, 2], "uv_size": [1, 1]},
								"down": {"uv": [2, 1], "uv_size": [1, -1]}
							}
						},
						{
							"origin": [-0.18282, 0.30493, -0.18281],
							"size": [0.36563, 0.48593, 0.36563],
							"inflate": 0.001,
							"uv": {
								"north": {"uv": [1, 2], "uv_size": [1, 1]},
								"east": {"uv": [2, 1], "uv_size": [1, 1]},
								"south": {"uv": [2, 2], "uv_size": [1, 1]},
								"west": {"uv": [0, 3], "uv_size": [1, 1]},
								"up": {"uv": [3, 0], "uv_size": [1, 1]}
							}
						},
						{
							"origin": [-0.18282, 0.22366, -0.18052],
							"size": [0.36563, 0.24375, 0.12187],
							"pivot": [0, 0.42477, 0],
							"rotation": [-22.5, 0, 0],
							"uv": {
								"north": {"uv": [1, 3], "uv_size": [1, 1]},
								"east": {"uv": [3, 1], "uv_size": [1, 1]},
								"west": {"uv": [2, 3], "uv_size": [1, 1]}
							}
						},
						{
							"origin": [-0.18282, 0.22366, 0.05865],
							"size": [0.36563, 0.24375, 0.12187],
							"pivot": [0, 0.42477, 0],
							"rotation": [22.5, 0, 0],
							"uv": {
								"east": {"uv": [3, 2], "uv_size": [1, 1]},
								"south": {"uv": [3, 3], "uv_size": [1, 1]},
								"west": {"uv": [0, 4], "uv_size": [1, 1]}
							}
						},
						{
							"origin": [-0.18052, 0.22366, -0.18281],
							"size": [0.12187, 0.24375, 0.36563],
							"pivot": [0, 0.42477, 0],
							"rotation": [0, 0, 22.5],
							"uv": {
								"north": {"uv": [4, 0], "uv_size": [1, 1]},
								"east": {"uv": [1, 4], "uv_size": [1, 1]},
								"south": {"uv": [4, 1], "uv_size": [1, 1]}
							}
						},
						{
							"origin": [0.05865, 0.22366, -0.18281],
							"size": [0.12187, 0.24375, 0.36563],
							"pivot": [0, 0.42477, 0],
							"rotation": [0, 0, -22.5],
							"uv": {
								"north": {"uv": [2, 4], "uv_size": [1, 1]},
								"south": {"uv": [4, 2], "uv_size": [1, 1]},
								"west": {"uv": [3, 4], "uv_size": [1, 1]}
							}
						},
						{
							"origin": [-0.24375, -1.02007, -0.24375],
							"size": [0.4875, 0.0914, 0.4875],
							"uv": {
								"north": {"uv": [4, 3], "uv_size": [1, 1]},
								"east": {"uv": [4, 4], "uv_size": [1, 1]},
								"south": {"uv": [0, 5], "uv_size": [1, 1]},
								"west": {"uv": [5, 0], "uv_size": [1, 1]},
								"up": {"uv": [1, 5], "uv_size": [1, 1]},
								"down": {"uv": [5, 2], "uv_size": [1, -1]}
							}
						},
						{
							"origin": [-0.18282, -0.95914, -0.18281],
							"size": [0.36563, 0.12188, 0.36563],
							"uv": {
								"north": {"uv": [2, 5], "uv_size": [1, 1]},
								"east": {"uv": [5, 2], "uv_size": [1, 1]},
								"south": {"uv": [3, 5], "uv_size": [1, 1]},
								"west": {"uv": [5, 3], "uv_size": [1, 1]}
							}
						}
					]
				}
			]
		}
	]
}