{
  "materials": [
    {
      "item": {
        "tag": "forge:ingots/iron"
      },
      "count": 4
    },
    {
      "item": {
        "item": "minecraft:flint"
      },
      "count": 1
    },
    {
      "item": {
        "tag": "forge:leather"
      },
      "count": 1
    },
    {
      "item": {
        "tag": "forge:slimeballs"
      },
      "count": 4
    }
  ],
  "result": {
    "type": "gun",
    "id": "bf1:ef46",
    "nbt": {
      "DummyAmmo": 0,
      "HideFlags": 16
    },
    "ammo_count": 80
  }
}