{
  "materials": [
    {
      "item": {
        "tag": "forge:ingots/iron"
      },
      "count": 64
    },
    {
      "item": {
        "tag": "forge:gems/quartz"
      },
      "count": 16
    },
    {
      "item": {
        "tag": "minecraft:logs"
      },
      "count": 16
    },
    {
      "item": {
        "tag": "forge:leather"
      },
      "count": 6
    }
  ],
  "result": {
    "type": "gun",
    "id": "bf1:lewis",
    "attachments": {
      "stock": "tacz:oem_stock_heavy"
    }
  }
}