{
	"format_version": "1.8.0",
	"animations": {
		"static_idle": {
			"loop": true,
			"bones": {
				"constraint": {
					"rotation": [0.2, 0.2, 0.2],
					"position": [0.2, 0.2, 0.2]
				},
				"righthand": {
					"rotation": [77.21765, 11.11574, -168.31736],
					"position": [-7.125, -12.4375, 5.4375]
				},
				"lefthand": {
					"rotation": [85.29936, -42.30312, -124.76841],
					"position": [7.1875, -11.75, -8.875]
				}
			}
		},
		"static_bolt_caught": {
			"loop": true,
			"bones": {
				"righthand": {
					"rotation": [77.21765, 11.11574, -168.31736],
					"position": [-7.125, -12.4375, 5.4375]
				},
				"lefthand": {
					"rotation": [85.29936, -42.30312, -124.76841],
					"position": [7.1875, -11.75, -8.875]
				}
			}
		},
		"shoot": {
			"loop": "hold_on_last_frame",
			"animation_length": 0.6333,
			"bones": {
				"M1916": {
					"rotation": {
						"0.0": {
							"post": [0, 0, 0],
							"lerp_mode": "catmullrom"
						},
						"0.0333": {
							"post": [-2, 0.5, -1.75],
							"lerp_mode": "catmullrom"
						},
						"0.0667": {
							"post": [-4, -0.25, 1.5],
							"lerp_mode": "catmullrom"
						},
						"0.1333": {
							"post": [-4, 0, -0.75],
							"lerp_mode": "catmullrom"
						},
						"0.2": {
							"post": [-2, 0, 0.6875],
							"lerp_mode": "catmullrom"
						},
						"0.2667": {
							"post": [-0.1875, 0, -0.375],
							"lerp_mode": "catmullrom"
						},
						"0.3667": {
							"post": [0.125, 0, 0.4375],
							"lerp_mode": "catmullrom"
						},
						"0.4667": {
							"post": [-0.0625, 0, -0.25],
							"lerp_mode": "catmullrom"
						},
						"0.6": [0, 0, 0]
					},
					"position": {
						"0.0": {
							"post": [0, 0, 0],
							"lerp_mode": "catmullrom"
						},
						"0.0333": {
							"post": [0, -0.25, 4.8125],
							"lerp_mode": "catmullrom"
						},
						"0.1333": {
							"post": [0, 0.34375, 4.75],
							"lerp_mode": "catmullrom"
						},
						"0.2": {
							"post": [0, 0, 0.8125],
							"lerp_mode": "catmullrom"
						},
						"0.2333": {
							"post": [0, 0, -0.125],
							"lerp_mode": "catmullrom"
						},
						"0.3": {
							"post": [0, 0, -0.375],
							"lerp_mode": "catmullrom"
						},
						"0.4": {
							"post": [0, 0, 0.0775],
							"lerp_mode": "catmullrom"
						},
						"0.6": [0, 0, 0]
					}
				},
				"constraint": {
					"rotation": [0.04, 0.04, 0.2],
					"position": [0.02, 0.05, 0.1]
				},
				"bolt": {
					"position": {
						"0.0": {
							"post": [0, 0, 2.8125],
							"lerp_mode": "catmullrom"
						},
						"0.0667": {
							"post": [0, 0, 3.25],
							"lerp_mode": "catmullrom"
						},
						"0.1": [0, 0, 0]
					}
				},
				"bullet_in_barrel": {
					"rotation": {
						"0.0333": {
							"pre": [0, 0, 0],
							"post": [0, 0, 0],
							"lerp_mode": "catmullrom"
						},
						"0.0667": {
							"post": [-4, 0, 0],
							"lerp_mode": "catmullrom"
						},
						"0.1": {
							"post": [0, 0, 0],
							"lerp_mode": "catmullrom"
						}
					},
					"position": {
						"0.0333": {
							"pre": [0, -0.75, 3.9375],
							"post": [0, -0.75, 3.9375],
							"lerp_mode": "catmullrom"
						},
						"0.0667": {
							"post": [0, -0.1875, 3.1075],
							"lerp_mode": "catmullrom"
						},
						"0.1": {
							"post": [0, 0, 0],
							"lerp_mode": "catmullrom"
						}
					}
				},
				"camera": {
					"rotation": {
						"0.0": {
							"post": [0, 0, 0],
							"lerp_mode": "catmullrom"
						},
						"0.0333": {
							"post": [0, 0, 1.1],
							"lerp_mode": "catmullrom"
						},
						"0.0667": {
							"post": [0, 0, -0.75],
							"lerp_mode": "catmullrom"
						},
						"0.1": {
							"post": [0, 0, 0.755],
							"lerp_mode": "catmullrom"
						},
						"0.1333": {
							"post": [0, 0, -0.39],
							"lerp_mode": "catmullrom"
						},
						"0.1667": {
							"post": [0, 0, 0.28],
							"lerp_mode": "catmullrom"
						},
						"0.2333": {
							"post": [0, 0, -0.07],
							"lerp_mode": "catmullrom"
						},
						"0.3": {
							"post": [0, 0, 0],
							"lerp_mode": "catmullrom"
						}
					}
				}
			}
		},
		"reload_tactical": {
			"animation_length": 2.3667,
			"bones": {
				"M1916": {
					"rotation": {
						"0.0": {
							"post": [0, 0, 0],
							"lerp_mode": "catmullrom"
						},
						"0.0667": {
							"post": [0, 0, 0],
							"lerp_mode": "catmullrom"
						},
						"0.3": {
							"post": [-51.29891, -19.12317, -12.32391],
							"lerp_mode": "catmullrom"
						},
						"0.4333": {
							"post": [-40.29891, -19.12317, -12.32391],
							"lerp_mode": "catmullrom"
						},
						"0.5333": {
							"post": [-35.3, -19.12, -12.32],
							"lerp_mode": "catmullrom"
						},
						"0.6667": {
							"post": [-41.77675, -23.81072, -8.30799],
							"lerp_mode": "catmullrom"
						},
						"0.8": {
							"post": [-53.9421, -5.78387, -8.28548],
							"lerp_mode": "catmullrom"
						},
						"1.0333": {
							"post": [-50.14874, 0.69941, -3.59061],
							"lerp_mode": "catmullrom"
						},
						"1.3333": {
							"post": [-48.67468, -9.26111, -4.32915],
							"lerp_mode": "catmullrom"
						},
						"1.4667": {
							"post": [-43.85664, -13.7392, -8.40507],
							"lerp_mode": "catmullrom"
						},
						"1.6333": {
							"post": [-40.86, -13.74, -8.41],
							"lerp_mode": "catmullrom"
						},
						"1.8333": {
							"post": [-46.0475, -13.74, -8.41],
							"lerp_mode": "catmullrom"
						},
						"1.9": {
							"post": [-51.14, -14.6, -8.94],
							"lerp_mode": "catmullrom"
						},
						"2.0": {
							"post": [-46.39, -14.91, -9.13],
							"lerp_mode": "catmullrom"
						},
						"2.2333": {
							"post": [6.31093, -0.03035, 3.00694],
							"lerp_mode": "catmullrom"
						},
						"2.3667": [0, 0, 0]
					},
					"position": {
						"0.0": {
							"post": [0, 0, 0],
							"lerp_mode": "catmullrom"
						},
						"0.0667": {
							"post": [0, 0, 0],
							"lerp_mode": "catmullrom"
						},
						"0.3": {
							"post": [-4.3725, 5.94, 1.5025],
							"lerp_mode": "catmullrom"
						},
						"0.4333": {
							"post": [-4.3725, 5.1275, 2.565],
							"lerp_mode": "catmullrom"
						},
						"0.6667": {
							"post": [-4.3725, 5.1275, 2.565],
							"lerp_mode": "catmullrom"
						},
						"0.8": {
							"post": [-7.495, 7.755, 2.57],
							"lerp_mode": "catmullrom"
						},
						"1.0333": {
							"post": [-7.9375, 7.0725, 2.82],
							"lerp_mode": "catmullrom"
						},
						"1.3333": {
							"post": [-7.94, 7.5725, 2.82],
							"lerp_mode": "catmullrom"
						},
						"1.6333": {
							"post": [-7.7525, 7.025, 2.87],
							"lerp_mode": "catmullrom"
						},
						"1.8333": {
							"post": [-7.94, 7.26, 2.5075],
							"lerp_mode": "catmullrom"
						},
						"1.9": {
							"post": [-8.45, 8.55, 2.57],
							"lerp_mode": "catmullrom"
						},
						"2.0": {
							"post": [-7.3675, 9.5625, 1.62],
							"lerp_mode": "catmullrom"
						},
						"2.1": {
							"post": [-3.05, 4.0425, -3.23],
							"lerp_mode": "catmullrom"
						},
						"2.2333": {
							"post": [-0.125, -2.285, -1.28],
							"lerp_mode": "catmullrom"
						},
						"2.3667": [0, 0, 0]
					}
				},
				"righthand": {
					"rotation": {
						"0.0667": [77.21765, 11.11574, -168.31736],
						"0.5333": [77.21765, 11.11574, -168.31736],
						"1.9667": [77.21765, 11.11574, -168.31736],
						"2.3": [77.21765, 11.11574, -168.31736]
					},
					"position": {
						"0.0667": [-7.125, -12.4375, 5.4375],
						"0.2": {
							"pre": [-6.62, -16.065, 4.69],
							"post": [-6.62, -16.065, 4.69],
							"lerp_mode": "catmullrom"
						},
						"0.4": {
							"post": [-6.62, -16.065, 4.69],
							"lerp_mode": "catmullrom"
						},
						"0.5333": [-7.125, -12.4375, 7.0625],
						"1.9667": [-7.125, -12.4375, 7.0625],
						"2.3": [-7.125, -12.4375, 5.4375]
					}
				},
				"lefthand": {
					"rotation": {
						"0.0": [85.29936, -42.30312, -124.76841],
						"0.2": [85.29936, -42.30312, -124.76841],
						"0.4333": [102.35933, -32.2451, -178.24999],
						"0.5667": {
							"pre": [102.35933, -32.2451, -178.24999],
							"post": [102.35933, -32.2451, -178.24999],
							"lerp_mode": "catmullrom"
						},
						"0.6333": {
							"post": [102.35933, -32.2451, -178.24999],
							"lerp_mode": "catmullrom"
						},
						"0.7333": {
							"post": [94.07, -22.21, -205.88],
							"lerp_mode": "catmullrom"
						},
						"0.9": [87.43924, -14.1776, -227.98624],
						"1.3": [87.43924, -14.1776, -227.98624],
						"1.5": [105.11194, -26.06876, -200.08476],
						"1.6667": [111.11, -26.07, -200.08],
						"1.7667": [99.11, -26.07, -200.08],
						"1.9333": [99.11, -26.07, -200.08],
						"2.2667": [85.29936, -42.30312, -124.76841]
					},
					"position": {
						"0.0": [7.1875, -11.75, -8.875],
						"0.2": [7.19, -11.75, -8.87],
						"0.4333": [6.6275, -15.3125, -1.87],
						"0.5667": {
							"pre": [6.6275, -15.3125, -1.87],
							"post": [6.6275, -15.3125, -1.87],
							"lerp_mode": "catmullrom"
						},
						"0.6333": {
							"post": [6.6275, -16.8125, -3.1825],
							"lerp_mode": "catmullrom"
						},
						"0.7333": {
							"post": [15.9, -16.67, 1.9675],
							"lerp_mode": "catmullrom"
						},
						"0.9": [23.3175, -16.56, 12.505],
						"1.3": [23.3175, -16.56, 12.505],
						"1.5": [10.065, -22.375, -1.5575],
						"1.6667": [7.3125, -19.7475, -0.49],
						"1.7667": [7.25, -18.06, -1.6775],
						"1.9333": [7.25, -17.1225, -1.0525],
						"2.0333": {
							"pre": [9.49, -15.24, -0.9675],
							"post": [9.49, -15.24, -0.9675],
							"lerp_mode": "catmullrom"
						},
						"2.1333": {
							"post": [8.7, -13.67, -4.21],
							"lerp_mode": "catmullrom"
						},
						"2.2667": [7.1875, -11.75, -8.875]
					}
				},
				"mag_and_bullet": {
					"rotation": {
						"0.0333": [0, 0, 0],
						"0.3333": [-0.25, 0, 0],
						"0.5667": [-0.25, 0, 0],
						"0.8": [-90.75, 0, 0],
						"1.1667": [-336.75, 0, 0],
						"1.3": [33, 0, 0],
						"1.5": [33, 0, 0],
						"1.6333": [16, 0, 0],
						"1.7333": [16, 0, 0],
						"1.8333": [0, 0, 0]
					},
					"position": {
						"0.0333": [0, 0, 0],
						"0.3333": [0, -0.4375, 0],
						"0.5667": [0, -0.4375, 0],
						"0.6667": [1.57, -5.36, -0.555],
						"0.8": [7.5, -27.6275, 3.9375],
						"1.1667": [21.01, -48.13, 27.5275],
						"1.3": [17, 3.75, 11.1875],
						"1.5": [3.6875, -3.44, -0.4975],
						"1.6333": [0.065, -1.94, 0.1875],
						"1.7333": [0.02, -1.15, 0.4],
						"1.8333": [0, 0, 0]
					}
				},
				"lever": {
					"rotation": {
						"0.0667": [0, 0, 0],
						"0.2333": [-32, 0, 0],
						"1.7333": [-32, 0, 0],
						"1.8667": [0, 0, 0]
					}
				},
				"camera": {
					"rotation": {
						"0.2333": {
							"pre": [0, 0, 0],
							"post": [0, 0, 0],
							"lerp_mode": "catmullrom"
						},
						"0.3": {
							"post": [0.5, 0, 0],
							"lerp_mode": "catmullrom"
						},
						"0.3667": {
							"post": [0, 0, 0],
							"lerp_mode": "catmullrom"
						},
						"0.5667": {
							"post": [0, 0, 0],
							"lerp_mode": "catmullrom"
						},
						"0.6333": {
							"post": [-2, 0, 0],
							"lerp_mode": "catmullrom"
						},
						"0.6667": {
							"post": [-2, 0, 0],
							"lerp_mode": "catmullrom"
						},
						"0.7667": {
							"post": [0, 0, 0],
							"lerp_mode": "catmullrom"
						},
						"1.8667": {
							"post": [0, 0, 0],
							"lerp_mode": "catmullrom"
						},
						"1.9333": {
							"post": [-2, 0, 0],
							"lerp_mode": "catmullrom"
						},
						"1.9667": {
							"post": [-2, 0, 0],
							"lerp_mode": "catmullrom"
						},
						"2.1": [0, 0, 0]
					}
				}
			}
		},
		"reload_empty": {
			"animation_length": 3.5,
			"bones": {
				"righthand": {
					"rotation": {
						"0.3667": [77.21765, 11.11574, -168.31736],
						"0.6": [77.21765, 11.11574, -168.31736],
						"0.7667": [77.22, 11.12, -168.32],
						"0.9333": [83.22, 11.12, -168.32],
						"1.1667": [75.73383, 31.62366, -80.36415],
						"1.4667": [89.30986, 12.98366, -139.73776],
						"1.6": {
							"pre": [90.2998, 12.27778, -117.19882],
							"post": [90.2998, 12.27778, -117.19882],
							"lerp_mode": "catmullrom"
						},
						"1.7667": {
							"post": [90.2998, 12.27778, -117.19882],
							"lerp_mode": "catmullrom"
						},
						"2.0333": {
							"post": [90.2998, 12.27778, -117.19882],
							"lerp_mode": "catmullrom"
						},
						"2.2": {
							"post": [77.21765, 11.11574, -168.31736],
							"lerp_mode": "catmullrom"
						},
						"2.3333": {
							"post": [77.21765, 11.11574, -168.31736],
							"lerp_mode": "catmullrom"
						},
						"2.5": [93.22, 11.12, -168.32],
						"2.6": [93.22, 11.12, -168.32],
						"2.7": [75.22, 11.12, -168.32],
						"2.9": [75.22, 11.12, -168.32],
						"3.1667": [77.21765, 11.11574, -168.31736]
					},
					"position": {
						"0.3667": [-7.125, -12.4375, 5.4375],
						"0.5": [-7.12, -15.815, 4.065],
						"0.6": [-7.12, -17.0025, 2.6275],
						"0.7667": [-7.12, -17.935, -2.055],
						"0.9333": [-7.12, -17.935, -2.43],
						"1.0333": [-14.62, -18.065, 6.0075],
						"1.1667": [-22.1825, -18.19, 22.1325],
						"1.4667": [-10.8075, -10.4975, 4.7575],
						"1.6": {
							"pre": [-8.6875, -7.125, -4.365],
							"post": [-8.6875, -7.125, -4.365],
							"lerp_mode": "catmullrom"
						},
						"1.7667": {
							"post": [-8.6875, -7.125, -4.365],
							"lerp_mode": "catmullrom"
						},
						"1.8667": {
							"post": [-8.69, -7.12, -0.9225],
							"lerp_mode": "catmullrom"
						},
						"2.0333": {
							"post": [-8.69, -7.12, -0.9225],
							"lerp_mode": "catmullrom"
						},
						"2.2": {
							"post": [-12.565, -12.995, 10.3925],
							"lerp_mode": "catmullrom"
						},
						"2.3333": {
							"post": [-12.565, -12.995, 10.3925],
							"lerp_mode": "catmullrom"
						},
						"2.5": [-7.5025, -21.6225, -3.115],
						"2.6": [-7.5025, -21.6225, -3.115],
						"2.7": [-7.5, -17.495, -3.11],
						"2.9": [-7.5, -17.495, -3.11],
						"3.1667": [-7.125, -12.4375, 5.4375]
					}
				},
				"lefthand": {
					"rotation": {
						"0.0667": [85.29936, -42.30312, -124.76841],
						"0.3333": [85.3, -42.3, -124.77],
						"2.9": [85.3, -42.3, -124.77],
						"3.2333": [85.29936, -42.30312, -124.76841]
					},
					"position": {
						"0.0667": [7.1875, -11.75, -8.875],
						"0.3333": [6.94, -10.6875, -8.6825],
						"2.9": [6.94, -10.6875, -8.6825],
						"3.2333": [7.1875, -11.75, -8.875]
					}
				},
				"M1916": {
					"rotation": {
						"0.0": {
							"post": [0, 0, 0],
							"lerp_mode": "catmullrom"
						},
						"0.3": {
							"post": [-78.26867, 3.23479, 38.12218],
							"lerp_mode": "catmullrom"
						},
						"0.5": {
							"post": [-84.84996, 6.65258, 41.77713],
							"lerp_mode": "catmullrom"
						},
						"0.6": {
							"post": [-81.16908, 9.16459, 39.04312],
							"lerp_mode": "catmullrom"
						},
						"0.8": {
							"post": [-67.38818, 4.74772, 46.42327],
							"lerp_mode": "catmullrom"
						},
						"0.9333": {
							"post": [-67.38818, 4.74772, 46.42327],
							"lerp_mode": "catmullrom"
						},
						"1.0333": {
							"post": [-70.65063, 5.60121, 43.53149],
							"lerp_mode": "catmullrom"
						},
						"1.1333": {
							"post": [-80.21179, 5.72386, 37.43515],
							"lerp_mode": "catmullrom"
						},
						"1.3333": [-55.08445, -8.87829, 38.01189],
						"1.5": {
							"pre": [-34.31702, -14.27068, 9.38692],
							"post": [-34.31702, -14.27068, 9.38692],
							"lerp_mode": "catmullrom"
						},
						"1.6333": {
							"post": [-43.31, -18.46, 16.27],
							"lerp_mode": "catmullrom"
						},
						"1.8": {
							"post": [-43.31, -18.46, 16.27],
							"lerp_mode": "catmullrom"
						},
						"1.9": {
							"post": [-49.31, -18.46, 16.27],
							"lerp_mode": "catmullrom"
						},
						"2.0333": {
							"post": [-49.31, -18.46, 16.27],
							"lerp_mode": "catmullrom"
						},
						"2.2667": {
							"post": [-67.58937, 1.72363, 44.39047],
							"lerp_mode": "catmullrom"
						},
						"2.6": [-60.41952, -6.11748, 39.95903],
						"2.7333": [-79.42364, 2.54515, 42.59191],
						"2.9333": {
							"pre": [-79.51734, 2.91067, 40.62336],
							"post": [-79.51734, 2.91067, 40.62336],
							"lerp_mode": "catmullrom"
						},
						"3.0667": {
							"post": [-37.92989, -15.95118, 32.85283],
							"lerp_mode": "catmullrom"
						},
						"3.2": {
							"post": [-13.20088, -16.36988, 23.93176],
							"lerp_mode": "catmullrom"
						},
						"3.4": {
							"post": [-6.64, -2.77, -1.7],
							"lerp_mode": "catmullrom"
						},
						"3.5": [0, 0, 0]
					},
					"position": {
						"0.0": {
							"post": [0, 0, 0],
							"lerp_mode": "catmullrom"
						},
						"0.3": {
							"post": [10.685, 0, 5.19],
							"lerp_mode": "catmullrom"
						},
						"0.5": {
							"post": [10.685, 0, 5.19],
							"lerp_mode": "catmullrom"
						},
						"0.6": {
							"post": [10.685, 0, 5.7525],
							"lerp_mode": "catmullrom"
						},
						"0.8": {
							"post": [10.685, -1.5625, 5.8775],
							"lerp_mode": "catmullrom"
						},
						"0.9333": {
							"post": [10.685, -1.5625, 5.8775],
							"lerp_mode": "catmullrom"
						},
						"1.0333": {
							"post": [8.06, -1.56, 5.5675],
							"lerp_mode": "catmullrom"
						},
						"1.1333": {
							"post": [6.7525, -1.56, 5.32],
							"lerp_mode": "catmullrom"
						},
						"1.3333": [10.315, -0.06, 5.32],
						"1.5": {
							"pre": [5.815, 0.94, 5.32],
							"post": [5.815, 0.94, 5.32],
							"lerp_mode": "catmullrom"
						},
						"1.6333": {
							"post": [4.5, -0.435, 5.8825],
							"lerp_mode": "catmullrom"
						},
						"1.8": {
							"post": [4.5, -0.435, 5.8825],
							"lerp_mode": "catmullrom"
						},
						"1.9": {
							"post": [3.5, -1.9975, 6.5075],
							"lerp_mode": "catmullrom"
						},
						"2.0333": {
							"post": [4.125, -1.31, 6.195],
							"lerp_mode": "catmullrom"
						},
						"2.2667": {
							"post": [8.5, -1.9925, 5.7625],
							"lerp_mode": "catmullrom"
						},
						"2.6": [7.4425, -1.3025, 5.76],
						"2.7333": [7.445, -1.3, 8.885],
						"2.9333": {
							"pre": [7.445, -1.925, 8.885],
							"post": [7.445, -1.925, 8.885],
							"lerp_mode": "catmullrom"
						},
						"3.0667": {
							"post": [5.315, 0.035, 7.32],
							"lerp_mode": "catmullrom"
						},
						"3.1667": {
							"post": [5.24, 0.03, 0.99],
							"lerp_mode": "catmullrom"
						},
						"3.3": {
							"post": [1.645, 0.03, -1.605],
							"lerp_mode": "catmullrom"
						},
						"3.3667": {
							"post": [-1.6, -0.8575, -1.27],
							"lerp_mode": "catmullrom"
						},
						"3.5": [0, 0, 0]
					}
				},
				"mag_and_bullet": {
					"rotation": {
						"0.3667": [0, 0, 0],
						"0.6": [0, 0, 0],
						"0.9333": [0, 0, 0],
						"1.3333": [297.5, 0, 0],
						"2.0333": [297.5, 0, 0],
						"2.3333": [0, 0, 0],
						"2.5": [-15, 0, 0],
						"2.6333": [-15, 0, 0],
						"2.7": [0, 0, 0]
					},
					"position": {
						"0.3667": [0, 0, 0],
						"0.6": [0, -1.0625, 0],
						"0.9333": [0, -1.0625, 0],
						"1.0667": [3, -19.73, -2.33],
						"1.2": [6, -38.4, 8.1425],
						"1.3333": [16.875, -57.0625, 34.875],
						"2.0333": [16.875, -57.0625, 34.875],
						"2.3333": [-5.375, 3.125, 11.5625],
						"2.5": [-0.37, -4.87, 0.935],
						"2.6": [-0.37, -4.87, -1.065],
						"2.7": [0, 0, 0]
					}
				},
				"bolt": {
					"position": {
						"1.7667": [0, 0, 0],
						"1.8667": [0, 0, 3.1875],
						"2.7667": [0, 0, 3.1875],
						"2.8333": [0, 0, 0]
					}
				},
				"bullet_in_barrel": {
					"position": {
						"2.5333": [0, -1.5, 4],
						"2.7667": [0, -0.75, 4],
						"2.8333": [0, 0, 0]
					}
				},
				"lever": {
					"rotation": {
						"0.3667": [0, 0, 0],
						"0.4333": [-34, 0, 0],
						"2.7667": [-34, 0, 0],
						"2.8667": [0, 0, 0]
					}
				},
				"bullet_in_mag": {
					"position": {
						"0.7333": [0, -0.75, 0],
						"1.8667": [0, -0.75, 0],
						"2.0": [0, 0, 0]
					}
				},
				"bullet": {
					"position": {
						"0.7333": [0, -0.75, 0],
						"1.8667": [0, -0.75, 0],
						"2.0": [0, 0, 0]
					}
				},
				"camera": {
					"rotation": {
						"0.3667": {
							"pre": [0, 0, 0],
							"post": [0, 0, 0],
							"lerp_mode": "catmullrom"
						},
						"0.4333": {
							"post": [1, -2, 0],
							"lerp_mode": "catmullrom"
						},
						"0.5333": {
							"post": [0, 0, 0],
							"lerp_mode": "catmullrom"
						},
						"0.9667": {
							"post": [0, 0, 0],
							"lerp_mode": "catmullrom"
						},
						"1.0333": {
							"post": [2, 0, 0],
							"lerp_mode": "catmullrom"
						},
						"1.0667": {
							"post": [1.5, 0, 0],
							"lerp_mode": "catmullrom"
						},
						"1.1667": {
							"post": [0, 0, 0],
							"lerp_mode": "catmullrom"
						},
						"1.7667": {
							"post": [0, 0, 0],
							"lerp_mode": "catmullrom"
						},
						"1.9": {
							"post": [3, 0, 0],
							"lerp_mode": "catmullrom"
						},
						"1.9333": {
							"post": [4, 0, 0],
							"lerp_mode": "catmullrom"
						},
						"2.0333": {
							"post": [0, 0, 0],
							"lerp_mode": "catmullrom"
						},
						"2.6333": {
							"post": [0, 0, 0],
							"lerp_mode": "catmullrom"
						},
						"2.7": {
							"post": [-3, 0, 0],
							"lerp_mode": "catmullrom"
						},
						"2.7333": {
							"post": [-2, 0, 0],
							"lerp_mode": "catmullrom"
						},
						"2.8333": [0, 0, 0]
					}
				}
			}
		},
		"inspect": {
			"animation_length": 10.7,
			"bones": {
				"righthand": {
					"rotation": {
						"0.0": [77.21765, 11.11574, -168.31736],
						"1.4667": [77.22, 1.12, -168.32],
						"2.4667": [77.22, 1.12, -168.32],
						"4.2333": [77.21765, 11.11574, -168.31736],
						"4.7": [77.21765, 11.11574, -168.31736],
						"6.9333": [77.21765, 11.11574, -168.31736],
						"7.2667": [77.21765, 11.11574, -168.31736],
						"7.5333": [77.21765, 11.11574, -168.31736],
						"7.7": [78.21765, 14.11574, -160.31736],
						"7.8667": [78.21765, 14.11574, -160.31736],
						"8.0": [78.22, 14.12, -160.32],
						"8.1333": [78.22, 14.12, -160.32],
						"8.5": [80.72, 19.12, -152.82],
						"8.6667": [80.72, 19.12, -152.82],
						"9.5333": {
							"pre": [80.72, 19.12, -152.82],
							"post": [80.72, 19.12, -152.82],
							"lerp_mode": "catmullrom"
						},
						"9.7667": {
							"post": [76.03143, 16.07839, -168.23627],
							"lerp_mode": "catmullrom"
						},
						"9.9333": {
							"post": [76.03143, 16.07839, -168.23627],
							"lerp_mode": "catmullrom"
						},
						"10.1": [77.21765, 11.11574, -168.31736]
					},
					"position": {
						"0.0": [-7.125, -12.4375, 5.4375],
						"4.2333": [-7.125, -12.4375, 5.4375],
						"4.3667": {
							"pre": [-6.62, -16.065, 4.69],
							"post": [-6.62, -16.065, 4.69],
							"lerp_mode": "catmullrom"
						},
						"4.5667": {
							"post": [-6.62, -16.065, 4.69],
							"lerp_mode": "catmullrom"
						},
						"4.7": [-7.125, -12.4375, 7.0625],
						"6.9333": [-7.125, -12.4375, 7.0625],
						"7.2667": [-7.125, -12.4375, 5.4375],
						"7.5333": [-7.125, -12.4375, 5.4375],
						"7.7": [-7.25, -8.25, 4.6875],
						"7.8667": [-7.25, -8.25, 4.6875],
						"8.0": [-7.25, -8.25, 3.6275],
						"8.1333": [-7.25, -8.25, 3.6275],
						"8.5": [-8.5625, -8.25, -3.9325],
						"8.6667": [-8.5625, -8.25, -3.9325],
						"8.8": {
							"pre": [-8.7475, -7.9375, -1.305],
							"post": [-8.7475, -7.9375, -1.305],
							"lerp_mode": "catmullrom"
						},
						"9.1333": {
							"post": [-8.75, -7.94, -0.81],
							"lerp_mode": "catmullrom"
						},
						"9.4": {
							"post": [-8.75, -7.94, -1.3725],
							"lerp_mode": "catmullrom"
						},
						"9.5333": {
							"post": [-8.75, -7.94, -1.12],
							"lerp_mode": "catmullrom"
						},
						"9.6333": {
							"post": [-9.92, -7.82, -0.05],
							"lerp_mode": "catmullrom"
						},
						"9.7667": {
							"post": [-10, -8.44, 1.38],
							"lerp_mode": "catmullrom"
						},
						"9.9333": {
							"post": [-11.75, -14.565, 0.9425],
							"lerp_mode": "catmullrom"
						},
						"10.1": [-7.125, -12.4375, 5.4375]
					}
				},
				"lefthand": {
					"rotation": {
						"0.0": [85.29936, -42.30312, -124.76841],
						"4.1667": [85.29936, -42.30312, -124.76841],
						"4.3667": [85.29936, -42.30312, -124.76841],
						"4.6": [102.35933, -32.2451, -178.24999],
						"6.7667": [102.35933, -32.2451, -178.24999],
						"7.1333": [109.21863, -28.96299, -191.67217],
						"9.7": [109.21863, -28.96299, -191.67217],
						"9.9": [115.64307, -23.58979, -206.10648],
						"10.2667": [85.29936, -42.30312, -124.76841]
					},
					"position": {
						"0.0": [7.1875, -11.75, -8.875],
						"4.1667": [7.1875, -11.75, -8.875],
						"4.3667": [7.19, -11.75, -8.87],
						"4.6": [6.6275, -15.3125, -1.87],
						"6.7667": [6.6275, -15.3125, -1.87],
						"7.1333": [6.19, -12.8125, -6.8075],
						"9.7": [6.19, -12.8125, -6.8075],
						"9.9": {
							"pre": [6.64, -11.33, -5.365],
							"post": [6.64, -11.33, -5.365],
							"lerp_mode": "catmullrom"
						},
						"10.1": {
							"post": [9.09, -12.12, -4.89],
							"lerp_mode": "catmullrom"
						},
						"10.2667": [7.1875, -11.75, -8.875]
					}
				},
				"M1916": {
					"rotation": {
						"0.0": [0, 0, 0],
						"0.3": {
							"pre": [3.71205, -40.41337, -19.20916],
							"post": [3.71205, -40.41337, -19.20916],
							"lerp_mode": "catmullrom"
						},
						"0.6333": {
							"post": [3.71205, -40.41337, -19.20916],
							"lerp_mode": "catmullrom"
						},
						"0.8333": {
							"post": [16.94726, -36.19582, -43.64523],
							"lerp_mode": "catmullrom"
						},
						"1.4": {
							"post": [30.78107, -65.26984, -29.35081],
							"lerp_mode": "catmullrom"
						},
						"1.7": {
							"post": [35.92, -67.67, -28.42],
							"lerp_mode": "catmullrom"
						},
						"2.0667": {
							"post": [27.9, -59.16, -26.61],
							"lerp_mode": "catmullrom"
						},
						"2.3": {
							"post": [7.15729, -29.42642, 14.29433],
							"lerp_mode": "catmullrom"
						},
						"2.5333": {
							"post": [2.41458, 0.30715, 55.19865],
							"lerp_mode": "catmullrom"
						},
						"2.7333": {
							"post": [17.93056, 22.08969, 50.73062],
							"lerp_mode": "catmullrom"
						},
						"3.1667": {
							"post": [17.93056, 22.08969, 50.73062],
							"lerp_mode": "catmullrom"
						},
						"3.3333": {
							"post": [15.65, 21.28, 69.28],
							"lerp_mode": "catmullrom"
						},
						"3.7667": {
							"post": [15.65, 21.28, 69.28],
							"lerp_mode": "catmullrom"
						},
						"4.0333": {
							"post": [0, 0, 0],
							"lerp_mode": "catmullrom"
						},
						"4.2667": {
							"post": [-51.29891, -19.12317, -12.32391],
							"lerp_mode": "catmullrom"
						},
						"4.4667": {
							"post": [-40.29891, -19.12317, -12.32391],
							"lerp_mode": "catmullrom"
						},
						"4.7": {
							"post": [-15.5931, -9.05448, -12.11377],
							"lerp_mode": "catmullrom"
						},
						"5.0667": {
							"post": [-19.64942, -6.23573, -10.37168],
							"lerp_mode": "catmullrom"
						},
						"5.6667": {
							"post": [-19.62823, -2.64303, -7.22366],
							"lerp_mode": "catmullrom"
						},
						"6.2333": {
							"post": [-21.14835, -3.48953, -11.41829],
							"lerp_mode": "catmullrom"
						},
						"6.5": {
							"post": [-40.86, -13.74, -8.41],
							"lerp_mode": "catmullrom"
						},
						"6.8": {
							"post": [-46.0475, -13.74, -8.41],
							"lerp_mode": "catmullrom"
						},
						"6.8667": {
							"post": [-51.14, -14.6, -8.94],
							"lerp_mode": "catmullrom"
						},
						"7.0": {
							"post": [-46.39, -14.91, -9.13],
							"lerp_mode": "catmullrom"
						},
						"7.1333": {
							"post": [-42.86, -13.74, -8.41],
							"lerp_mode": "catmullrom"
						},
						"7.3667": {
							"post": [0.36, -2.77, -1.7],
							"lerp_mode": "catmullrom"
						},
						"7.7": {
							"post": [-14.30159, 5.9805, 9.23965],
							"lerp_mode": "catmullrom"
						},
						"8.1333": {
							"post": [-8.30159, 5.9805, 9.23965],
							"lerp_mode": "catmullrom"
						},
						"8.4333": {
							"post": [-22, 0, 0],
							"lerp_mode": "catmullrom"
						},
						"8.6667": [-22, 0, 0],
						"8.8": {
							"pre": [-28.76302, -3.86883, -7.00763],
							"post": [-28.76302, -3.86883, -7.00763],
							"lerp_mode": "catmullrom"
						},
						"9.6333": {
							"post": [-33.93525, -2.23552, -3.31783],
							"lerp_mode": "catmullrom"
						},
						"9.7": {
							"post": [-30, 0, 0],
							"lerp_mode": "catmullrom"
						},
						"9.8": {
							"post": [-26, 0, 0],
							"lerp_mode": "catmullrom"
						},
						"9.9333": {
							"post": [-33.32, 0, 0],
							"lerp_mode": "catmullrom"
						},
						"10.0667": {
							"post": [-12.49, 0, 0],
							"lerp_mode": "catmullrom"
						},
						"10.2667": {
							"post": [3.64, 0, 0],
							"lerp_mode": "catmullrom"
						},
						"10.5333": [0, 0, 0]
					},
					"position": {
						"0.0": [0, 0, 0],
						"0.3": {
							"pre": [3.25, 1, 1.1875],
							"post": [3.25, 1, 1.1875],
							"lerp_mode": "catmullrom"
						},
						"0.6333": {
							"post": [3.25, 1, 1.1875],
							"lerp_mode": "catmullrom"
						},
						"0.8333": {
							"post": [3.14, 0.97, 4.5875],
							"lerp_mode": "catmullrom"
						},
						"1.4": {
							"post": [8.6, 0.88, 6.6525],
							"lerp_mode": "catmullrom"
						},
						"1.7": {
							"post": [9.3525, 0.88, 6.83],
							"lerp_mode": "catmullrom"
						},
						"2.0667": {
							"post": [7.8, 0.8, 6.03],
							"lerp_mode": "catmullrom"
						},
						"2.3": {
							"post": [6.49, -3.8975, 3.14],
							"lerp_mode": "catmullrom"
						},
						"2.5333": {
							"post": [5.18, -2.7175, 0.26],
							"lerp_mode": "catmullrom"
						},
						"2.7333": {
							"post": [4.38, -2.27, 0.05],
							"lerp_mode": "catmullrom"
						},
						"3.1667": {
							"post": [4.38, -2.27, 0.05],
							"lerp_mode": "catmullrom"
						},
						"3.3333": {
							"post": [3.82, -1.98, 1.4775],
							"lerp_mode": "catmullrom"
						},
						"3.7667": {
							"post": [3.82, -1.98, 1.4775],
							"lerp_mode": "catmullrom"
						},
						"4.0333": {
							"post": [0, 0, 0],
							"lerp_mode": "catmullrom"
						},
						"4.2667": {
							"post": [-4.3725, 4.3775, 1.5025],
							"lerp_mode": "catmullrom"
						},
						"4.4667": {
							"post": [-4.3725, 5.1275, 2.565],
							"lerp_mode": "catmullrom"
						},
						"4.7": {
							"post": [-4.97, 1.3325, 1.83],
							"lerp_mode": "catmullrom"
						},
						"4.9": {
							"post": [-4.74, 2.2775, 1.8375],
							"lerp_mode": "catmullrom"
						},
						"5.4": {
							"post": [-5.85, 4.41, 2.11],
							"lerp_mode": "catmullrom"
						},
						"6.2333": {
							"post": [-6.4, 3.055, 2.4],
							"lerp_mode": "catmullrom"
						},
						"6.5": {
							"post": [-6.6275, 5.9, 2.87],
							"lerp_mode": "catmullrom"
						},
						"6.8": {
							"post": [-7.94, 6.135, 2.5075],
							"lerp_mode": "catmullrom"
						},
						"6.8667": {
							"post": [-8.45, 8.55, 2.57],
							"lerp_mode": "catmullrom"
						},
						"7.0": {
							"post": [-8.68, 9, 2.62],
							"lerp_mode": "catmullrom"
						},
						"7.1333": {
							"post": [-8.68, 7.8125, 2.62],
							"lerp_mode": "catmullrom"
						},
						"7.3667": {
							"post": [-1.6, -0.8575, 0.48],
							"lerp_mode": "catmullrom"
						},
						"7.7": {
							"post": [0.06, -0.315, 2.1075],
							"lerp_mode": "catmullrom"
						},
						"7.9667": {
							"post": [-0.11, -0.31, 2.12],
							"lerp_mode": "catmullrom"
						},
						"8.0667": {
							"post": [0.06, -0.315, 0.545],
							"lerp_mode": "catmullrom"
						},
						"8.4333": {
							"post": [2.4375, -0.5625, 3],
							"lerp_mode": "catmullrom"
						},
						"8.6667": [2.4375, -0.625, 3.5625],
						"8.8": {
							"pre": [2.44, -1.25, 5.435],
							"post": [2.44, -1.25, 5.435],
							"lerp_mode": "catmullrom"
						},
						"9.6333": {
							"post": [2.44, -1.25, 4.8725],
							"lerp_mode": "catmullrom"
						},
						"9.7": {
							"post": [2.44, 0, 4.3725],
							"lerp_mode": "catmullrom"
						},
						"9.8": {
							"post": [2.44, 0.25, 2.87],
							"lerp_mode": "catmullrom"
						},
						"9.9333": {
							"post": [1.63, 2.3775, 2.55],
							"lerp_mode": "catmullrom"
						},
						"10.0667": {
							"post": [1.18, 2.58, 1.84],
							"lerp_mode": "catmullrom"
						},
						"10.2667": {
							"post": [0.5, -1.3, 0.78],
							"lerp_mode": "catmullrom"
						},
						"10.5333": [0, 0, 0]
					}
				},
				"lefthand_and_mag": {
					"rotation": {
						"4.6": [0, 0, 0],
						"4.8333": {
							"pre": [0, 0, 0],
							"post": [0, 0, 0],
							"lerp_mode": "catmullrom"
						},
						"5.0667": {
							"post": [-8, 0, 16],
							"lerp_mode": "catmullrom"
						},
						"5.6": {
							"post": [-12, 0, 16],
							"lerp_mode": "catmullrom"
						},
						"5.8": {
							"post": [0, 0, 35],
							"lerp_mode": "catmullrom"
						},
						"6.3": {
							"post": [0, 0, 35],
							"lerp_mode": "catmullrom"
						},
						"6.4333": {
							"post": [0, 0, 16],
							"lerp_mode": "catmullrom"
						},
						"6.5667": [-5, 0, 0],
						"6.6667": [-5, 0, 0],
						"6.7667": [0, 0, 0]
					},
					"position": {
						"4.6": [0, 0, 0],
						"4.8333": {
							"pre": [1.75, -4.6875, 0],
							"post": [1.75, -4.6875, 0],
							"lerp_mode": "catmullrom"
						},
						"5.0667": {
							"post": [6.375, -1.3775, 3],
							"lerp_mode": "catmullrom"
						},
						"5.6": {
							"post": [6.375, -0.1275, 3],
							"lerp_mode": "catmullrom"
						},
						"5.8": {
							"post": [5.44, 0.6225, 2.88],
							"lerp_mode": "catmullrom"
						},
						"6.3": {
							"post": [5.44, -1.2525, 2.88],
							"lerp_mode": "catmullrom"
						},
						"6.4333": {
							"post": [5.4375, -4.69, 2.875],
							"lerp_mode": "catmullrom"
						},
						"6.5667": [-0.6875, -2.8125, -0.4375],
						"6.6667": [-0.6875, -2.625, -0.9375],
						"6.7667": [0, 0, 0]
					}
				},
				"mag_and_bullet": {
					"rotation": {
						"4.2": [0, 0, 0],
						"4.5": [-0.25, 0, 0],
						"4.6": [-0.25, 0, 0],
						"6.7667": [-0.25, 0, 0]
					},
					"position": {
						"4.2": [0, 0, 0],
						"4.5": [0, -0.4375, 0],
						"4.6": [0, -0.4375, 0],
						"6.7667": [0, -0.4375, 0]
					}
				},
				"safty2": {
					"position": {
						"7.9333": [0, 0, 0],
						"8.0333": [0, 0, -0.5],
						"9.3667": [0, 0, -0.5],
						"9.4667": [0, 0, 0]
					}
				},
				"bolt": {
					"position": {
						"8.6667": [0, 0, 0],
						"8.8": {
							"pre": [0, 0, 2.5625],
							"post": [0, 0, 2.5625],
							"lerp_mode": "catmullrom"
						},
						"9.1333": {
							"post": [0, 0, 2.9975],
							"lerp_mode": "catmullrom"
						},
						"9.4": {
							"post": [0, 0, 2.8125],
							"lerp_mode": "catmullrom"
						},
						"9.5667": [0, 0, 2.81],
						"9.6333": [0, 0, 0]
					}
				},
				"bullet_in_barrel": {
					"position": {
						"8.6667": [0, 0, 0],
						"8.8": [0, 0, 2.8125],
						"8.9667": [0, 0, 3.125],
						"9.1667": [0, 0, 3.125],
						"9.4": [0, 0, 2.98],
						"9.5": [0, 0, 3.16],
						"9.5667": [0, 0, 2.8925],
						"9.6333": [0, 0, 0]
					}
				},
				"lever": {
					"rotation": {
						"4.2333": [0, 0, 0],
						"4.4": [-32, 0, 0],
						"6.7667": [-32, 0, 0],
						"6.9": [0, 0, 0]
					}
				},
				"camera": {
					"rotation": {
						"0.5667": {
							"pre": [0, 0, 0],
							"post": [0, 0, 0],
							"lerp_mode": "catmullrom"
						},
						"0.9333": {
							"post": [3, 0, 0],
							"lerp_mode": "catmullrom"
						},
						"1.5333": {
							"post": [3, 7, 0],
							"lerp_mode": "catmullrom"
						},
						"2.0333": {
							"post": [3, 7, 0],
							"lerp_mode": "catmullrom"
						},
						"2.4333": {
							"post": [0, 0, 0],
							"lerp_mode": "catmullrom"
						},
						"2.8667": {
							"post": [7, 0, 0],
							"lerp_mode": "catmullrom"
						},
						"3.6333": {
							"post": [2, 4, 0],
							"lerp_mode": "catmullrom"
						},
						"3.9667": {
							"post": [0, 0, 0],
							"lerp_mode": "catmullrom"
						},
						"4.3": {
							"post": [0, 0, 0],
							"lerp_mode": "catmullrom"
						},
						"4.4": {
							"post": [-2, 0, 0],
							"lerp_mode": "catmullrom"
						},
						"4.5333": {
							"post": [0, 0, 0],
							"lerp_mode": "catmullrom"
						},
						"4.7": {
							"post": [0, 0, 0],
							"lerp_mode": "catmullrom"
						},
						"4.7667": {
							"post": [2, 0, 0],
							"lerp_mode": "catmullrom"
						},
						"5.0": {
							"post": [0.5, 0, 0],
							"lerp_mode": "catmullrom"
						},
						"6.4": {
							"post": [0.5, 0, 0],
							"lerp_mode": "catmullrom"
						},
						"6.6667": {
							"post": [0, 0, 0],
							"lerp_mode": "catmullrom"
						},
						"6.7667": {
							"post": [0, 0, 0],
							"lerp_mode": "catmullrom"
						},
						"6.8333": {
							"post": [-2, 0, 0],
							"lerp_mode": "catmullrom"
						},
						"6.9": {
							"post": [-2, 0, 0],
							"lerp_mode": "catmullrom"
						},
						"7.0": {
							"post": [0, 0, 0],
							"lerp_mode": "catmullrom"
						},
						"8.0": {
							"post": [0, 0, 0],
							"lerp_mode": "catmullrom"
						},
						"8.0667": {
							"post": [1, 0, 0],
							"lerp_mode": "catmullrom"
						},
						"8.1333": {
							"post": [0, 0, 0],
							"lerp_mode": "catmullrom"
						},
						"8.6667": {
							"post": [0, 0, 0],
							"lerp_mode": "catmullrom"
						},
						"8.7667": {
							"post": [4, 0, 0],
							"lerp_mode": "catmullrom"
						},
						"8.9": {
							"post": [2.5, 0, 0],
							"lerp_mode": "catmullrom"
						},
						"9.6": {
							"post": [2.5, 0, 0],
							"lerp_mode": "catmullrom"
						},
						"9.7": {
							"post": [-2, 0, 0],
							"lerp_mode": "catmullrom"
						},
						"9.8333": [0, 0, 0]
					}
				}
			}
		},
		"inspect_empty": {
			"animation_length": 10.6333,
			"bones": {
				"righthand": {
					"rotation": {
						"0.0": [77.21765, 11.11574, -168.31736],
						"1.3333": [77.22, 1.12, -168.32],
						"2.3333": [77.22, 1.12, -168.32],
						"4.2333": [77.21765, 11.11574, -168.31736],
						"4.7": [77.21765, 11.11574, -168.31736],
						"6.5333": [77.21765, 11.11574, -168.31736],
						"6.7": [78.21765, 14.11574, -160.31736],
						"6.8667": [78.21765, 14.11574, -160.31736],
						"7.0": [78.22, 14.12, -160.32],
						"7.1333": [78.22, 14.12, -160.32],
						"7.5": [80.72, 19.12, -152.82],
						"7.6667": [80.72, 19.12, -152.82],
						"7.8": {
							"pre": [80.76, 19.2, -152.66],
							"post": [80.76, 19.2, -152.66],
							"lerp_mode": "catmullrom"
						},
						"8.5333": {
							"post": [80.72, 19.12, -152.82],
							"lerp_mode": "catmullrom"
						},
						"9.0": [77.21765, 11.11574, -168.31736],
						"9.7": [77.21765, 11.11574, -168.31736]
					},
					"position": {
						"0.0": [-7.125, -12.4375, 5.4375],
						"4.2333": [-7.125, -12.4375, 5.4375],
						"4.3667": {
							"pre": [-6.62, -16.065, 4.69],
							"post": [-6.62, -16.065, 4.69],
							"lerp_mode": "catmullrom"
						},
						"4.5667": {
							"post": [-6.62, -16.065, 4.69],
							"lerp_mode": "catmullrom"
						},
						"4.7": [-7.125, -12.4375, 7.0625],
						"6.5333": [-7.125, -12.4375, 5.4375],
						"6.7": [-7.25, -8.25, 4.6875],
						"6.8667": [-7.25, -8.25, 4.6875],
						"7.0": [-7.25, -8.25, 3.6275],
						"7.1333": [-7.25, -8.25, 3.6275],
						"7.5": [-8.5625, -8.25, -3.9325],
						"7.6667": [-8.5625, -8.25, -3.9325],
						"7.8": {
							"pre": [-8.7475, -7.9375, -1.305],
							"post": [-8.7475, -7.9375, -1.305],
							"lerp_mode": "catmullrom"
						},
						"8.1333": {
							"post": [-8.75, -7.94, -0.81],
							"lerp_mode": "catmullrom"
						},
						"8.4": {
							"post": [-8.75, -7.94, -1.3725],
							"lerp_mode": "catmullrom"
						},
						"8.5333": {
							"post": [-9.75, -7.94, -1.12],
							"lerp_mode": "catmullrom"
						},
						"9.0": [-7.125, -12.4375, 5.4375],
						"9.7": [-7.125, -12.4375, 7.0625]
					}
				},
				"lefthand": {
					"rotation": {
						"0.0": [85.29936, -42.30312, -124.76841],
						"4.1667": [85.29936, -42.30312, -124.76841],
						"4.3667": [85.29936, -42.30312, -124.76841],
						"4.6": [102.35933, -32.2451, -178.24999],
						"6.4": [102.35933, -32.2451, -178.24999],
						"6.6333": [109.21863, -28.96299, -191.67217],
						"8.9333": [109.21863, -28.96299, -191.67217],
						"9.2": [102.35933, -32.2451, -178.24999],
						"9.9": [109.21863, -28.96299, -191.67217],
						"10.2333": [85.29936, -42.30312, -124.76841]
					},
					"position": {
						"0.0": [7.1875, -11.75, -8.875],
						"4.1667": [7.1875, -11.75, -8.875],
						"4.3667": [7.19, -11.75, -8.87],
						"4.6": [6.6275, -15.3125, -1.87],
						"6.4": [6.6275, -15.3125, -1.87],
						"6.6333": [6.19, -12.8125, -6.8075],
						"8.9333": [6.19, -12.8125, -6.8075],
						"9.2": [6.6275, -15.3125, -1.87],
						"9.9": [6.19, -12.8125, -6.8075],
						"10.2333": [7.1875, -11.75, -8.875]
					}
				},
				"M1916": {
					"rotation": {
						"0.0": [0, 0, 0],
						"0.3": {
							"pre": [3.71205, -40.41337, -19.20916],
							"post": [3.71205, -40.41337, -19.20916],
							"lerp_mode": "catmullrom"
						},
						"0.6333": {
							"post": [3.71205, -40.41337, -19.20916],
							"lerp_mode": "catmullrom"
						},
						"0.8333": {
							"post": [16.94726, -36.19582, -43.64523],
							"lerp_mode": "catmullrom"
						},
						"1.3333": {
							"post": [30.78107, -65.26984, -29.35081],
							"lerp_mode": "catmullrom"
						},
						"1.6667": {
							"post": [35.92, -67.67, -28.42],
							"lerp_mode": "catmullrom"
						},
						"2.0667": {
							"post": [27.9, -59.16, -26.61],
							"lerp_mode": "catmullrom"
						},
						"2.3": {
							"post": [7.15729, -29.42642, 14.29433],
							"lerp_mode": "catmullrom"
						},
						"2.5333": {
							"post": [2.41458, 0.30715, 55.19865],
							"lerp_mode": "catmullrom"
						},
						"2.7333": {
							"post": [17.93056, 22.08969, 50.73062],
							"lerp_mode": "catmullrom"
						},
						"3.1667": {
							"post": [17.93056, 22.08969, 50.73062],
							"lerp_mode": "catmullrom"
						},
						"3.3333": {
							"post": [15.65, 21.28, 69.28],
							"lerp_mode": "catmullrom"
						},
						"3.7667": {
							"post": [15.65, 21.28, 69.28],
							"lerp_mode": "catmullrom"
						},
						"4.0333": {
							"post": [0, 0, 0],
							"lerp_mode": "catmullrom"
						},
						"4.2667": {
							"post": [-51.29891, -19.12317, -12.32391],
							"lerp_mode": "catmullrom"
						},
						"4.4667": {
							"post": [-40.29891, -19.12317, -12.32391],
							"lerp_mode": "catmullrom"
						},
						"4.7": {
							"post": [-15.5931, -9.05448, -12.11377],
							"lerp_mode": "catmullrom"
						},
						"5.0667": {
							"post": [-19.64942, -6.23573, -10.37168],
							"lerp_mode": "catmullrom"
						},
						"5.6667": {
							"post": [-19.62823, -2.64303, -7.22366],
							"lerp_mode": "catmullrom"
						},
						"6.2333": {
							"post": [-21.14835, -3.48953, -11.41829],
							"lerp_mode": "catmullrom"
						},
						"6.7": {
							"post": [-14.30159, 5.9805, 9.23965],
							"lerp_mode": "catmullrom"
						},
						"7.1333": {
							"post": [-8.30159, 5.9805, 9.23965],
							"lerp_mode": "catmullrom"
						},
						"7.4333": {
							"post": [-22, 0, 0],
							"lerp_mode": "catmullrom"
						},
						"7.6667": [-22, 0, 0],
						"7.8": {
							"pre": [-28.76302, -3.86883, -7.00763],
							"post": [-28.76302, -3.86883, -7.00763],
							"lerp_mode": "catmullrom"
						},
						"8.6333": {
							"post": [-33.93525, -2.23552, -3.31783],
							"lerp_mode": "catmullrom"
						},
						"8.7": {
							"post": [-30, 0, 0],
							"lerp_mode": "catmullrom"
						},
						"8.9667": {
							"post": [-26, 0, 0],
							"lerp_mode": "catmullrom"
						},
						"9.3333": {
							"post": [-40.86, -13.74, -8.41],
							"lerp_mode": "catmullrom"
						},
						"9.6333": {
							"post": [-46.0475, -13.74, -8.41],
							"lerp_mode": "catmullrom"
						},
						"9.7": {
							"post": [-51.14, -14.6, -8.94],
							"lerp_mode": "catmullrom"
						},
						"9.8333": {
							"post": [-46.39, -14.91, -9.13],
							"lerp_mode": "catmullrom"
						},
						"9.9667": {
							"post": [-42.86, -13.74, -8.41],
							"lerp_mode": "catmullrom"
						},
						"10.2333": {
							"post": [3.64, 0, 0],
							"lerp_mode": "catmullrom"
						},
						"10.6": [0, 0, 0]
					},
					"position": {
						"0.0": [0, 0, 0],
						"0.3": {
							"pre": [3.25, 1, 1.1875],
							"post": [3.25, 1, 1.1875],
							"lerp_mode": "catmullrom"
						},
						"0.6333": {
							"post": [3.25, 1, 1.1875],
							"lerp_mode": "catmullrom"
						},
						"0.8333": {
							"post": [3.14, 0.97, 4.5875],
							"lerp_mode": "catmullrom"
						},
						"1.3333": {
							"post": [8.6, 0.88, 6.6525],
							"lerp_mode": "catmullrom"
						},
						"1.6667": {
							"post": [9.3525, 0.88, 6.83],
							"lerp_mode": "catmullrom"
						},
						"2.0667": {
							"post": [7.8, 0.8, 6.03],
							"lerp_mode": "catmullrom"
						},
						"2.3": {
							"post": [6.49, -3.8975, 3.14],
							"lerp_mode": "catmullrom"
						},
						"2.5333": {
							"post": [5.18, -2.7175, 0.26],
							"lerp_mode": "catmullrom"
						},
						"2.7333": {
							"post": [4.38, -2.27, 0.05],
							"lerp_mode": "catmullrom"
						},
						"3.1667": {
							"post": [4.38, -2.27, 0.05],
							"lerp_mode": "catmullrom"
						},
						"3.3333": {
							"post": [3.82, -1.98, 1.4775],
							"lerp_mode": "catmullrom"
						},
						"3.7667": {
							"post": [3.82, -1.98, 1.4775],
							"lerp_mode": "catmullrom"
						},
						"4.0333": {
							"post": [0, 0, 0],
							"lerp_mode": "catmullrom"
						},
						"4.2667": {
							"post": [-4.3725, 4.3775, 1.5025],
							"lerp_mode": "catmullrom"
						},
						"4.4667": {
							"post": [-4.3725, 5.1275, 2.565],
							"lerp_mode": "catmullrom"
						},
						"4.7": {
							"post": [-4.97, 1.3325, 1.83],
							"lerp_mode": "catmullrom"
						},
						"4.9": {
							"post": [-4.74, 2.2775, 1.8375],
							"lerp_mode": "catmullrom"
						},
						"5.4": {
							"post": [-5.85, 4.41, 2.11],
							"lerp_mode": "catmullrom"
						},
						"6.2333": {
							"post": [-6.4, 3.055, 2.4],
							"lerp_mode": "catmullrom"
						},
						"6.7": {
							"post": [0.06, -0.315, 2.1075],
							"lerp_mode": "catmullrom"
						},
						"6.9667": {
							"post": [-0.11, -0.31, 2.12],
							"lerp_mode": "catmullrom"
						},
						"7.0667": {
							"post": [0.06, -0.315, 0.545],
							"lerp_mode": "catmullrom"
						},
						"7.4333": {
							"post": [2.4375, -0.5625, 3],
							"lerp_mode": "catmullrom"
						},
						"7.6667": [2.4375, -0.625, 3.5625],
						"7.8": {
							"pre": [2.44, -1.25, 5.435],
							"post": [2.44, -1.25, 5.435],
							"lerp_mode": "catmullrom"
						},
						"8.6333": {
							"post": [2.44, -1.25, 4.8725],
							"lerp_mode": "catmullrom"
						},
						"8.7": {
							"post": [2.44, 0, 4.3725],
							"lerp_mode": "catmullrom"
						},
						"8.9667": {
							"post": [2.44, 0.25, 2.87],
							"lerp_mode": "catmullrom"
						},
						"9.3333": {
							"post": [-6.6275, 5.9, 2.87],
							"lerp_mode": "catmullrom"
						},
						"9.6333": {
							"post": [-7.94, 6.135, 2.5075],
							"lerp_mode": "catmullrom"
						},
						"9.7": {
							"post": [-8.45, 8.55, 2.57],
							"lerp_mode": "catmullrom"
						},
						"9.8333": {
							"post": [-8.68, 9, 2.62],
							"lerp_mode": "catmullrom"
						},
						"9.9667": {
							"post": [-8.68, 7.8125, 2.62],
							"lerp_mode": "catmullrom"
						},
						"10.2333": {
							"post": [0.5, -1.3, 0.78],
							"lerp_mode": "catmullrom"
						},
						"10.6": [0, 0, 0]
					}
				},
				"lefthand_and_mag": {
					"rotation": {
						"4.6": [0, 0, 0],
						"4.8333": {
							"pre": [0, 0, 0],
							"post": [0, 0, 0],
							"lerp_mode": "catmullrom"
						},
						"5.0667": {
							"post": [-8, 0, 16],
							"lerp_mode": "catmullrom"
						},
						"5.6": {
							"post": [-12, 0, 16],
							"lerp_mode": "catmullrom"
						},
						"5.8": {
							"post": [0, 0, 35],
							"lerp_mode": "catmullrom"
						},
						"6.3": {
							"post": [0, 0, 35],
							"lerp_mode": "catmullrom"
						},
						"6.5333": [-14, 0, 10.64],
						"9.0": [-14, 0, 10.64],
						"9.0667": {
							"pre": [-11.04, 0, 12.1],
							"post": [-11.04, 0, 12.1],
							"lerp_mode": "catmullrom"
						},
						"9.2667": {
							"post": [0, 0, 16],
							"lerp_mode": "catmullrom"
						},
						"9.4667": [-5, 0, 0],
						"9.5667": [-5, 0, 0],
						"9.6667": [0, 0, 0]
					},
					"position": {
						"4.6": [0, 0, 0],
						"4.8333": {
							"pre": [1.75, -4.6875, 0],
							"post": [1.75, -4.6875, 0],
							"lerp_mode": "catmullrom"
						},
						"5.0667": {
							"post": [6.375, -1.3775, 3],
							"lerp_mode": "catmullrom"
						},
						"5.6": {
							"post": [6.375, -0.1275, 3],
							"lerp_mode": "catmullrom"
						},
						"5.8": {
							"post": [5.44, 0.6225, 2.88],
							"lerp_mode": "catmullrom"
						},
						"6.3": {
							"post": [5.44, -1.2525, 2.88],
							"lerp_mode": "catmullrom"
						},
						"6.5333": [0.94, 4.15, -3.245],
						"9.0": [0.94, 4.15, -3.245],
						"9.0667": {
							"pre": [2, 2.31, -1.92],
							"post": [2, 2.31, -1.92],
							"lerp_mode": "catmullrom"
						},
						"9.2667": {
							"post": [5.4375, -4.69, 2.875],
							"lerp_mode": "catmullrom"
						},
						"9.4667": [-0.6875, -2.8125, -0.4375],
						"9.5667": [-0.6875, -2.625, -0.9375],
						"9.6667": [0, 0, 0]
					}
				},
				"mag_and_bullet": {
					"rotation": {
						"4.2": [0, 0, 0],
						"4.5": [-0.25, 0, 0],
						"4.6": [-0.25, 0, 0],
						"6.3": [-0.25, 0, 0],
						"6.5333": [61.75, -10, -9],
						"9.0": [61.75, -10, -9],
						"9.0667": [41.08, -6.67, -6],
						"9.2": [-0.25, 0, 0]
					},
					"position": {
						"4.2": [0, 0, 0],
						"4.5": [0, -0.4375, 0],
						"4.6": [0, -0.4375, 0],
						"6.3": [0, -0.4375, 0],
						"6.5333": [-0.4375, 2.7475, -7.4375],
						"9.0": [-0.4375, 2.7475, -7.4375],
						"9.0667": [-0.29, 1.69, -4.96],
						"9.2": [0, -0.4375, 0]
					}
				},
				"bullet_in_mag": {
					"position": [0, -1, 0]
				},
				"bullet": {
					"position": [0, -1, 0]
				},
				"safty2": {
					"position": {
						"6.9333": [0, 0, 0],
						"7.0333": [0, 0, -0.5],
						"8.3667": [0, 0, -0.5],
						"8.4667": [0, 0, 0]
					}
				},
				"bolt": {
					"position": {
						"7.6667": [0, 0, 0],
						"7.8": {
							"pre": [0, 0, 2.5625],
							"post": [0, 0, 2.5625],
							"lerp_mode": "catmullrom"
						},
						"8.1333": {
							"post": [0, 0, 2.9975],
							"lerp_mode": "catmullrom"
						},
						"8.4": {
							"post": [0, 0, 2.8125],
							"lerp_mode": "catmullrom"
						},
						"8.5667": [0, 0, 2.81],
						"8.6333": [0, 0, 0]
					}
				},
				"bullet_in_barrel": {
					"position": [0, 0, -7.0625]
				},
				"lever": {
					"rotation": {
						"4.2333": [0, 0, 0],
						"4.4": [-32, 0, 0],
						"9.6333": [-32, 0, 0],
						"9.7667": [0, 0, 0]
					}
				},
				"camera": {
					"rotation": {
						"0.5667": {
							"pre": [0, 0, 0],
							"post": [0, 0, 0],
							"lerp_mode": "catmullrom"
						},
						"0.9333": {
							"post": [3, 0, 0],
							"lerp_mode": "catmullrom"
						},
						"1.5333": {
							"post": [3, 7, 0],
							"lerp_mode": "catmullrom"
						},
						"2.0333": {
							"post": [3, 7, 0],
							"lerp_mode": "catmullrom"
						},
						"2.4333": {
							"post": [0, 0, 0],
							"lerp_mode": "catmullrom"
						},
						"2.8667": {
							"post": [7, 0, 0],
							"lerp_mode": "catmullrom"
						},
						"3.6333": {
							"post": [2, 4, 0],
							"lerp_mode": "catmullrom"
						},
						"3.9667": {
							"post": [0, 0, 0],
							"lerp_mode": "catmullrom"
						},
						"4.3": {
							"post": [0, 0, 0],
							"lerp_mode": "catmullrom"
						},
						"4.4": {
							"post": [-2, 0, 0],
							"lerp_mode": "catmullrom"
						},
						"4.5333": {
							"post": [0, 0, 0],
							"lerp_mode": "catmullrom"
						},
						"4.7": {
							"post": [0, 0, 0],
							"lerp_mode": "catmullrom"
						},
						"4.7667": {
							"post": [2, 0, 0],
							"lerp_mode": "catmullrom"
						},
						"5.0": {
							"post": [0.5, 0, 0],
							"lerp_mode": "catmullrom"
						},
						"6.3333": {
							"post": [0.5, 0, 0],
							"lerp_mode": "catmullrom"
						},
						"6.6": {
							"post": [0, 0, 0],
							"lerp_mode": "catmullrom"
						},
						"7.0": {
							"post": [0, 0, 0],
							"lerp_mode": "catmullrom"
						},
						"7.0667": {
							"post": [1, 0, 0],
							"lerp_mode": "catmullrom"
						},
						"7.1333": {
							"post": [0, 0, 0],
							"lerp_mode": "catmullrom"
						},
						"7.7": {
							"post": [0, 0, 0],
							"lerp_mode": "catmullrom"
						},
						"7.8": {
							"post": [4, 0, 0],
							"lerp_mode": "catmullrom"
						},
						"7.9333": {
							"post": [2.5, 0, 0],
							"lerp_mode": "catmullrom"
						},
						"8.6333": {
							"post": [2.5, 0, 0],
							"lerp_mode": "catmullrom"
						},
						"8.7333": {
							"post": [-2, 0, 0],
							"lerp_mode": "catmullrom"
						},
						"8.8667": {
							"post": [0, 0, 0],
							"lerp_mode": "catmullrom"
						},
						"9.6333": {
							"post": [0, 0, 0],
							"lerp_mode": "catmullrom"
						},
						"9.7": {
							"post": [-2, 0, 0],
							"lerp_mode": "catmullrom"
						},
						"9.7667": {
							"post": [-2, 0, 0],
							"lerp_mode": "catmullrom"
						},
						"9.9": [0, 0, 0]
					}
				}
			}
		},
		"draw": {
			"animation_length": 0.9,
			"bones": {
				"righthand": {
					"rotation": [77.21765, 11.11574, -168.31736],
					"position": [-7.125, -12.4375, 5.4375]
				},
				"lefthand": {
					"rotation": {
						"0.0667": {
							"pre": [85.29936, -42.30312, -124.76841],
							"post": [85.29936, -42.30312, -124.76841],
							"lerp_mode": "catmullrom"
						},
						"0.2": {
							"post": [77.37267, -40.93831, -112.85926],
							"lerp_mode": "catmullrom"
						},
						"0.5333": [85.29936, -42.30312, -124.76841]
					},
					"position": {
						"0.0667": {
							"pre": [7.1875, -11.75, -8.875],
							"post": [7.1875, -11.75, -8.875],
							"lerp_mode": "catmullrom"
						},
						"0.2": {
							"post": [8.315, -18.1875, -6.4325],
							"lerp_mode": "catmullrom"
						},
						"0.4": {
							"post": [7.1325, -14.94, -8.87],
							"lerp_mode": "catmullrom"
						},
						"0.5333": [7.1875, -11.75, -8.875]
					}
				},
				"M1916": {
					"rotation": {
						"0.0": {
							"post": [6.69669, -37.21947, 25.976],
							"lerp_mode": "catmullrom"
						},
						"0.1333": {
							"post": [-12.70154, -26.52068, 22.95602],
							"lerp_mode": "catmullrom"
						},
						"0.2333": {
							"post": [-26.59978, -13.99924, 8.24814],
							"lerp_mode": "catmullrom"
						},
						"0.4": {
							"post": [-16.16853, -6.21703, 3.20483],
							"lerp_mode": "catmullrom"
						},
						"0.5333": {
							"post": [6, 0, 0],
							"lerp_mode": "catmullrom"
						},
						"0.8667": [0, 0, 0]
					},
					"position": {
						"0.0": {
							"post": [10.1875, -14.125, 1.75],
							"lerp_mode": "catmullrom"
						},
						"0.2333": {
							"post": [5.4725, 3.2325, 1.19],
							"lerp_mode": "catmullrom"
						},
						"0.4": {
							"post": [1.83, 2.3625, 0.42],
							"lerp_mode": "catmullrom"
						},
						"0.5333": {
							"post": [-0.125, -2.125, 0],
							"lerp_mode": "catmullrom"
						},
						"0.8667": [0, 0, 0]
					}
				}
			}
		},
		"put_away": {
			"animation_length": 0.32,
			"bones": {
				"righthand": {
					"rotation": [77.21765, 11.11574, -168.31736],
					"position": [-7.125, -12.4375, 5.4375]
				},
				"lefthand": {
					"rotation": [85.29936, -42.30312, -124.76841],
					"position": [7.1875, -11.75, -8.875]
				},
				"M1916": {
					"rotation": {
						"0.0": {
							"post": [0, 0, 0],
							"lerp_mode": "catmullrom"
						},
						"0.16": {
							"post": [17.5, 0, 0],
							"lerp_mode": "catmullrom"
						},
						"0.28": [23.66235, -15.81087, 18.25612]
					},
					"position": {
						"0.0": {
							"post": [0, 0, 0],
							"lerp_mode": "catmullrom"
						},
						"0.16": {
							"post": [0, -4, 0],
							"lerp_mode": "catmullrom"
						},
						"0.28": [3, -16, 0]
					}
				}
			}
		}
	}
}