{
	"format_version": "1.8.0",
	"animations": {
		"static_idle": {
			"loop": true,
			"bones": {
				"right_hand": {
					"rotation": [82.36366, -11.91898, -28.11722],
					"position": [4.375, -11.125, -6.125]
				},
				"left_hand": {
					"rotation": [98.8593, 36.39504, 40.35498],
					"position": [-3.8125, -9.75, -15.3125]
				}
			}
		},
		"shoot": {
			"animation_length": 0.75,
			"bones": {
				"root": {
					"rotation": {
						"0.0": [0, 0, 0],
						"0.0417": [0.33, -0.01, -0.43],
						"0.0833": [0.32, -0.02, -0.36],
						"0.1667": [-0.85076, 0, 0.19],
						"0.2083": [-1.897, 0.01, 0.53],
						"0.25": [-1.86853, 0.01, 0.51],
						"0.3333": [-1.48722, 0.02, 0.28],
						"0.375": [-0.39587, 0.02, 0.12],
						"0.4167": [0.15, 0.02, -0.04],
						"0.4583": [0.31, 0.02, -0.26],
						"0.5": [0.31, 0.01, -0.25],
						"0.5417": [0.28, 0.01, -0.22],
						"0.5833": [0.17, -0.01, -0.08],
						"0.625": [0.13, -0.02, -0.03],
						"0.6667": [0.1, -0.02, 0],
						"0.7083": [0.08, -0.02, 0.03],
						"0.75": [0.05, -0.02, 0.04]
					},
					"position": {
						"0.0": [0, 0, 0],
						"0.0417": [-0.01, -0.09, 0.1],
						"0.0833": [-0.04, -0.16, 0.21],
						"0.125": [-0.05, -0.12, 0.2],
						"0.1667": [-0.05, -0.09, 0.18],
						"0.2083": [-0.05, -0.08, 0.14],
						"0.25": [-0.04, -0.09, 0.05],
						"0.2917": [-0.03, -0.09, 0],
						"0.3333": [-0.02, -0.09, -0.02],
						"0.375": [-0.02, -0.08, -0.03],
						"0.4167": [0, -0.05, -0.03],
						"0.4583": [0.01, -0.03, -0.02],
						"0.5": [0.02, -0.02, -0.01],
						"0.5417": [0.02, -0.01, 0],
						"0.5833": [0.02, 0.01, 0],
						"0.625": [0.02, 0.01, 0],
						"0.6667": [0.02, 0.01, 0],
						"0.7083": [0.01, 0, 0],
						"0.75": [0, 0, 0]
					}
				},
				"sight": {
					"rotation": {
						"0.0": {
							"post": [0, 0, 0],
							"lerp_mode": "catmullrom"
						},
						"0.0417": {
							"post": [2.5, 0, 0],
							"lerp_mode": "catmullrom"
						},
						"0.1667": {
							"post": [-2.5, 0, 0],
							"lerp_mode": "catmullrom"
						},
						"0.2917": {
							"post": [0.99, 0, 0],
							"lerp_mode": "catmullrom"
						},
						"0.4167": {
							"post": [-1.43, 0, 0],
							"lerp_mode": "catmullrom"
						},
						"0.625": {
							"post": [0, 0, 0],
							"lerp_mode": "catmullrom"
						},
						"0.75": {
							"post": [0, 0, 0],
							"lerp_mode": "catmullrom"
						}
					}
				},
				"camera": {
					"rotation": {
						"0.0": [0, 0, 0],
						"0.0417": [0.45, 0.33, 2.5],
						"0.0833": [0.68, -0.15, -1.72],
						"0.125": [0.55, -0.22, -1.01],
						"0.1667": [0.35, -0.25, 0.52],
						"0.2083": [0.15, -0.22, 1.41],
						"0.25": [-0.11, -0.05, 0.13],
						"0.2917": [-0.21, 0.05, -0.8],
						"0.3333": [-0.28, 0.13, -1.26],
						"0.375": [-0.28, 0.15, -1.1],
						"0.4167": [-0.19, 0.13, -0.03],
						"0.4583": [-0.14, 0.12, 0.52],
						"0.5": [-0.1, 0.1, 0.83],
						"0.5417": [-0.08, 0.09, 0.86],
						"0.5833": [-0.05, 0.06, 0.69],
						"0.625": [-0.04, 0.05, 0.54],
						"0.6667": [-0.03, 0.03, 0.38],
						"0.7083": [-0.02, 0.02, 0.22],
						"0.75": [0, 0, 0]
					}
				}
			}
		},
		"draw": {
			"loop": "hold_on_last_frame",
			"animation_length": 1.25,
			"bones": {
				"root": {
					"rotation": {
						"0.0": {
							"post": [0, -35, 57.5],
							"lerp_mode": "catmullrom"
						},
						"0.1667": {
							"post": [2.7348, -8.92512, 37.89727],
							"lerp_mode": "catmullrom"
						},
						"0.3333": {
							"post": [0.64547, -1.47247, 6.10117],
							"lerp_mode": "catmullrom"
						},
						"0.4167": {
							"post": [1.37749, -0.08367, -1.55166],
							"lerp_mode": "catmullrom"
						},
						"0.5": {
							"post": [-0.45456, -0.10457, 0.82333],
							"lerp_mode": "catmullrom"
						},
						"0.5833": {
							"post": [-0.065, -0.44, -0.27],
							"lerp_mode": "catmullrom"
						},
						"0.6667": {
							"post": [0, 0, 0],
							"lerp_mode": "catmullrom"
						},
						"0.8333": {
							"post": [-0.50008, -0.2, 0.00873],
							"lerp_mode": "catmullrom"
						},
						"1.0": {
							"post": [-0.5, -0.2, 0],
							"lerp_mode": "catmullrom"
						},
						"1.25": [0, 0, 0]
					},
					"position": {
						"0.0": {
							"post": [0, -8, 2],
							"lerp_mode": "catmullrom"
						},
						"0.1667": {
							"post": [-0.14, -2.41, -0.195],
							"lerp_mode": "catmullrom"
						},
						"0.25": {
							"post": [-0.22, -0.29, -1.425],
							"lerp_mode": "catmullrom"
						},
						"0.3333": {
							"post": [-0.125, -0.385, -1.975],
							"lerp_mode": "catmullrom"
						},
						"0.4167": {
							"post": [0, -0.305, 0.05],
							"lerp_mode": "catmullrom"
						},
						"0.5417": {
							"post": [0.05, 0, -0.15],
							"lerp_mode": "catmullrom"
						},
						"0.625": {
							"post": [-0.025, 0, 0.05],
							"lerp_mode": "catmullrom"
						},
						"0.7083": {
							"post": [0, 0, 0],
							"lerp_mode": "catmullrom"
						},
						"0.7917": {
							"post": [0, -0.0625, 0],
							"lerp_mode": "catmullrom"
						},
						"1.0417": {
							"post": [0, -0.0625, 0],
							"lerp_mode": "catmullrom"
						},
						"1.25": {
							"post": [0, 0, 0],
							"lerp_mode": "catmullrom"
						}
					}
				},
				"sight": {
					"rotation": {
						"0.0": [90, 0, 0],
						"0.9167": [90, 0, 0],
						"1.0": [0, 0, 0]
					}
				},
				"right_hand": {
					"rotation": {
						"0.0": [82.36366, -11.91898, -28.11722],
						"0.5417": {
							"pre": [82.36366, -11.91898, -28.11722],
							"post": [82.36366, -11.91898, -28.11722],
							"lerp_mode": "catmullrom"
						},
						"0.625": {
							"post": [75.43614, -14.52939, 11.57901],
							"lerp_mode": "catmullrom"
						},
						"0.8333": {
							"post": [75.43614, -14.52939, 11.57901],
							"lerp_mode": "catmullrom"
						},
						"0.9167": {
							"post": [54.09141, -10.19785, 17.84896],
							"lerp_mode": "catmullrom"
						},
						"1.125": {
							"post": [54.09141, -10.19785, 17.84896],
							"lerp_mode": "catmullrom"
						},
						"1.25": [82.36366, -11.91898, -28.11722]
					},
					"position": {
						"0.0": [4.375, -11.125, -6.125],
						"0.5417": {
							"pre": [4.375, -11.125, -6.125],
							"post": [4.375, -11.125, -6.125],
							"lerp_mode": "catmullrom"
						},
						"0.5833": {
							"post": [3.13, -6.87, -10.12],
							"lerp_mode": "catmullrom"
						},
						"0.7083": {
							"post": [4.13, -6.6825, -10.3075],
							"lerp_mode": "catmullrom"
						},
						"0.8333": {
							"post": [4.13, -6.87, -10.12],
							"lerp_mode": "catmullrom"
						},
						"0.9167": {
							"post": [3.88, -6.62, -10.12],
							"lerp_mode": "catmullrom"
						},
						"1.0417": {
							"post": [3.83, -6.3, -10.265],
							"lerp_mode": "catmullrom"
						},
						"1.125": {
							"post": [2.88, -6.62, -10.12],
							"lerp_mode": "catmullrom"
						},
						"1.25": [4.375, -11.125, -6.125]
					}
				},
				"camera": {
					"rotation": {
						"0.0": {
							"post": [0, 0, 0],
							"lerp_mode": "catmullrom"
						},
						"0.2083": {
							"post": [1.00016, 0.00436, 0.75027],
							"lerp_mode": "catmullrom"
						},
						"0.4167": {
							"post": [0, 0, -0.75],
							"lerp_mode": "catmullrom"
						},
						"0.5417": {
							"post": [0, 0, 0],
							"lerp_mode": "catmullrom"
						},
						"0.625": {
							"post": [0, 0, -0.3],
							"lerp_mode": "catmullrom"
						},
						"0.75": {
							"post": [0, 0.3125, 0],
							"lerp_mode": "catmullrom"
						},
						"0.875": {
							"post": [0, 0.625, 0],
							"lerp_mode": "catmullrom"
						},
						"1.0": {
							"post": [0, 0.625, 0],
							"lerp_mode": "catmullrom"
						},
						"1.25": {
							"post": [0, 0, 0],
							"lerp_mode": "catmullrom"
						}
					}
				}
			},
			"sound_effects": {
				"0.7917": {
					"effect": "bf1:martini/sight"
				}
			}
		},
		"reload_empty": {
			"loop": "hold_on_last_frame",
			"animation_length": 3.25,
			"bones": {
				"root": {
					"rotation": {
						"0.0": {
							"post": [0, 0, 0],
							"lerp_mode": "catmullrom"
						},
						"0.0833": {
							"post": [-5.13, 0.39, 4.59],
							"lerp_mode": "catmullrom"
						},
						"0.1667": {
							"post": [-44.95281, 1.91887, 52.14532],
							"lerp_mode": "catmullrom"
						},
						"0.4583": {
							"post": [-44.95281, 1.91887, 52.14532],
							"lerp_mode": "catmullrom"
						},
						"0.7083": {
							"post": [-78.03301, 9.49349, -12.10284],
							"lerp_mode": "catmullrom"
						},
						"1.1667": {
							"post": [-82.03301, 9.49349, -16.10284],
							"lerp_mode": "catmullrom"
						},
						"1.4167": {
							"post": [-76.03301, 6.55599, -10.35284],
							"lerp_mode": "catmullrom"
						},
						"1.7083": {
							"post": [-36.83171, -4.48386, 31.80158],
							"lerp_mode": "catmullrom"
						},
						"2.0417": {
							"post": [-29.83171, -4.48386, 31.80158],
							"lerp_mode": "catmullrom"
						},
						"2.375": {
							"post": [-33.78628, -2.46773, 26.50079],
							"lerp_mode": "catmullrom"
						},
						"2.4583": {
							"post": [-54.06, -2.4, 24.46],
							"lerp_mode": "catmullrom"
						},
						"2.5833": {
							"post": [-53.5572, -2.32021, 22.1129],
							"lerp_mode": "catmullrom"
						},
						"2.6667": {
							"post": [4.13158, -0.9294, 2.44866],
							"lerp_mode": "catmullrom"
						},
						"2.9583": {
							"post": [-0.9375, 0, -2],
							"lerp_mode": "catmullrom"
						},
						"3.25": {
							"post": [0, 0, 0],
							"lerp_mode": "catmullrom"
						}
					},
					"position": {
						"0.0": {
							"post": [0, 0, 0],
							"lerp_mode": "catmullrom"
						},
						"0.0833": {
							"post": [-0.29, -0.28, -0.73],
							"lerp_mode": "catmullrom"
						},
						"0.125": {
							"post": [-1, -1, -2.5],
							"lerp_mode": "catmullrom"
						},
						"0.1667": {
							"post": [-1.1, -1.46, -2.66],
							"lerp_mode": "catmullrom"
						},
						"0.375": {
							"post": [-1, -1, -3.5],
							"lerp_mode": "catmullrom"
						},
						"0.625": {
							"post": [10, -16, -5.5],
							"lerp_mode": "catmullrom"
						},
						"1.125": {
							"post": [11, -18, -5.5],
							"lerp_mode": "catmullrom"
						},
						"1.4583": {
							"post": [9.375, -15, -5.5],
							"lerp_mode": "catmullrom"
						},
						"1.6667": {
							"post": [-0.5, -1, -2.5],
							"lerp_mode": "catmullrom"
						},
						"2.125": {
							"post": [-0.5, -1, -2.5],
							"lerp_mode": "catmullrom"
						},
						"2.2083": {
							"post": [-0.51, -0.01, -3.52],
							"lerp_mode": "catmullrom"
						},
						"2.3333": {
							"post": [-0.54, -0.63, -2.42],
							"lerp_mode": "catmullrom"
						},
						"2.5417": {
							"post": [-0.45, -0.56, -2.94],
							"lerp_mode": "catmullrom"
						},
						"2.75": {
							"post": [-0.31, -0.39, -0.11],
							"lerp_mode": "catmullrom"
						},
						"3.25": {
							"post": [0, 0, 0],
							"lerp_mode": "catmullrom"
						}
					}
				},
				"rotate2": {
					"rotation": {
						"0.0833": [0, 0, 0],
						"0.125": [-45, 0, 0],
						"2.5833": [-45, 0, 0],
						"2.625": [0, 0, 0]
					}
				},
				"rotate1": {
					"rotation": {
						"0.0833": [0, 0, 0],
						"0.125": [15, 0, 0],
						"2.5833": [15, 0, 0],
						"2.625": [0, 0, 0]
					}
				},
				"right_mag": {
					"rotation": {
						"0.5417": {
							"pre": [0, 0, 0],
							"post": [0, 0, 0],
							"lerp_mode": "catmullrom"
						},
						"0.7917": {
							"post": [0, -55, 0],
							"lerp_mode": "catmullrom"
						},
						"0.9583": {
							"post": [-15.30113, -79.74111, 14.55074],
							"lerp_mode": "catmullrom"
						},
						"1.0417": {
							"post": [-15.30113, -79.74111, 14.55074],
							"lerp_mode": "catmullrom"
						},
						"1.2917": {
							"post": [-15.30113, -79.74111, 14.55074],
							"lerp_mode": "catmullrom"
						},
						"1.6667": {
							"post": [-26.19432, 2.83722, 46.36637],
							"lerp_mode": "catmullrom"
						},
						"1.9167": {
							"post": [-24.01606, 10.3632, 40.39278],
							"lerp_mode": "catmullrom"
						},
						"2.0417": [-24.01606, 10.3632, 40.39278],
						"2.125": [-24.01606, 10.3632, 40.39278],
						"2.25": [-19.01606, 10.3632, 40.39278],
						"2.375": [-24.01606, 10.3632, 40.39278],
						"2.4167": [0, 0, 0]
					},
					"position": {
						"0.5417": {
							"pre": [0, 0, 0],
							"post": [0, 0, 0],
							"lerp_mode": "catmullrom"
						},
						"0.7917": {
							"post": [0, 5, -22],
							"lerp_mode": "catmullrom"
						},
						"0.9583": {
							"post": [2.4375, 5, -21],
							"lerp_mode": "catmullrom"
						},
						"1.0417": {
							"post": [2.4375, 5, -21],
							"lerp_mode": "catmullrom"
						},
						"1.2917": {
							"post": [2.4375, 5, -22],
							"lerp_mode": "catmullrom"
						},
						"1.6667": {
							"post": [-4.56, 5, 3],
							"lerp_mode": "catmullrom"
						},
						"1.8333": {
							"post": [-3.56, 10, -2],
							"lerp_mode": "catmullrom"
						},
						"1.9167": {
							"post": [-2.81, 9, -2],
							"lerp_mode": "catmullrom"
						},
						"2.0417": {
							"post": [-2.81, 9, -2],
							"lerp_mode": "catmullrom"
						},
						"2.125": [-2.81, 9, -3.75],
						"2.3333": [-2.81, 9, -3.75],
						"2.4167": [-1.56, 4, -2.08],
						"2.4583": [0, 0, 0]
					}
				},
				"bullet": {
					"rotation": {
						"0.1667": [180, 180, 180],
						"0.2083": [180, 180, 180],
						"1.4167": [26.67922, 6.08099, -36.22043]
					},
					"position": {
						"0.125": [0, 0, 0],
						"0.1667": [0, 0, 1],
						"0.2083": [8, 13, 10],
						"1.4167": [1, -6.38, 2.75],
						"1.9583": [1, -6.38, 2.75],
						"2.0417": [1, -6.38, 2.75]
					},
					"scale": {
						"0.2083": [1, 1, 1],
						"0.25": {
							"pre": [1, 1, 1],
							"post": [0, 0, 0]
						},
						"1.3333": {
							"pre": [0, 0, 0],
							"post": [0, 0, 0]
						},
						"1.375": {
							"pre": [0, 0, 0],
							"post": [1, 1, 1]
						},
						"2.0833": {
							"pre": [1, 1, 1],
							"post": [1, 1, 1]
						},
						"2.125": {
							"pre": [1, 1, 1],
							"post": [0, 0, 0]
						}
					}
				},
				"grenade": {
					"rotation": {
						"0.5417": [0, 0, 0],
						"0.6667": [0, 75, 0],
						"1.0": [0, 75, 0],
						"1.125": [0, 80, 0]
					},
					"position": {
						"0.5417": [0, 0, 12],
						"0.6667": [-1, -5, 18],
						"1.0": [-1, -5, 18],
						"1.125": [5.5, -4.75, 19.25]
					},
					"scale": {
						"1.125": [1, 1, 1],
						"1.1667": {
							"pre": [1, 1, 1],
							"post": [0, 0, 0]
						}
					}
				},
				"right_hand": {
					"rotation": {
						"0.0": [82.36366, -11.91898, -28.11722],
						"0.0417": [82.36366, -11.91898, -28.11722],
						"0.25": [121.59311, 5.02495, -56.00561],
						"2.4583": [121.59311, 5.02495, -56.00561],
						"2.5833": [121.62796, -5.63203, -62.54806],
						"2.625": [82.36366, -11.91898, -28.11722],
						"2.875": [82.36366, -11.91898, -28.11722],
						"3.125": [82.36366, -11.91898, -28.11722]
					},
					"position": {
						"0.0": [4.375, -11.125, -6.125],
						"0.0417": [4.375, -11.125, -3.125],
						"0.25": [5.38, -15.12, -4.12],
						"2.4583": [5.38, -15.12, -4.12],
						"2.5833": [5.38, -15.12, -4.12],
						"2.625": [4.375, -11.125, -3.125],
						"2.875": [4.375, -11.125, -3.125],
						"3.125": [4.375, -11.125, -6.125]
					}
				},
				"camera": {
					"rotation": {
						"0.0": {
							"post": [0, 0, 0],
							"lerp_mode": "catmullrom"
						},
						"0.125": {
							"post": [0.355, 0.25, -2.34949],
							"lerp_mode": "catmullrom"
						},
						"0.2083": {
							"post": [2.91019, 0.2, -0.53],
							"lerp_mode": "catmullrom"
						},
						"0.2917": {
							"post": [1.24501, 0.1, -3.47622],
							"lerp_mode": "catmullrom"
						},
						"0.4167": {
							"post": [1.99147, 0.525, -1.77899],
							"lerp_mode": "catmullrom"
						},
						"0.5417": {
							"post": [1.24501, 1.025, -2.74884],
							"lerp_mode": "catmullrom"
						},
						"1.0833": {
							"post": [0.825, 2.575, -1.5],
							"lerp_mode": "catmullrom"
						},
						"1.125": {
							"post": [1.365, 2.6875, -0.635],
							"lerp_mode": "catmullrom"
						},
						"1.2083": {
							"post": [0.335, 2.5625, -1.65],
							"lerp_mode": "catmullrom"
						},
						"1.2917": {
							"post": [0.78, 2.375, -1.04],
							"lerp_mode": "catmullrom"
						},
						"1.375": {
							"post": [0.42, 1.55, -1.335],
							"lerp_mode": "catmullrom"
						},
						"1.75": {
							"post": [0.22, 0.225, -1.625],
							"lerp_mode": "catmullrom"
						},
						"2.1667": {
							"post": [0.41, 0.35, -1.655],
							"lerp_mode": "catmullrom"
						},
						"2.2083": {
							"post": [1.37, 0.35, -1.005],
							"lerp_mode": "catmullrom"
						},
						"2.2917": {
							"post": [0.235, 0.35, -1.94],
							"lerp_mode": "catmullrom"
						},
						"2.375": {
							"post": [0.175, 0.075, -0.8275],
							"lerp_mode": "catmullrom"
						},
						"2.4583": {
							"post": [0.0125, 0, 0],
							"lerp_mode": "catmullrom"
						},
						"2.6667": {
							"post": [-0.1125, 0, -0.15],
							"lerp_mode": "catmullrom"
						},
						"2.7083": {
							"post": [0.26812, 0.00616, -2.12209],
							"lerp_mode": "catmullrom"
						},
						"2.75": {
							"post": [0.81268, 0.06777, 0.83523],
							"lerp_mode": "catmullrom"
						},
						"2.8333": {
							"post": [0.35064, 0.1105, -0.55446],
							"lerp_mode": "catmullrom"
						},
						"2.9167": {
							"post": [0.54018, 0.025, 0.27843],
							"lerp_mode": "catmullrom"
						},
						"3.0417": {
							"post": [0.2275, -0.0375, -0.0426],
							"lerp_mode": "catmullrom"
						},
						"3.25": {
							"post": [0, 0, 0],
							"lerp_mode": "catmullrom"
						}
					}
				}
			},
			"sound_effects": {
				"0.125": {
					"effect": "bf1:martini/shell"
				},
				"0.25": {
					"effect": "bf1:shell_rifle"
				},
				"0.75": {
					"effect": "bf1:martini/grenadein"
				},
				"1.625": {
					"effect": "bf1:martini/grab"
				},
				"1.9583": {
					"effect": "bf1:martini/bulletin"
				},
				"2.3333": {
					"effect": "bf1:martini/boltclose"
				}
			}
		},
		"put_away": {
			"animation_length": 0.4333,
			"bones": {
				"root": {
					"rotation": {
						"0.0": {
							"post": [0, 0, 0],
							"lerp_mode": "catmullrom"
						},
						"0.0667": {
							"post": [-0.51171, -3.6801, -4.19401],
							"lerp_mode": "catmullrom"
						},
						"0.1667": {
							"post": [4.36882, -11.73179, -10.29382],
							"lerp_mode": "catmullrom"
						},
						"0.2667": {
							"post": [16.99835, -17.70783, -19.61271],
							"lerp_mode": "catmullrom"
						},
						"0.3333": {
							"post": [22.5, -27.4, -9.02],
							"lerp_mode": "catmullrom"
						},
						"0.4333": {
							"post": [38.74, -37.82, -13.36],
							"lerp_mode": "catmullrom"
						}
					},
					"position": {
						"0.0": {
							"post": [0, 0, 0],
							"lerp_mode": "catmullrom"
						},
						"0.0667": {
							"post": [-0.45, -0.49, 0.28],
							"lerp_mode": "catmullrom"
						},
						"0.1667": {
							"post": [-0.67, -1.47, 0.34],
							"lerp_mode": "catmullrom"
						},
						"0.2667": {
							"post": [-0.435, -3.245, 0.06],
							"lerp_mode": "catmullrom"
						},
						"0.3333": {
							"post": [0.22, -5.38, -0.15],
							"lerp_mode": "catmullrom"
						},
						"0.4333": {
							"post": [1.49, -9.585, -0.36],
							"lerp_mode": "catmullrom"
						}
					}
				},
				"sight": {
					"rotation": {
						"0.1": [0, 0, 0],
						"0.2": [90, 0, 0]
					}
				},
				"right_hand": {
					"rotation": {
						"0.0": [82.36366, -11.91898, -28.11722],
						"0.1": [54.09141, -10.19785, 17.84896],
						"0.2333": [75.43614, -14.52939, 11.57901]
					},
					"position": {
						"0.0": [4.375, -11.125, -6.125],
						"0.0667": [3.05, -8.12, -8.79],
						"0.1": [3.88, -6.62, -10.12],
						"0.2333": [4.13, -6.87, -10.12]
					}
				},
				"camera": {
					"rotation": {
						"0.0": {
							"post": [0, 0, 0],
							"lerp_mode": "catmullrom"
						},
						"0.1": {
							"post": [0.2375, 0, -0.125],
							"lerp_mode": "catmullrom"
						},
						"0.2667": {
							"post": [0.64, 0, 0.3],
							"lerp_mode": "catmullrom"
						},
						"0.3333": {
							"post": [0.4375, 0, 0.15],
							"lerp_mode": "catmullrom"
						},
						"0.4333": {
							"post": [0, 0, 0],
							"lerp_mode": "catmullrom"
						}
					}
				}
			}
		},
		"inspect": {
			"animation_length": 1.5,
			"bones": {
				"root": {
					"rotation": {
						"0.0": {
							"post": [0, 0, 0],
							"lerp_mode": "catmullrom"
						},
						"0.2083": {
							"post": [4.98107, -0.43523, 4.98107],
							"lerp_mode": "catmullrom"
						},
						"0.375": {
							"post": [5.58219, -0.72554, 7.40174],
							"lerp_mode": "catmullrom"
						},
						"0.625": {
							"post": [4.98107, -0.43523, 4.98107],
							"lerp_mode": "catmullrom"
						},
						"1.0833": {
							"post": [4.98107, -0.43523, 4.98107],
							"lerp_mode": "catmullrom"
						},
						"1.2917": {
							"post": [0, 0, 0],
							"lerp_mode": "catmullrom"
						},
						"1.5": {
							"post": [0, 0, 0],
							"lerp_mode": "catmullrom"
						}
					},
					"position": {
						"0.0": {
							"post": [0, 0, 0],
							"lerp_mode": "catmullrom"
						},
						"0.1667": {
							"post": [0, 0, 0],
							"lerp_mode": "catmullrom"
						},
						"0.9583": {
							"post": [0, 0, 0],
							"lerp_mode": "catmullrom"
						},
						"1.25": {
							"post": [0, 0, 0],
							"lerp_mode": "catmullrom"
						},
						"1.5": {
							"post": [0, 0, 0],
							"lerp_mode": "catmullrom"
						}
					}
				},
				"left_hand": {
					"rotation": {
						"0.0": [98.8593, 36.39504, 40.35498],
						"0.0833": {
							"pre": [57.04263, -3.63227, -9.96822],
							"post": [57.04263, -3.63227, -9.96822],
							"lerp_mode": "catmullrom"
						},
						"0.2083": {
							"post": [84.54263, -3.63227, -9.96822],
							"lerp_mode": "catmullrom"
						},
						"1.0": {
							"post": [84.54263, -3.63227, -9.96822],
							"lerp_mode": "catmullrom"
						},
						"1.25": [98.8593, 36.39504, 40.35498]
					},
					"position": {
						"0.0": [-3.8125, -9.75, -15.3125],
						"0.0833": {
							"pre": [0.75, -7.5, -9],
							"post": [0.75, -7.5, -9],
							"lerp_mode": "catmullrom"
						},
						"0.2083": {
							"post": [0.75, -6.5, -12],
							"lerp_mode": "catmullrom"
						},
						"1.0": {
							"post": [0.75, -6.75, -12.25],
							"lerp_mode": "catmullrom"
						},
						"1.125": {
							"post": [-1.33, -10.75, -14.22],
							"lerp_mode": "catmullrom"
						},
						"1.25": [-3.8125, -9.75, -15.3125]
					}
				}
			}
		},
		"run_start": {
			"animation_length": 1,
			"bones": {
				"root": {
					"rotation": {
						"0.0": {
							"post": [0, 0, 0],
							"lerp_mode": "catmullrom"
						},
						"0.3333": {
							"post": [9.41518, -0.88119, 7.54624],
							"lerp_mode": "catmullrom"
						},
						"0.6667": {
							"post": [17.16518, -8.88119, 10.54624],
							"lerp_mode": "catmullrom"
						},
						"1.0": {
							"post": [16, -34.5, 6],
							"lerp_mode": "catmullrom"
						}
					},
					"position": {
						"0.0": {
							"post": [0, 0, 0],
							"lerp_mode": "catmullrom"
						},
						"0.1667": {
							"post": [-1, -2, 1],
							"lerp_mode": "catmullrom"
						},
						"0.3333": {
							"post": [-2.28, -1.75, 2],
							"lerp_mode": "catmullrom"
						},
						"0.5": {
							"post": [-2.31, -3.25, 2],
							"lerp_mode": "catmullrom"
						},
						"0.6667": {
							"post": [-1.76, -2.5, 2],
							"lerp_mode": "catmullrom"
						},
						"1.0": {
							"post": [1.4075, -1, 0],
							"lerp_mode": "catmullrom"
						}
					}
				}
			}
		},
		"run": {
			"loop": true,
			"animation_length": 0.6667,
			"bones": {
				"root": {
					"rotation": {
						"0.0": {
							"post": [16, -34.5, 6],
							"lerp_mode": "catmullrom"
						},
						"0.25": {
							"post": [16, -40, 6],
							"lerp_mode": "catmullrom"
						},
						"0.375": {
							"post": [16, -40, 6],
							"lerp_mode": "catmullrom"
						},
						"0.5417": {
							"post": [16, -36, 6],
							"lerp_mode": "catmullrom"
						},
						"0.6667": {
							"post": [16, -34.5, 6],
							"lerp_mode": "catmullrom"
						}
					},
					"position": {
						"0.0": {
							"post": [1.4075, -1, 0],
							"lerp_mode": "catmullrom"
						},
						"0.125": {
							"post": [2.21576, 0.25, 0],
							"lerp_mode": "catmullrom"
						},
						"0.2083": {
							"post": [2.21576, 0.25, 0],
							"lerp_mode": "catmullrom"
						},
						"0.3333": {
							"post": [1.39531, -1, 0],
							"lerp_mode": "catmullrom"
						},
						"0.4583": {
							"post": [0.53674, 0.25, 0],
							"lerp_mode": "catmullrom"
						},
						"0.5417": {
							"post": [0.53674, 0.25, 0],
							"lerp_mode": "catmullrom"
						},
						"0.6667": {
							"post": [1.4075, -1, 0],
							"lerp_mode": "catmullrom"
						}
					}
				}
			}
		},
		"run_hold": {
			"loop": true,
			"bones": {
				"root": {
					"rotation": [16, -34.5, 6],
					"position": [1.4075, -1, 0]
				}
			}
		}
	}
}