{
	"format_version": "1.8.0",
	"animations": {
		"static_idle": {
			"loop": true,
			"bones": {
				"right_hand": {
					"rotation": [90.48184, -2.06394, -0.08371],
					"position": [5.5, -8.5, -1.5],
					"scale": [1, 1.1, 1]
				},
				"left_hand": {
					"position": [8, 0, 16],
					"scale": [1, 1.1, 1]
				},
				"constraint": {
					"rotation": [0.25, 0.25, 0.25],
					"position": [0.25, 0.25, 0.25]
				}
			}
		},
		"shoot": {
			"loop": "hold_on_last_frame",
			"animation_length": 1,
			"bones": {
				"root": {
					"rotation": {
						"0.0": {
							"post": [0, 0, 0],
							"lerp_mode": "catmullrom"
						},
						"0.0333": {
							"post": [5.94, -0.27, -11.04],
							"lerp_mode": "catmullrom"
						},
						"0.0667": {
							"post": [-53.08, 15.98, -3.12],
							"lerp_mode": "catmullrom"
						},
						"0.1": {
							"post": [-49, 18.78, -2.35],
							"lerp_mode": "catmullrom"
						},
						"0.2": {
							"post": [-55.38, 17.48, -2.65],
							"lerp_mode": "catmullrom"
						},
						"0.3": {
							"post": [-51.83, 17.98, -3.12],
							"lerp_mode": "catmullrom"
						},
						"0.4": {
							"post": [-50.73, 18.12, -3.97],
							"lerp_mode": "catmullrom"
						},
						"0.4667": {
							"post": [-48.1, 7, -2.0125],
							"lerp_mode": "catmullrom"
						},
						"0.5": {
							"post": [-33.22, 7.07, -0.0925],
							"lerp_mode": "catmullrom"
						},
						"0.5667": {
							"post": [5.0625, 0.75, 0],
							"lerp_mode": "catmullrom"
						},
						"0.7333": {
							"post": [0, -0.2, -0.1],
							"lerp_mode": "catmullrom"
						},
						"1.0": {
							"post": [0, 0, 0],
							"lerp_mode": "catmullrom"
						}
					},
					"position": {
						"0.0": {
							"post": [0, 0, 0],
							"lerp_mode": "catmullrom"
						},
						"0.0333": {
							"post": [0, -0.72, 2.8575],
							"lerp_mode": "catmullrom"
						},
						"0.0667": {
							"post": [-0.42, -3.84, 1.3175],
							"lerp_mode": "catmullrom"
						},
						"0.1333": {
							"post": [-0.44, -3.65, 1.8425],
							"lerp_mode": "catmullrom"
						},
						"0.2333": {
							"post": [-0.42, -2.59, 1.63],
							"lerp_mode": "catmullrom"
						},
						"0.4333": {
							"post": [-0.28, -3.87, -1.6725],
							"lerp_mode": "catmullrom"
						},
						"0.5667": {
							"post": [0, -3.075, -0.67],
							"lerp_mode": "catmullrom"
						},
						"0.7": {
							"post": [0, -2.2175, 0.08],
							"lerp_mode": "catmullrom"
						},
						"0.8667": {
							"post": [0, 0.01, -0.03],
							"lerp_mode": "catmullrom"
						},
						"1.0": {
							"post": [0, 0, 0],
							"lerp_mode": "catmullrom"
						}
					}
				},
				"gun": {
					"rotation": {
						"0.0": [0, 0, 0],
						"0.0333": {
							"pre": [-33, 0, 0],
							"post": [-33, 0, 0],
							"lerp_mode": "catmullrom"
						},
						"0.1333": {
							"post": [-19.75, 0, 0],
							"lerp_mode": "catmullrom"
						},
						"0.2333": {
							"post": [-24, 0, 0],
							"lerp_mode": "catmullrom"
						},
						"0.5333": {
							"post": [-23, 0, 0],
							"lerp_mode": "catmullrom"
						},
						"0.6667": {
							"post": [-2.3125, 0, 0],
							"lerp_mode": "catmullrom"
						},
						"0.8": [0, 0, 0]
					}
				},
				"constraint": {
					"rotation": {
						"0.8": [0.7, 0.3, 0.6],
						"1.0": [0.25, 0.25, 0.25]
					},
					"position": {
						"0.8": [0.5, 0.7, 0.7],
						"1.0": [0.25, 0.25, 0.25]
					}
				},
				"camera": {
					"rotation": {
						"0.0": {
							"post": [5, -15, -30],
							"lerp_mode": "catmullrom"
						},
						"0.0333": {
							"post": [0, 3, 12.5],
							"lerp_mode": "catmullrom"
						},
						"0.0667": {
							"post": [0, 0, -9],
							"lerp_mode": "catmullrom"
						},
						"0.1": {
							"post": [0, 0, 4],
							"lerp_mode": "catmullrom"
						},
						"0.1333": {
							"post": [0, 0, -2.5],
							"lerp_mode": "catmullrom"
						},
						"0.2": {
							"post": [0, 0, 1],
							"lerp_mode": "catmullrom"
						},
						"0.2667": {
							"post": [0, 0, -0.81555],
							"lerp_mode": "catmullrom"
						},
						"0.3667": {
							"post": [0, 0, 0.5],
							"lerp_mode": "catmullrom"
						},
						"0.4667": {
							"post": [0, 0, 0],
							"lerp_mode": "catmullrom"
						}
					}
				}
			}
		},
		"bolt": {
			"animation_length": 1.0333,
			"bones": {
				"right_gun": {
					"rotation": {
						"0.0": [0, 0, 0],
						"0.2": {
							"pre": [-54.5, 0, 4],
							"post": [-54.5, 0, 4],
							"lerp_mode": "catmullrom"
						},
						"0.3": {
							"post": [-56.67, 17, 16.255],
							"lerp_mode": "catmullrom"
						},
						"0.4": {
							"post": [-73.11, 14.02, 16.795],
							"lerp_mode": "catmullrom"
						},
						"0.5": {
							"post": [-73.86, 19.57, 16.845],
							"lerp_mode": "catmullrom"
						},
						"0.6333": {
							"post": [-72.75, 8, 15.75],
							"lerp_mode": "catmullrom"
						},
						"0.7667": {
							"post": [-61.75, 14.3125, 12.875],
							"lerp_mode": "catmullrom"
						},
						"0.8667": {
							"post": [-5, -0.75, 0],
							"lerp_mode": "catmullrom"
						},
						"1.0333": [0, 0, 0]
					},
					"position": {
						"0.0": [0, 0, 0],
						"0.1333": {
							"pre": [-0.125, 0.3125, -0.75],
							"post": [-0.125, 0.3125, -0.75],
							"lerp_mode": "catmullrom"
						},
						"0.3": {
							"post": [1, -0.3125, -0.75],
							"lerp_mode": "catmullrom"
						},
						"0.3333": {
							"post": [1.375, -3.5, 0.25],
							"lerp_mode": "catmullrom"
						},
						"0.5333": {
							"post": [1.375, -4.875, 0.75],
							"lerp_mode": "catmullrom"
						},
						"0.6": {
							"post": [1.25, 0.125, 0.75],
							"lerp_mode": "catmullrom"
						},
						"0.6667": {
							"post": [1.25, 0.8125, 0.75],
							"lerp_mode": "catmullrom"
						},
						"0.7667": {
							"post": [1, -2.625, -0.8125],
							"lerp_mode": "catmullrom"
						},
						"0.8667": {
							"post": [0, -0.375, 0],
							"lerp_mode": "catmullrom"
						},
						"1.0": [0, 0, 0]
					}
				},
				"bolt": {
					"position": {
						"0.3": [0, 0, 0],
						"0.3333": [0, 0, 6],
						"0.5333": [0, 0, 6],
						"0.5667": [0, 0, 0]
					}
				},
				"octagon5": {
					"rotation": {
						"0.1667": [0, 0, 0],
						"0.2667": [0, 0, 90],
						"0.6": [0, 0, 90],
						"0.6667": [0, 0, 0]
					}
				},
				"left_hand": {
					"rotation": {
						"0.0": [0, 0, 7],
						"0.1667": {
							"pre": [81.69836, -32.68768, -116.68932],
							"post": [81.69836, -32.68768, -116.68932],
							"lerp_mode": "catmullrom"
						},
						"0.3": {
							"post": [-73.86525, -57.32801, 10.12487],
							"lerp_mode": "catmullrom"
						},
						"0.6": {
							"post": [-69.86525, -57.32801, 11.12487],
							"lerp_mode": "catmullrom"
						},
						"0.7": {
							"post": [53.20227, -72.55958, -115.26408],
							"lerp_mode": "catmullrom"
						},
						"0.8333": {
							"post": [-69.86525, -57.32801, 11.12487],
							"lerp_mode": "catmullrom"
						},
						"0.9": [0, 0, 7]
					},
					"position": {
						"0.0": [8, -12, 12],
						"0.1": {
							"pre": [-8, -1.75, -1],
							"post": [-8, -1.75, -1],
							"lerp_mode": "catmullrom"
						},
						"0.3": {
							"post": [-1.75, -0.75, 4],
							"lerp_mode": "catmullrom"
						},
						"0.3333": {
							"post": [-1.75, -9, 7.25],
							"lerp_mode": "catmullrom"
						},
						"0.5333": {
							"post": [-1.75, -10.5, 7.25],
							"lerp_mode": "catmullrom"
						},
						"0.5667": {
							"post": [-1.75, -0.75, 6],
							"lerp_mode": "catmullrom"
						},
						"0.7333": {
							"post": [-8.5, -0.75, 1],
							"lerp_mode": "catmullrom"
						},
						"0.8": {
							"post": [-2.24, -1.98, 3.74],
							"lerp_mode": "catmullrom"
						},
						"0.9": [8, -12, 12]
					}
				},
				"camera": {
					"rotation": {
						"0.0": {
							"post": [0, 0, 0.05],
							"lerp_mode": "catmullrom"
						},
						"0.2": {
							"post": [-1.75, 1.75, -0.08],
							"lerp_mode": "catmullrom"
						},
						"0.2667": {
							"post": [-1.75, 1.75, -0.96756],
							"lerp_mode": "catmullrom"
						},
						"0.3": {
							"post": [0, 2.5, 5.07513],
							"lerp_mode": "catmullrom"
						},
						"0.3333": {
							"post": [2.5, -0.75, -3.95768],
							"lerp_mode": "catmullrom"
						},
						"0.3667": {
							"post": [1.5, 0.5, 1.03832],
							"lerp_mode": "catmullrom"
						},
						"0.4333": {
							"post": [2.5, -0.5, -1.29628],
							"lerp_mode": "catmullrom"
						},
						"0.4667": {
							"post": [2, -1, 0.06632],
							"lerp_mode": "catmullrom"
						},
						"0.5333": {
							"post": [2.5, -0.25, -1.05591],
							"lerp_mode": "catmullrom"
						},
						"0.5667": {
							"post": [2.7, -0.6, -2.78097],
							"lerp_mode": "catmullrom"
						},
						"0.6": {
							"post": [-0.23, 1.11, 2.58656],
							"lerp_mode": "catmullrom"
						},
						"0.6333": {
							"post": [-2.25, 1.5, -1.67801],
							"lerp_mode": "catmullrom"
						},
						"0.7": {
							"post": [1.02, -0.01, 0.78603],
							"lerp_mode": "catmullrom"
						},
						"0.7667": {
							"post": [-0.25, 0.1875, -0.36237],
							"lerp_mode": "catmullrom"
						},
						"0.8333": {
							"post": [-0.04, -0.0175, 0.12048],
							"lerp_mode": "catmullrom"
						},
						"0.9667": {
							"post": [0, 0, 0],
							"lerp_mode": "catmullrom"
						}
					}
				}
			},
			"sound_effects": {
				"0.0": {
					"effect": "bolt"
				},
				"0.9": {
					"effect": "bf1:shell_rifle"
				}
			}
		},
		"run_start": {
			"animation_length": 0.5333,
			"bones": {
				"root": {
					"rotation": {
						"0.0": {
							"post": [0, 0, 0],
							"lerp_mode": "catmullrom"
						},
						"0.3": {
							"post": [-36.135, -0.59, -5.51],
							"lerp_mode": "catmullrom"
						},
						"0.5333": {
							"post": [-93, 5, -7.125],
							"lerp_mode": "catmullrom"
						}
					},
					"position": {
						"0.0": {
							"post": [0, 0, 0],
							"lerp_mode": "catmullrom"
						},
						"0.1333": {
							"post": [-0.55, -2.1425, 0.4325],
							"lerp_mode": "catmullrom"
						},
						"0.2667": {
							"post": [-0.66, -2.9075, 0.3825],
							"lerp_mode": "catmullrom"
						},
						"0.4": {
							"post": [-2.03, -7.75, -1.5625],
							"lerp_mode": "catmullrom"
						},
						"0.5": [-3.3425, -9, -5]
					}
				}
			}
		},
		"run": {
			"loop": true,
			"animation_length": 0.8,
			"bones": {
				"root": {
					"rotation": {
						"0.0": {
							"post": [-93, 5, -7.125],
							"lerp_mode": "catmullrom"
						},
						"0.3": {
							"post": [-95.1875, 1, -15.6875],
							"lerp_mode": "catmullrom"
						},
						"0.4667": {
							"post": [-91.5, 1, -15.6875],
							"lerp_mode": "catmullrom"
						},
						"0.8": {
							"post": [-93, 5, -7.125],
							"lerp_mode": "catmullrom"
						}
					},
					"position": {
						"0.0": {
							"post": [-3.3425, -9, -5],
							"lerp_mode": "catmullrom"
						},
						"0.1333": {
							"post": [-3.94012, -7.25, -5],
							"lerp_mode": "catmullrom"
						},
						"0.2": {
							"post": [-4.05864, -7.1, -5],
							"lerp_mode": "catmullrom"
						},
						"0.3": {
							"post": [-3.87077, -7.25, -5],
							"lerp_mode": "catmullrom"
						},
						"0.4": {
							"post": [-3.34834, -9, -5],
							"lerp_mode": "catmullrom"
						},
						"0.5333": {
							"post": [-2.90001, -7.5, -5],
							"lerp_mode": "catmullrom"
						},
						"0.6": {
							"post": [-2.82572, -7.38, -5],
							"lerp_mode": "catmullrom"
						},
						"0.7": {
							"post": [-2.90001, -7.5, -5],
							"lerp_mode": "catmullrom"
						},
						"0.8": {
							"post": [-3.3425, -9, -5],
							"lerp_mode": "catmullrom"
						}
					}
				}
			}
		},
		"run_hold": {
			"loop": "hold_on_last_frame",
			"bones": {
				"root": {
					"rotation": [-75.55, 8.13, -3.21],
					"position": [-2.83, -8, -4.75]
				}
			}
		},
		"walk_backward": {
			"loop": true,
			"animation_length": 1,
			"bones": {
				"root": {
					"rotation": {
						"0.0": {
							"post": [-25, 0, 1.33],
							"lerp_mode": "catmullrom"
						},
						"0.25": {
							"post": [-25, -2.02, 5.95],
							"lerp_mode": "catmullrom"
						},
						"0.5": {
							"post": [-25, -0.48, 6.32],
							"lerp_mode": "catmullrom"
						},
						"0.75": {
							"post": [-25, 1.87, 2.09],
							"lerp_mode": "catmullrom"
						},
						"1.0": {
							"post": [-25, 0, 1.33],
							"lerp_mode": "catmullrom"
						}
					},
					"position": {
						"0.0": {
							"post": [-0.63, -3.31, 2.36],
							"lerp_mode": "catmullrom"
						},
						"0.25": {
							"post": [-0.6, -3.02, 2.36],
							"lerp_mode": "catmullrom"
						},
						"0.5": {
							"post": [-0.63, -3.31, 2.36],
							"lerp_mode": "catmullrom"
						},
						"0.75": {
							"post": [-0.68, -3.02, 2.36],
							"lerp_mode": "catmullrom"
						},
						"1.0": {
							"post": [-0.63, -3.31, 2.36],
							"lerp_mode": "catmullrom"
						}
					}
				}
			}
		}
	}
}