{
	"format_version": "1.12.0",
	"minecraft:geometry": [
		{
			"description": {
				"identifier": "geometry.unknown",
				"texture_width": 16,
				"texture_height": 16,
				"visible_bounds_width": 2,
				"visible_bounds_height": 1.5,
				"visible_bounds_offset": [0, 0.25, 0]
			},
			"bones": [
				{
					"name": "bb_main",
					"pivot": [0, 0, 0],
					"cubes": [
						{
							"origin": [-3, 0, -1],
							"size": [6, 5, 2],
							"uv": {
								"north": {"uv": [2, 2], "uv_size": [6, 5]},
								"east": {"uv": [0, 2], "uv_size": [2, 5]},
								"south": {"uv": [10, 2], "uv_size": [6, 5]},
								"west": {"uv": [8, 2], "uv_size": [2, 5]},
								"up": {"uv": [2, 0], "uv_size": [6, 2]},
								"down": {"uv": [8, 2], "uv_size": [6, -2]}
							}
						}
					]
				}
			]
		}
	]
}