{
	"format_version": "1.12.0",
	"minecraft:geometry": [
		{
			"description": {
				"identifier": "geometry.unknown",
				"texture_width": 16,
				"texture_height": 16,
				"visible_bounds_width": 2,
				"visible_bounds_height": 1.5,
				"visible_bounds_offset": [0, 0.25, 0]
			},
			"bones": [
				{
					"name": "bb_main",
					"pivot": [0, 0, 0],
					"cubes": [
						{
							"origin": [-1, -1, -1],
							"size": [2, 2, 2],
							"uv": {
								"north": {"uv": [3, 6], "uv_size": [2, 2]},
								"east": {"uv": [5, 6], "uv_size": [2, 2]},
								"south": {"uv": [7, 6], "uv_size": [2, 2]},
								"west": {"uv": [8, 0], "uv_size": [2, 2]},
								"up": {"uv": [8, 2], "uv_size": [2, 2]},
								"down": {"uv": [3, 10], "uv_size": [2, -2]}
							}
						},
						{
							"origin": [-1.5, -1.5, -1.5],
							"size": [4, 3, 3],
							"uv": {
								"north": {"uv": [0, 0], "uv_size": [4, 3]},
								"east": {"uv": [0, 6], "uv_size": [3, 3]},
								"south": {"uv": [0, 3], "uv_size": [4, 3]},
								"up": {"uv": [4, 0], "uv_size": [4, 3]},
								"down": {"uv": [4, 6], "uv_size": [4, -3]}
							}
						}
					]
				}
			]
		}
	]
}