{
    "ammo": "warhammer:825_ammo",
    "ammo_amount": 30,
    "bolt": "closed_bolt",
    "rpm": 750,
    "bullet": {
        "life": 10,
        "damage": 7.0,
        "tracer_count_interval": 0,
        "bullet": 8,
        "speed": 400,
        "gravity": 0,
        "knockback": 0.1,
        "friction": 0.01,
        "ignite": false,
        "pierce": 1,
        "extra_damage": {
            "armor_ignore": 0.3,
            "head_shot_multiplier": 1.5,
            "damage_adjust": [
                {
                    "distance": 70,
                    "damage": 7.0
                },
                {
                    "distance": 80,
                    "damage": 6.5
                },
                {
                    "distance": 120,
                    "damage": 5.5
                },
                {
                    "distance": "infinite",
                    "damage": 4
                }
            ]
        }
    },
    "reload": {
        "type": "magazine",
        "feed": {
            "empty": 1.96,
            "tactical": 0.90
        },
        "cooldown": {
            "empty": 2.26,
            "tactical": 1.0
        }
    },
    "draw_time": 0.7,
    "put_away_time": 0.3,
    "aim_time": 0.15,
    "sprint_time": 0.15,
    "fire_mode": [
        "auto",
        "semi"
    ],
    "recoil": {
        "pitch": [
            {
                "time": 0,
                "value": [
                    0.45,
                    0.45
                ]
            },
            {
                "time": 0.25,
                "value": [
                    0.45,
                    0.45
                ]
            },
            {
                "time": 0.45,
                "value": [
                    -0.175,
                    -0.175
                ]
            },
            {
                "time": 0.6,
                "value": [
                    0,
                    0
                ]
            }
        ],
        "yaw": [
            {
                "time": 0,
                "value": [
                    -0.35,
                    0.35
                ]
            },
            {
                "time": 0.25,
                "value": [
                    -0.35,
                    0.35
                ]
            },
            {
                "time": 0.45,
                "value": [
                    0,
                    0
                ]
            }
        ]
    },
    "inaccuracy": {
        "stand": 2,
        "move": 4,
        "lie": 0.5,
        "aim": 0.2
    }
}