{
    "ammo": "warhammer:laser_cell",
    "ammo_amount": 30,
    "bolt": "open_bolt",
    "rpm": 150,
    "bullet": {
        "life": 10,
        "damage": 11,
        "speed": 400,
        "gravity": 0,
        "knockback": 0.2,
        "friction": 0.01,
        "tracer_count_interval": 0,
        "ignite": false,
        "pierce": 1,
        "extra_damage": {
            "armor_ignore": 0.3,
            "head_shot_multiplier": 1.5
        }
    },
    "reload": {
        "type": "fuel",
        "feed": {
            "empty": 2.46,
            "tactical": 2.46
        },
        "cooldown": {
            "empty": 2.66,
            "tactical": 2.66
        }
    },
    "draw_time": 0.7,
    "put_away_time": 0.3,
    "aim_time": 0.15,
    "sprint_time": 0.15,
    "fire_mode": [
        "semi"
    ],
    "recoil": {
        "pitch": [
            {
                "time": 0,
                "value": [
                    0.7,
                    0.7
                ]
            },
            {
                "time": 0.25,
                "value": [
                    0.7,
                    0.7
                ]
            },
            {
                "time": 0.45,
                "value": [
                    -0.175,
                    -0.175
                ]
            },
            {
                "time": 0.6,
                "value": [
                    0,
                    0
                ]
            }
        ],
        "yaw": [
            {
                "time": 0,
                "value": [
                    -0.35,
                    -0.15
                ]
            },
            {
                "time": 0.25,
                "value": [
                    -0.35,
                    -0.15
                ]
            },
            {
                "time": 0.45,
                "value": [
                    0,
                    0
                ]
            }
        ]
    },
    "inaccuracy": {
        "stand": 2,
        "move": 4,
        "lie": 0.5,
        "aim": 0.2
    }
}