{
	"format_version": "1.12.0",
	"minecraft:geometry": [
		{
			"description": {
				"identifier": "geometry.unknown",
				"texture_width": 64,
				"texture_height": 64,
				"visible_bounds_width": 90757,
				"visible_bounds_height": 90197,
				"visible_bounds_offset": [0, 251.5, 0]
			},
			"bones": [
				{
					"name": "root",
					"pivot": [-2, 0, -2]
				},
				{
					"name": "left_hand",
					"parent": "root",
					"pivot": [5.5, 11.5, 0]
				},
				{
					"name": "lefthand_pos",
					"parent": "left_hand",
					"pivot": [0, 0, 0],
					"rotation": [0, 180, 0],
					"cubes": [
						{
							"origin": [-7, 0, -2],
							"size": [3, 12, 4],
							"uv": {
								"north": {"uv": [5, 13], "uv_size": [3, 12]},
								"east": {"uv": [0, 0], "uv_size": [4, 12]},
								"south": {"uv": [9, 13], "uv_size": [3, 12]},
								"west": {"uv": [5, 0], "uv_size": [4, 12]},
								"up": {"uv": [17, 13], "uv_size": [3, 4]},
								"down": {"uv": [17, 22], "uv_size": [3, -4]}
							}
						}
					]
				},
				{
					"name": "right_hand",
					"parent": "root",
					"pivot": [-5.5, 11.5, 0]
				},
				{
					"name": "righthand_pos",
					"parent": "right_hand",
					"pivot": [0, 0, 0],
					"rotation": [0, 180, 0],
					"cubes": [
						{
							"origin": [4, 0, -2],
							"size": [3, 12, 4],
							"uv": {
								"north": {"uv": [13, 13], "uv_size": [3, 12]},
								"east": {"uv": [10, 0], "uv_size": [4, 12]},
								"south": {"uv": [15, 0], "uv_size": [3, 12]},
								"west": {"uv": [0, 13], "uv_size": [4, 12]},
								"up": {"uv": [19, 0], "uv_size": [3, 4]},
								"down": {"uv": [19, 9], "uv_size": [3, -4]}
							}
						}
					]
				},
				{
					"name": "muzzle_flash",
					"parent": "right_hand",
					"pivot": [-5, 12, 1],
					"rotation": [-90, 0, 0]
				},
				{
					"name": "Right_Arm",
					"parent": "root",
					"pivot": [1, 5, 4],
					"rotation": [-90, 0, 0],
					"cubes": [
						{
							"origin": [-2, -5, 2],
							"size": [4, 12, 4],
							"uv": {
								"north": {"uv": [4, 36], "uv_size": [4, 12]},
								"east": {"uv": [0, 36], "uv_size": [4, 12]},
								"south": {"uv": [12, 36], "uv_size": [4, 12]},
								"west": {"uv": [8, 36], "uv_size": [4, 12]},
								"up": {"uv": [4, 32], "uv_size": [4, 4]},
								"down": {"uv": [8, 36], "uv_size": [4, -4]}
							}
						},
						{
							"origin": [-2, -5, 2],
							"size": [4, 12, 4],
							"inflate": 0.25,
							"uv": {
								"north": {"uv": [28, 36], "uv_size": [4, 12]},
								"east": {"uv": [16, 36], "uv_size": [4, 12]},
								"south": {"uv": [24, 36], "uv_size": [4, 12]},
								"west": {"uv": [20, 36], "uv_size": [4, 12]},
								"up": {"uv": [44, 32], "uv_size": [4, 4]},
								"down": {"uv": [48, 36], "uv_size": [4, -4]}
							}
						}
					]
				},
				{
					"name": "pew_illuminated",
					"pivot": [-5.5, 11.5, 0],
					"cubes": [
						{
							"origin": [-28.5, 0, -3],
							"size": [55, 31, 1],
							"uv": {
								"south": {"uv": [0, 0], "uv_size": [55, 31]}
							}
						}
					]
				},
				{
					"name": "positioning",
					"pivot": [0, 0, 0]
				},
				{
					"name": "views",
					"pivot": [0, 0, 0]
				},
				{
					"name": "idle_view",
					"parent": "views",
					"pivot": [0.5, 4, 4]
				},
				{
					"name": "iron_view",
					"parent": "views",
					"pivot": [-1.0625, 3.625, 4],
					"rotation": [2.5, 0, 0]
				},
				{
					"name": "refit_view",
					"parent": "views",
					"pivot": [0.5, 4, 4]
				},
				{
					"name": "camera",
					"pivot": [0.5, 4, 4]
				}
			]
		}
	]
}