{
	"format_version": "1.12.0",
	"minecraft:geometry": [
		{
			"description": {
				"identifier": "geometry.unknown",
				"texture_width": 128,
				"texture_height": 128,
				"visible_bounds_width": 5,
				"visible_bounds_height": 5,
				"visible_bounds_offset": [0, 0.5, 0]
			},
			"bones": [
				{
					"name": "root",
					"pivot": [0, 7.5, 3]
				},
				{
					"name": "left_gun",
					"parent": "root",
					"pivot": [0, 0, 0]
				},
				{
					"name": "gun",
					"parent": "left_gun",
					"pivot": [0, 0, 0]
				},
				{
					"name": "stock",
					"parent": "gun",
					"pivot": [0, 0, 5],
					"cubes": [
						{
							"origin": [-0.3125, 9.35174, 4.75449],
							"size": [0.625, 0.42208, 3.73619],
							"pivot": [0.3125, 9.77382, 4.58261],
							"rotation": [-25, 0, 0],
							"uv": {
								"up": {"uv": [14, 45], "uv_size": [0.5, 3.5]}
							}
						},
						{
							"origin": [-0.32191, 9.00644, 4.73838],
							"size": [0.63441, 0.69474, 3.73876],
							"pivot": [0.3125, 9.70118, 4.73838],
							"rotation": [-19.98461, -15.33883, -36.03173],
							"uv": {
								"west": {"uv": [44, 9], "uv_size": [3.5, 0.5]}
							}
						},
						{
							"origin": [0.125, 7.82225, 4.50795],
							"size": [0.625, 1.39083, 1.00182],
							"pivot": [0.75, 9.21307, 4.50795],
							"rotation": [-24.99979, 0.10565, 0.22658],
							"uv": {
								"west": {"uv": [47, 38], "uv_size": [1, 1.5]}
							}
						},
						{
							"origin": [-0.75, 7.5561, 4.11595],
							"size": [1.5, 0.26563, 1.96875],
							"pivot": [0.625, 7.5561, 4.11595],
							"rotation": [-13, 0, 0],
							"uv": {
								"east": {"uv": [48, 46], "uv_size": [2, 0.5]},
								"west": {"uv": [48, 48], "uv_size": [2, 0.5]}
							}
						},
						{
							"origin": [-0.31522, 7.91808, 7.46949],
							"size": [0.63044, 0.42208, 0.84557],
							"pivot": [0.31522, 8.34016, 7.46949],
							"rotation": [20, 0, 0],
							"uv": {
								"up": {"uv": [30, 54], "uv_size": [0.5, 1]}
							}
						},
						{
							"origin": [-0.30978, 7.69933, 7.31324],
							"size": [0.625, 0.64083, 1.00182],
							"pivot": [0.31522, 8.34016, 7.46949],
							"rotation": [15.02126, 13.35981, -40.73074],
							"uv": {
								"west": {"uv": [54, 46], "uv_size": [1, 0.5]}
							}
						},
						{
							"origin": [-0.75, 7.44499, 7.40844],
							"size": [1.5, 0.46895, 0.87682],
							"pivot": [0.75, 7.91394, 7.43969],
							"rotation": [20, 0, 0],
							"uv": {
								"east": {"uv": [48, 54], "uv_size": [1, 0.5]},
								"west": {"uv": [54, 48], "uv_size": [1, 0.5]},
								"up": {"uv": [46, 44], "uv_size": [1.5, 1]}
							}
						},
						{
							"origin": [-0.31522, 7.82762, 8.26407],
							"size": [0.63044, 0.80174, 10.12682],
							"pivot": [0.31522, 8.62936, 8.26407],
							"rotation": [-4, 0, 0],
							"uv": {
								"south": {"uv": [32, 54], "uv_size": [0.5, 1]},
								"up": {"uv": [11, 26], "uv_size": [0.5, 10]}
							}
						},
						{
							"origin": [-0.30978, 8.01978, 8.26407],
							"size": [0.625, 0.60958, 10.12682],
							"pivot": [0.31522, 8.62936, 8.26407],
							"rotation": [-2.80596, -2.85186, -45.43014],
							"uv": {
								"south": {"uv": [2, 60], "uv_size": [0.5, 0.5]},
								"west": {"uv": [26, 16], "uv_size": [10, 0.5]}
							}
						},
						{
							"origin": [-0.7501, 5.24554, 3.96355],
							"size": [1.5002, 1.3906, 14.34375],
							"pivot": [0, 5.94084, 11.13543],
							"rotation": [-20.5, 0, 0],
							"uv": {
								"east": {"uv": [0, 0], "uv_size": [14.5, 1.5]},
								"west": {"uv": [0, 3], "uv_size": [14.5, 1.5]},
								"up": {"uv": [0, 6], "uv_size": [1.5, 14.5]}
							}
						},
						{
							"origin": [0.314, 7.54713, 3.4251],
							"size": [0.1875, 0.35935, 15],
							"pivot": [0.5015, 7.54713, 4.1126],
							"rotation": [-15.11389, 14.01483, 41.88158],
							"uv": {
								"south": {"uv": [60, 6], "uv_size": [0.5, 0.5]},
								"west": {"uv": [16, 0], "uv_size": [15, 0.5]}
							}
						},
						{
							"origin": [-0.5015, 7.54652, 3.92845],
							"size": [1.00301, 0.27518, 14.5],
							"pivot": [0.5, 7.5561, 4.11595],
							"rotation": [-20.5, 0, 0],
							"uv": {
								"down": {"uv": [3, 20.5], "uv_size": [1, -14.5]}
							}
						},
						{
							"origin": [-0.7497, 2.77793, 17.60963],
							"size": [1.4998, 4.7188, 0.72679],
							"uv": {
								"east": {"uv": [16, 41], "uv_size": [0.5, 4.5]},
								"south": {"uv": [14, 19], "uv_size": [1.5, 4.5]},
								"west": {"uv": [41, 19], "uv_size": [0.5, 4.5]}
							}
						},
						{
							"origin": [-0.75, -2.62812, 18.33457],
							"size": [1.5, 10.12497, 0.8125],
							"pivot": [0.75, 7.49686, 18.33457],
							"rotation": [-94, 0, 0],
							"uv": {
								"east": {"uv": [11, 6], "uv_size": [1, 10]},
								"west": {"uv": [13, 6], "uv_size": [1, 10]}
							}
						},
						{
							"origin": [-0.75, -1.33124, 19.14707],
							"size": [1.5, 8.2656, 1.4375],
							"pivot": [0.75, 7.49686, 18.33457],
							"rotation": [-94, 0, 0],
							"uv": {
								"east": {"uv": [5, 6], "uv_size": [1.5, 8.5]},
								"west": {"uv": [8, 6], "uv_size": [1.5, 8.5]}
							}
						},
						{
							"origin": [-0.75, 3.48126, 20.58457],
							"size": [1.5, 3.53122, 1.4375],
							"pivot": [0.75, 7.49686, 18.33457],
							"rotation": [-94, 0, 0],
							"uv": {
								"east": {"uv": [14, 25], "uv_size": [1.5, 3.5]},
								"west": {"uv": [8, 26], "uv_size": [1.5, 3.5]}
							}
						},
						{
							"origin": [-0.3125, 9.00644, 4.73838],
							"size": [0.63441, 0.69474, 3.73876],
							"pivot": [-0.3125, 9.70118, 4.73838],
							"rotation": [-19.98461, 15.33883, 36.03173],
							"uv": {
								"east": {"uv": [44, 11], "uv_size": [3.5, 0.5]}
							}
						},
						{
							"origin": [-0.31522, 8.01978, 8.26407],
							"size": [0.625, 0.60958, 10.12682],
							"pivot": [-0.31522, 8.62936, 8.26407],
							"rotation": [-2.80596, 2.85186, 45.43014],
							"uv": {
								"east": {"uv": [26, 18], "uv_size": [10, 0.5]},
								"south": {"uv": [60, 4], "uv_size": [0.5, 0.5]}
							}
						},
						{
							"origin": [-0.5015, 7.54713, 3.4251],
							"size": [0.1875, 0.35935, 15],
							"pivot": [-0.5015, 7.54713, 4.1126],
							"rotation": [-15.11389, -14.01483, -41.88158],
							"uv": {
								"east": {"uv": [16, 2], "uv_size": [15, 0.5]},
								"south": {"uv": [60, 8], "uv_size": [0.5, 0.5]}
							}
						},
						{
							"origin": [-0.518, 2.5303, 17.61582],
							"size": [0.1875, 0.34373, 0.72059],
							"pivot": [-0.518, 2.54593, 18.33457],
							"rotation": [0, 0, -45],
							"uv": {
								"north": {"uv": [10, 60], "uv_size": [0.5, 0.5]},
								"east": {"uv": [60, 10], "uv_size": [0.5, 0.5]},
								"south": {"uv": [12, 60], "uv_size": [0.5, 0.5]}
							}
						},
						{
							"origin": [-0.50695, 2.53488, 17.51872],
							"size": [1.0139, 0.24323, 0.81769],
							"uv": {
								"east": {"uv": [54, 32], "uv_size": [1, 0.5]},
								"south": {"uv": [34, 54], "uv_size": [1, 0.5]},
								"west": {"uv": [54, 34], "uv_size": [1, 0.5]},
								"down": {"uv": [28, 49], "uv_size": [1, -1]}
							}
						},
						{
							"origin": [0.3305, 2.5303, 17.61582],
							"size": [0.1875, 0.34373, 0.72059],
							"pivot": [0.518, 2.54593, 18.33457],
							"rotation": [0, 0, 45],
							"uv": {
								"north": {"uv": [60, 12], "uv_size": [0.5, 0.5]},
								"south": {"uv": [14, 60], "uv_size": [0.5, 0.5]},
								"west": {"uv": [60, 14], "uv_size": [0.5, 0.5]}
							}
						},
						{
							"origin": [-0.75, 7.82225, 4.50795],
							"size": [0.625, 1.39083, 1.00182],
							"pivot": [-0.75, 9.21307, 4.50795],
							"rotation": [-24.99979, -0.10565, -0.22658],
							"uv": {
								"east": {"uv": [38, 47], "uv_size": [1, 1.5]}
							}
						},
						{
							"origin": [-0.31522, 7.69933, 7.31324],
							"size": [0.625, 0.64083, 1.00182],
							"pivot": [-0.31522, 8.34016, 7.46949],
							"rotation": [15.02126, -13.35981, 40.73074],
							"uv": {
								"east": {"uv": [50, 54], "uv_size": [1, 0.5]}
							}
						}
					]
				},
				{
					"name": "receiver",
					"parent": "gun",
					"pivot": [0, 0, 0]
				},
				{
					"name": "body",
					"parent": "receiver",
					"pivot": [0, 0, 0],
					"cubes": [
						{
							"origin": [-0.75, 7.875, -1.5],
							"size": [1.5, 1.5, 5.6875],
							"uv": {
								"north": {"uv": [31, 39], "uv_size": [1.5, 1.5]},
								"east": {"uv": [15, 6], "uv_size": [5.5, 1.5]},
								"west": {"uv": [15, 9], "uv_size": [5.5, 1.5]},
								"up": {"uv": [15, 12], "uv_size": [1.5, 5.5]}
							}
						},
						{
							"origin": [-0.7499, 7.875, -1.5],
							"size": [1.4998, 0.3125, 5.625],
							"pivot": [0.75, 7.875, -1.5],
							"rotation": [-3.25, 0, 0],
							"uv": {
								"north": {"uv": [7, 51], "uv_size": [1.5, 0.5]},
								"east": {"uv": [40, 26], "uv_size": [5.5, 0.5]},
								"west": {"uv": [40, 38], "uv_size": [5.5, 0.5]},
								"down": {"uv": [5, 21.5], "uv_size": [1.5, -5.5]}
							}
						},
						{
							"origin": [-0.25, 7.30825, -0.59069],
							"size": [0.5, 1.125, 0.4375],
							"pivot": [-0.75, 7.30825, -0.59069],
							"rotation": [51.75, 0, 0],
							"uv": {
								"north": {"uv": [52, 54], "uv_size": [0.5, 1]},
								"east": {"uv": [54, 54], "uv_size": [0.5, 1]},
								"west": {"uv": [0, 55], "uv_size": [0.5, 1]}
							}
						},
						{
							"origin": [-0.25, 6.30825, -0.59069],
							"size": [0.5, 1.125, 0.4375],
							"pivot": [-0.75, 7.30825, -0.59069],
							"rotation": [124.25, 0, 0],
							"uv": {
								"north": {"uv": [7, 55], "uv_size": [0.5, 1]},
								"east": {"uv": [9, 55], "uv_size": [0.5, 1]},
								"west": {"uv": [55, 17], "uv_size": [0.5, 1]},
								"up": {"uv": [61, 59], "uv_size": [0.5, 0.5]}
							}
						},
						{
							"origin": [-0.25, 7.26292, 1.82432],
							"size": [0.5, 0.375, 0.10938],
							"pivot": [-0.75, 7.26292, 1.82432],
							"rotation": [48.75, 0, 0],
							"uv": {
								"north": {"uv": [61, 61], "uv_size": [0.5, 0.5]},
								"east": {"uv": [62, 0], "uv_size": [0.5, 0.5]},
								"west": {"uv": [2, 62], "uv_size": [0.5, 0.5]}
							}
						},
						{
							"origin": [-0.25, 7.50999, 1.70848],
							"size": [0.5, 1.0625, 0.3125],
							"pivot": [-0.25, 7.50999, 1.70848],
							"rotation": [95.25, 0, 0],
							"uv": {
								"north": {"uv": [20, 55], "uv_size": [0.5, 1]},
								"east": {"uv": [55, 22], "uv_size": [0.5, 1]},
								"west": {"uv": [55, 24], "uv_size": [0.5, 1]}
							}
						},
						{
							"origin": [-0.25, 7.41277, 0.65044],
							"size": [0.5, 0.625, 0.375],
							"pivot": [-0.25, 7.41277, 0.65044],
							"rotation": [50.25, 0, 0],
							"uv": {
								"north": {"uv": [62, 44], "uv_size": [0.5, 0.5]},
								"east": {"uv": [46, 62], "uv_size": [0.5, 0.5]},
								"west": {"uv": [48, 62], "uv_size": [0.5, 0.5]}
							}
						},
						{
							"origin": [-0.25, 7.42689, 1.66354],
							"size": [0.5, 0.28125, 0.1875],
							"pivot": [0.75, 7.47376, 1.85104],
							"rotation": [-0.75, 0, 0],
							"uv": {
								"east": {"uv": [10, 62], "uv_size": [0.5, 0.5]},
								"south": {"uv": [62, 10], "uv_size": [0.5, 0.5]},
								"west": {"uv": [12, 62], "uv_size": [0.5, 0.5]}
							}
						},
						{
							"origin": [-0.25, 7.03626, 1.74167],
							"size": [0.5, 0.4375, 0.10938],
							"pivot": [0.75, 7.47376, 1.85104],
							"rotation": [21.75, 0, 0],
							"uv": {
								"north": {"uv": [62, 2], "uv_size": [0.5, 0.5]},
								"east": {"uv": [62, 4], "uv_size": [0.5, 0.5]},
								"south": {"uv": [62, 6], "uv_size": [0.5, 0.5]},
								"west": {"uv": [62, 8], "uv_size": [0.5, 0.5]}
							}
						},
						{
							"origin": [-0.25, 6.62991, 1.90379],
							"size": [0.5, 0.4375, 0.10938],
							"pivot": [0.75, 7.06741, 2.01316],
							"rotation": [-0.75, 0, 0],
							"uv": {
								"north": {"uv": [62, 12], "uv_size": [0.5, 0.5]},
								"east": {"uv": [14, 62], "uv_size": [0.5, 0.5]},
								"south": {"uv": [62, 14], "uv_size": [0.5, 0.5]},
								"west": {"uv": [16, 62], "uv_size": [0.5, 0.5]}
							}
						},
						{
							"origin": [-0.25, 6.19244, 1.89806],
							"size": [0.5, 0.4375, 0.10938],
							"pivot": [0.75, 6.62994, 2.00743],
							"rotation": [-35.75, 0, 0],
							"uv": {
								"north": {"uv": [62, 18], "uv_size": [0.5, 0.5]},
								"east": {"uv": [20, 62], "uv_size": [0.5, 0.5]},
								"south": {"uv": [24, 62], "uv_size": [0.5, 0.5]},
								"west": {"uv": [26, 62], "uv_size": [0.5, 0.5]}
							}
						},
						{
							"origin": [-0.25, 5.71238, 1.64245],
							"size": [0.5, 0.5625, 0.10938],
							"pivot": [0.75, 6.27488, 1.75182],
							"rotation": [-65.75, 0, 0],
							"uv": {
								"north": {"uv": [28, 62], "uv_size": [0.5, 0.5]},
								"east": {"uv": [62, 28], "uv_size": [0.5, 0.5]},
								"south": {"uv": [30, 62], "uv_size": [0.5, 0.5]},
								"west": {"uv": [62, 30], "uv_size": [0.5, 0.5]}
							}
						},
						{
							"origin": [-0.25, 5.10635, 1.12958],
							"size": [0.5, 0.9375, 0.10938],
							"pivot": [0.75, 6.04385, 1.23896],
							"rotation": [-89.25, 0, 0],
							"uv": {
								"north": {"uv": [25, 55], "uv_size": [0.5, 1]},
								"east": {"uv": [55, 26], "uv_size": [0.5, 1]},
								"south": {"uv": [55, 28], "uv_size": [0.5, 1]},
								"west": {"uv": [55, 41], "uv_size": [0.5, 1]}
							}
						},
						{
							"origin": [-0.25, 5.34408, 0.19216],
							"size": [0.5, 0.6875, 0.10938],
							"pivot": [0.75, 6.03158, 0.30154],
							"rotation": [-111.75, 0, 0],
							"uv": {
								"north": {"uv": [32, 62], "uv_size": [0.5, 0.5]},
								"east": {"uv": [62, 32], "uv_size": [0.5, 0.5]},
								"south": {"uv": [34, 62], "uv_size": [0.5, 0.5]},
								"west": {"uv": [62, 34], "uv_size": [0.5, 0.5]}
							}
						},
						{
							"origin": [-0.25, 5.84884, -0.44639],
							"size": [0.5, 0.4375, 0.10938],
							"pivot": [0.75, 6.28634, -0.33702],
							"rotation": [-141.75, 0, 0],
							"uv": {
								"north": {"uv": [36, 62], "uv_size": [0.5, 0.5]},
								"east": {"uv": [62, 36], "uv_size": [0.5, 0.5]},
								"south": {"uv": [38, 62], "uv_size": [0.5, 0.5]},
								"west": {"uv": [40, 62], "uv_size": [0.5, 0.5]}
							}
						},
						{
							"origin": [-0.25, 5.81741, -0.71725],
							"size": [0.5, 0.8125, 0.10938],
							"pivot": [0.75, 6.62991, -0.60787],
							"rotation": [-173.5, 0, 0],
							"uv": {
								"north": {"uv": [55, 43], "uv_size": [0.5, 1]},
								"east": {"uv": [55, 50], "uv_size": [0.5, 1]},
								"west": {"uv": [56, 0], "uv_size": [0.5, 1]}
							}
						},
						{
							"origin": [-0.25, 6.63948, -0.54873],
							"size": [0.5, 0.4375, 0.14063],
							"pivot": [-0.75, 7.07698, -0.54873],
							"rotation": [156.5, 0, 0],
							"uv": {
								"north": {"uv": [42, 62], "uv_size": [0.5, 0.5]},
								"east": {"uv": [62, 42], "uv_size": [0.5, 0.5]},
								"west": {"uv": [44, 62], "uv_size": [0.5, 0.5]}
							}
						},
						{
							"origin": [-0.25, 5.73929, -0.71725],
							"size": [0.5, 0.89063, 0.10938],
							"pivot": [0.75, 6.62991, -0.60787],
							"rotation": [-163.75, 0, 0],
							"uv": {
								"east": {"uv": [2, 56], "uv_size": [0.5, 1]},
								"south": {"uv": [56, 2], "uv_size": [0.5, 1]},
								"west": {"uv": [56, 4], "uv_size": [0.5, 1]}
							}
						},
						{
							"origin": [-0.75, 7.86994, 3.84837],
							"size": [1.5, 1.70313, 0.3125],
							"pivot": [0.625, 7.86994, 2.75462],
							"rotation": [-13, 0, 0],
							"uv": {
								"east": {"uv": [51, 4], "uv_size": [0.5, 1.5]},
								"west": {"uv": [5, 51], "uv_size": [0.5, 1.5]}
							}
						},
						{
							"origin": [-0.75, 10.25, 1.5625],
							"size": [0.25, 0.3125, 1.25],
							"pivot": [-0.75, 10.5625, 2.8125],
							"rotation": [15, 0, 0],
							"uv": {
								"east": {"uv": [50, 17], "uv_size": [1.5, 0.5]},
								"west": {"uv": [50, 25], "uv_size": [1.5, 0.5]},
								"up": {"uv": [0, 50], "uv_size": [0.5, 1.5]}
							}
						},
						{
							"origin": [-0.75, 10.26947, -0.50211],
							"size": [0.25, 0.25, 1.125],
							"pivot": [-0.75, 10.51947, -0.50211],
							"rotation": [-15, 0, 0],
							"uv": {
								"east": {"uv": [43, 56], "uv_size": [1, 0.5]},
								"west": {"uv": [45, 56], "uv_size": [1, 0.5]},
								"up": {"uv": [56, 45], "uv_size": [0.5, 1]}
							}
						},
						{
							"origin": [-0.34879, 9.875, -1.625],
							"size": [0.69757, 0.82375, 1.08317],
							"pivot": [0, 10.375, -0.375],
							"rotation": [7.5, 0, 0],
							"uv": {
								"up": {"uv": [39, 56], "uv_size": [0.5, 1]}
							}
						},
						{
							"origin": [-0.75, 10.25, 3.125],
							"size": [1.5, 0.3125, 0.75],
							"pivot": [0.3125, 10.5625, 3.125],
							"rotation": [-33.5, 0, 0],
							"uv": {
								"east": {"uv": [14, 54], "uv_size": [1, 0.5]},
								"west": {"uv": [54, 15], "uv_size": [1, 0.5]},
								"up": {"uv": [46, 19], "uv_size": [1.5, 1]}
							}
						},
						{
							"origin": [-0.3125, 9.35174, 2.92636],
							"size": [0.625, 0.43107, 2],
							"pivot": [0.3125, 9.77382, 4.58261],
							"rotation": [-28, 0, 0],
							"uv": {
								"up": {"uv": [49, 4], "uv_size": [0.5, 2]}
							}
						},
						{
							"origin": [-0.0625, 9.00448, 2.91049],
							"size": [0.375, 0.6967, 2],
							"pivot": [0.3125, 9.70118, 4.73838],
							"rotation": [-22.59318, -16.99288, -35.08145],
							"uv": {
								"west": {"uv": [49, 7], "uv_size": [2, 0.5]}
							}
						},
						{
							"origin": [-0.75, 9.49064, 3.75041],
							"size": [1.5, 0.65791, 1.20373],
							"pivot": [0.75, 10.14855, 3.75041],
							"rotation": [-51, 0, 0],
							"uv": {
								"east": {"uv": [16, 54], "uv_size": [1, 0.5]},
								"west": {"uv": [18, 54], "uv_size": [1, 0.5]},
								"up": {"uv": [46, 36], "uv_size": [1.5, 1]}
							}
						},
						{
							"origin": [-0.75, 10.25, 2.8125],
							"size": [1.5, 0.3125, 0.3125],
							"uv": {
								"north": {"uv": [49, 50], "uv_size": [1.5, 0.5]},
								"east": {"uv": [59, 48], "uv_size": [0.5, 0.5]},
								"west": {"uv": [59, 55], "uv_size": [0.5, 0.5]},
								"up": {"uv": [2, 51], "uv_size": [1.5, 0.5]}
							}
						},
						{
							"origin": [-0.8125, 10, 2.75],
							"size": [1.625, 0.375, 0.375],
							"pivot": [0, 10.15625, 2.90625],
							"rotation": [45, 0, 0],
							"uv": {
								"north": {"uv": [44, 52], "uv_size": [1.5, 0.5]},
								"east": {"uv": [68, 30], "uv_size": [0.5, 0.5]},
								"south": {"uv": [52, 44], "uv_size": [1.5, 0.5]},
								"west": {"uv": [32, 68], "uv_size": [0.5, 0.5]},
								"up": {"uv": [47, 52], "uv_size": [1.5, 0.5]},
								"down": {"uv": [50, 52.5], "uv_size": [1.5, -0.5]}
							}
						},
						{
							"origin": [-0.9375, 7.75943, 2.59832],
							"size": [0.1875, 0.375, 1.5625],
							"pivot": [-0.75, 7.80784, 2.32428],
							"rotation": [67.5, 0, 5],
							"uv": {
								"east": {"uv": [53, 4], "uv_size": [1.5, 0.5]},
								"south": {"uv": [42, 68], "uv_size": [0.5, 0.5]},
								"up": {"uv": [26, 52], "uv_size": [0.5, 1.5]}
							}
						},
						{
							"origin": [-0.9375, 7.80784, 2.32428],
							"size": [0.1875, 0.42633, 0.40845],
							"pivot": [-0.75, 7.80784, 2.32428],
							"rotation": [27.5, 0, 5],
							"uv": {
								"north": {"uv": [68, 42], "uv_size": [0.5, 0.5]},
								"east": {"uv": [44, 68], "uv_size": [0.5, 0.5]},
								"down": {"uv": [68, 44.5], "uv_size": [0.5, -0.5]}
							}
						},
						{
							"origin": [-0.9375, 7.5043, 2.59758],
							"size": [0.1875, 0.37135, 1.53863],
							"pivot": [-0.75, 7.80784, 2.32428],
							"rotation": [75.5, 0, 5],
							"uv": {
								"east": {"uv": [7, 53], "uv_size": [1.5, 0.5]},
								"down": {"uv": [3, 54.5], "uv_size": [0.5, -1.5]}
							}
						},
						{
							"origin": [0.75, 7.8125, 2.0625],
							"size": [0.0625, 0.3125, 0.3125],
							"pivot": [0, 7.90625, 2.15625],
							"rotation": [45, 0, 0],
							"uv": {
								"north": {"uv": [68, 32], "uv_size": [0.5, 0.5]},
								"south": {"uv": [34, 68], "uv_size": [0.5, 0.5]},
								"west": {"uv": [68, 34], "uv_size": [0.5, 0.5]},
								"up": {"uv": [36, 68], "uv_size": [0.5, 0.5]},
								"down": {"uv": [68, 36.5], "uv_size": [0.5, -0.5]}
							}
						},
						{
							"origin": [-0.8125, 7.9375, -0.75],
							"size": [1.625, 0.3125, 0.3125],
							"pivot": [0, 8.03125, -0.65625],
							"rotation": [45, 0, 0],
							"uv": {
								"north": {"uv": [52, 50], "uv_size": [1.5, 0.5]},
								"east": {"uv": [38, 68], "uv_size": [0.5, 0.5]},
								"south": {"uv": [0, 53], "uv_size": [1.5, 0.5]},
								"west": {"uv": [40, 68], "uv_size": [0.5, 0.5]},
								"up": {"uv": [53, 0], "uv_size": [1.5, 0.5]},
								"down": {"uv": [53, 2.5], "uv_size": [1.5, -0.5]}
							}
						},
						{
							"origin": [-0.47418, 9.25, -0.6875],
							"size": [0.94835, 1.17001, 0.23716],
							"uv": {
								"south": {"uv": [49, 11], "uv_size": [1, 1]}
							}
						},
						{
							"origin": [-0.25543, 9.625, -0.46875],
							"size": [0.51085, 0.54501, 0.04966],
							"uv": {
								"east": {"uv": [30, 70], "uv_size": [0.5, 0.5]},
								"south": {"uv": [70, 30], "uv_size": [0.5, 0.5]},
								"west": {"uv": [32, 70], "uv_size": [0.5, 0.5]},
								"up": {"uv": [70, 32], "uv_size": [0.5, 0.5]}
							}
						},
						{
							"origin": [-0.34918, 10.42001, -0.6875],
							"size": [0.69835, 0.28658, 0.23716],
							"pivot": [-0.22418, 10.42001, -0.45034],
							"rotation": [27.5, 0, 0],
							"uv": {
								"south": {"uv": [46, 64], "uv_size": [0.5, 0.5]}
							}
						},
						{
							"origin": [0.34879, 10.47302, -1.63608],
							"size": [0.65625, 0.0625, 1.0625],
							"pivot": [0.34879, 10.53552, -1.63608],
							"rotation": [4.26458, -6.17526, 55.26986],
							"uv": {
								"up": {"uv": [37, 56], "uv_size": [0.5, 1]}
							}
						},
						{
							"origin": [0.5, 9.1875, -1.8125],
							"size": [0.25, 0.8125, 1.4375],
							"pivot": [0.75, 10, -1.5],
							"rotation": [27.5, 0, 0],
							"uv": {
								"west": {"uv": [46, 15], "uv_size": [1.5, 1]}
							}
						},
						{
							"origin": [0.4375, 10.51947, -1.62711],
							"size": [0.3125, 0.4375, 1.125],
							"pivot": [0.75, 10.51947, -0.50211],
							"rotation": [11.72668, 25.05267, -63.88592],
							"uv": {
								"south": {"uv": [30, 64], "uv_size": [0.5, 0.5]},
								"west": {"uv": [35, 56], "uv_size": [1, 0.5]}
							}
						},
						{
							"origin": [-0.75, 10.51947, -1.62711],
							"size": [0.3125, 0.4375, 1.125],
							"pivot": [-0.75, 10.51947, -0.50211],
							"rotation": [11.72668, -25.05267, 63.88592],
							"uv": {
								"east": {"uv": [47, 56], "uv_size": [1, 0.5]},
								"south": {"uv": [64, 30], "uv_size": [0.5, 0.5]}
							}
						},
						{
							"origin": [-1.00504, 10.47302, -1.63608],
							"size": [0.65625, 0.0625, 1.0625],
							"pivot": [-0.34879, 10.53552, -1.63608],
							"rotation": [4.26458, 6.17526, -55.26986],
							"uv": {
								"up": {"uv": [41, 56], "uv_size": [0.5, 1]}
							}
						},
						{
							"origin": [-0.75, 9.1875, -1.8125],
							"size": [0.25, 0.8125, 1.4375],
							"pivot": [-0.75, 10, -1.5],
							"rotation": [27.5, 0, 0],
							"uv": {
								"east": {"uv": [47, 25], "uv_size": [1.5, 1]},
								"up": {"uv": [16, 51], "uv_size": [0.5, 1.5]}
							}
						},
						{
							"origin": [0.5, 10.26947, -0.50211],
							"size": [0.25, 0.25, 1.125],
							"pivot": [0.75, 10.51947, -0.50211],
							"rotation": [-15, 0, 0],
							"uv": {
								"east": {"uv": [54, 8], "uv_size": [1, 0.5]},
								"west": {"uv": [54, 10], "uv_size": [1, 0.5]},
								"up": {"uv": [12, 54], "uv_size": [0.5, 1]}
							}
						},
						{
							"origin": [0.5, 9.375, -1],
							"size": [0.25, 0.875, 4.5625],
							"uv": {
								"east": {"uv": [16, 4], "uv_size": [4.5, 1]},
								"west": {"uv": [26, 20], "uv_size": [4.5, 1]},
								"up": {"uv": [8, 40], "uv_size": [0.5, 4.5]}
							}
						},
						{
							"origin": [0.5, 10.25, 1.5625],
							"size": [0.25, 0.3125, 1.25],
							"pivot": [0.75, 10.5625, 2.8125],
							"rotation": [15, 0, 0],
							"uv": {
								"east": {"uv": [38, 50], "uv_size": [1.5, 0.5]},
								"west": {"uv": [46, 50], "uv_size": [1.5, 0.5]},
								"up": {"uv": [28, 50], "uv_size": [0.5, 1.5]}
							}
						},
						{
							"origin": [-0.75, 9.375, -1],
							"size": [0.25, 0.875, 4.5625],
							"uv": {
								"east": {"uv": [26, 22], "uv_size": [4.5, 1]},
								"west": {"uv": [26, 24], "uv_size": [4.5, 1]},
								"up": {"uv": [40, 40], "uv_size": [0.5, 4.5]}
							}
						},
						{
							"origin": [-0.3125, 9.00448, 2.91049],
							"size": [0.375, 0.6967, 2],
							"pivot": [-0.3125, 9.70118, 4.73838],
							"rotation": [-22.59318, 16.99288, 35.08145],
							"uv": {
								"east": {"uv": [49, 9], "uv_size": [2, 0.5]}
							}
						},
						{
							"origin": [-0.125, 6.2141, 1.39889],
							"size": [0.25, 0.4375, 0.17188],
							"pivot": [0.125, 6.6516, 1.57076],
							"rotation": [-36.25, 0, 0],
							"uv": {
								"north": {"uv": [54, 62], "uv_size": [0.5, 0.5]},
								"east": {"uv": [56, 62], "uv_size": [0.5, 0.5]},
								"south": {"uv": [62, 56], "uv_size": [0.5, 0.5]},
								"west": {"uv": [58, 62], "uv_size": [0.5, 0.5]},
								"down": {"uv": [0, 63.5], "uv_size": [0.5, -0.5]}
							}
						},
						{
							"origin": [-0.125, 6.6516, 1.366],
							"size": [0.25, 0.375, 0.20313],
							"pivot": [0.125, 7.0266, 1.56913],
							"rotation": [0.25, 0, 0],
							"uv": {
								"north": {"uv": [62, 49], "uv_size": [0.5, 0.5]},
								"east": {"uv": [50, 62], "uv_size": [0.5, 0.5]},
								"south": {"uv": [62, 51], "uv_size": [0.5, 0.5]},
								"west": {"uv": [52, 62], "uv_size": [0.5, 0.5]}
							}
						},
						{
							"origin": [-0.125, 6.85027, 1.33794],
							"size": [0.25, 0.75, 0.25],
							"pivot": [-0.25, 6.91277, 1.33794],
							"rotation": [40.25, 0, 0],
							"uv": {
								"north": {"uv": [56, 6], "uv_size": [0.5, 1]},
								"east": {"uv": [56, 8], "uv_size": [0.5, 1]},
								"south": {"uv": [56, 10], "uv_size": [0.5, 1]},
								"west": {"uv": [11, 56], "uv_size": [0.5, 1]}
							}
						}
					]
				},
				{
					"name": "ring",
					"parent": "receiver",
					"pivot": [-0.5, 0.125, -13.1875],
					"cubes": [
						{
							"origin": [-0.1875, 7.42382, -13.94572],
							"size": [0.375, 0.625, 0.26563],
							"pivot": [0.1875, 7.42382, -13.94572],
							"rotation": [15, 0, 0],
							"uv": {
								"north": {"uv": [0, 65], "uv_size": [0.5, 0.5]},
								"east": {"uv": [4, 65], "uv_size": [0.5, 0.5]},
								"west": {"uv": [6, 65], "uv_size": [0.5, 0.5]},
								"up": {"uv": [8, 65], "uv_size": [0.5, 0.5]}
							}
						},
						{
							"origin": [-0.1875, 7.42382, -13.94572],
							"size": [0.375, 0.625, 0.25],
							"pivot": [-0.1875, 7.42382, -13.94572],
							"rotation": [-12, 0, 0],
							"uv": {
								"east": {"uv": [65, 59], "uv_size": [0.5, 0.5]},
								"south": {"uv": [60, 65], "uv_size": [0.5, 0.5]},
								"west": {"uv": [62, 65], "uv_size": [0.5, 0.5]},
								"up": {"uv": [66, 0], "uv_size": [0.5, 0.5]},
								"down": {"uv": [2, 66.5], "uv_size": [0.5, -0.5]}
							}
						}
					]
				},
				{
					"name": "rotate4",
					"parent": "ring",
					"pivot": [0, 7.5938, -13.84375],
					"cubes": [
						{
							"origin": [-0.4375, 7.5, -13.9375],
							"size": [0.875, 0.1875, 0.1875],
							"pivot": [0, 7.59375, -13.84375],
							"rotation": [-45, 0, 0],
							"uv": {
								"north": {"uv": [57, 23], "uv_size": [1, 0.5]},
								"east": {"uv": [64, 48], "uv_size": [0.5, 0.5]},
								"south": {"uv": [24, 57], "uv_size": [1, 0.5]},
								"west": {"uv": [50, 64], "uv_size": [0.5, 0.5]},
								"up": {"uv": [57, 25], "uv_size": [1, 0.5]},
								"down": {"uv": [57, 27.5], "uv_size": [1, -0.5]}
							}
						},
						{
							"origin": [0.25, 7.1875, -14],
							"size": [0.125, 0.5625, 0.3125],
							"uv": {
								"north": {"uv": [65, 16], "uv_size": [0.5, 0.5]},
								"east": {"uv": [18, 65], "uv_size": [0.5, 0.5]},
								"south": {"uv": [65, 20], "uv_size": [0.5, 0.5]},
								"west": {"uv": [22, 65], "uv_size": [0.5, 0.5]},
								"up": {"uv": [65, 22], "uv_size": [0.5, 0.5]},
								"down": {"uv": [65, 24.5], "uv_size": [0.5, -0.5]}
							}
						},
						{
							"origin": [-0.375, 7.1875, -14],
							"size": [0.125, 0.5625, 0.3125],
							"uv": {
								"north": {"uv": [65, 26], "uv_size": [0.5, 0.5]},
								"east": {"uv": [65, 38], "uv_size": [0.5, 0.5]},
								"south": {"uv": [65, 40], "uv_size": [0.5, 0.5]},
								"west": {"uv": [65, 46], "uv_size": [0.5, 0.5]},
								"up": {"uv": [65, 52], "uv_size": [0.5, 0.5]},
								"down": {"uv": [65, 57.5], "uv_size": [0.5, -0.5]}
							}
						},
						{
							"origin": [-0.75, 7.25, -13.90625],
							"size": [0.375, 0.125, 0.125],
							"uv": {
								"north": {"uv": [64, 50], "uv_size": [0.5, 0.5]},
								"south": {"uv": [52, 64], "uv_size": [0.5, 0.5]},
								"up": {"uv": [54, 64], "uv_size": [0.5, 0.5]},
								"down": {"uv": [64, 55.5], "uv_size": [0.5, -0.5]}
							}
						},
						{
							"origin": [-0.9375, 7.25, -13.90625],
							"size": [0.1875, 0.125, 0.125],
							"pivot": [-0.75, 7.375, -13.90625],
							"rotation": [0, 0, -45],
							"uv": {
								"north": {"uv": [66, 32], "uv_size": [0.5, 0.5]},
								"south": {"uv": [34, 66], "uv_size": [0.5, 0.5]},
								"up": {"uv": [66, 34], "uv_size": [0.5, 0.5]},
								"down": {"uv": [36, 66.5], "uv_size": [0.5, -0.5]}
							}
						},
						{
							"origin": [-1.32008, 7.11742, -13.90625],
							"size": [0.4375, 0.125, 0.125],
							"pivot": [-0.88258, 7.24242, -13.90625],
							"rotation": [0, 0, -90],
							"uv": {
								"north": {"uv": [14, 66], "uv_size": [0.5, 0.5]},
								"south": {"uv": [66, 14], "uv_size": [0.5, 0.5]},
								"up": {"uv": [16, 66], "uv_size": [0.5, 0.5]},
								"down": {"uv": [66, 18.5], "uv_size": [0.5, -0.5]}
							}
						},
						{
							"origin": [-1.07008, 6.67992, -13.90625],
							"size": [0.1875, 0.125, 0.125],
							"pivot": [-0.88258, 6.80492, -13.90625],
							"rotation": [0, 0, -135],
							"uv": {
								"north": {"uv": [66, 2], "uv_size": [0.5, 0.5]},
								"south": {"uv": [66, 4], "uv_size": [0.5, 0.5]},
								"up": {"uv": [66, 6], "uv_size": [0.5, 0.5]},
								"down": {"uv": [66, 8.5], "uv_size": [0.5, -0.5]}
							}
						},
						{
							"origin": [-0.75, 6.67233, -13.90625],
							"size": [1.5, 0.125, 0.125],
							"uv": {
								"north": {"uv": [51, 48], "uv_size": [1.5, 0.5]},
								"south": {"uv": [12, 52], "uv_size": [1.5, 0.5]},
								"up": {"uv": [52, 22], "uv_size": [1.5, 0.5]},
								"down": {"uv": [30, 52.5], "uv_size": [1.5, -0.5]}
							}
						},
						{
							"origin": [0.88258, 6.67992, -13.90625],
							"size": [0.1875, 0.125, 0.125],
							"pivot": [0.88258, 6.80492, -13.90625],
							"rotation": [0, 0, 135],
							"uv": {
								"north": {"uv": [66, 28], "uv_size": [0.5, 0.5]},
								"south": {"uv": [30, 66], "uv_size": [0.5, 0.5]},
								"up": {"uv": [66, 30], "uv_size": [0.5, 0.5]},
								"down": {"uv": [32, 66.5], "uv_size": [0.5, -0.5]}
							}
						},
						{
							"origin": [0.88258, 7.11742, -13.90625],
							"size": [0.4375, 0.125, 0.125],
							"pivot": [0.88258, 7.24242, -13.90625],
							"rotation": [0, 0, 90],
							"uv": {
								"north": {"uv": [56, 64], "uv_size": [0.5, 0.5]},
								"south": {"uv": [58, 64], "uv_size": [0.5, 0.5]},
								"up": {"uv": [64, 62], "uv_size": [0.5, 0.5]},
								"down": {"uv": [64, 64.5], "uv_size": [0.5, -0.5]}
							}
						},
						{
							"origin": [0.75, 7.25, -13.90625],
							"size": [0.1875, 0.125, 0.125],
							"pivot": [0.75, 7.375, -13.90625],
							"rotation": [0, 0, 45],
							"uv": {
								"north": {"uv": [20, 66], "uv_size": [0.5, 0.5]},
								"south": {"uv": [24, 66], "uv_size": [0.5, 0.5]},
								"up": {"uv": [26, 66], "uv_size": [0.5, 0.5]},
								"down": {"uv": [28, 66.5], "uv_size": [0.5, -0.5]}
							}
						},
						{
							"origin": [0.375, 7.25, -13.90625],
							"size": [0.375, 0.125, 0.125],
							"uv": {
								"north": {"uv": [10, 66], "uv_size": [0.5, 0.5]},
								"south": {"uv": [66, 10], "uv_size": [0.5, 0.5]},
								"up": {"uv": [12, 66], "uv_size": [0.5, 0.5]},
								"down": {"uv": [66, 12.5], "uv_size": [0.5, -0.5]}
							}
						}
					]
				},
				{
					"name": "ring2",
					"parent": "ring",
					"pivot": [-0.5, -3.375, 13],
					"cubes": [
						{
							"origin": [-0.4375, 4, 12.25],
							"size": [0.875, 0.1875, 0.1875],
							"pivot": [0, 4.09375, 12.34375],
							"rotation": [-45, 0, 0],
							"uv": {
								"north": {"uv": [57, 40], "uv_size": [1, 0.5]},
								"east": {"uv": [66, 36], "uv_size": [0.5, 0.5]},
								"south": {"uv": [57, 42], "uv_size": [1, 0.5]},
								"west": {"uv": [38, 66], "uv_size": [0.5, 0.5]},
								"up": {"uv": [57, 49], "uv_size": [1, 0.5]},
								"down": {"uv": [57, 56.5], "uv_size": [1, -0.5]}
							}
						},
						{
							"origin": [0.25, 3.6875, 12.1875],
							"size": [0.125, 0.5625, 0.3125],
							"uv": {
								"north": {"uv": [40, 66], "uv_size": [0.5, 0.5]},
								"east": {"uv": [42, 66], "uv_size": [0.5, 0.5]},
								"south": {"uv": [66, 42], "uv_size": [0.5, 0.5]},
								"west": {"uv": [44, 66], "uv_size": [0.5, 0.5]},
								"up": {"uv": [66, 44], "uv_size": [0.5, 0.5]},
								"down": {"uv": [46, 66.5], "uv_size": [0.5, -0.5]}
							}
						},
						{
							"origin": [-0.1875, 3.98632, 12.17928],
							"size": [0.375, 0.625, 0.26563],
							"pivot": [0.1875, 3.98632, 12.17928],
							"rotation": [-2.5, 0, 0],
							"uv": {
								"north": {"uv": [48, 66], "uv_size": [0.5, 0.5]},
								"east": {"uv": [66, 48], "uv_size": [0.5, 0.5]},
								"west": {"uv": [50, 66], "uv_size": [0.5, 0.5]}
							}
						},
						{
							"origin": [-0.75, 3.75, 12.28125],
							"size": [0.375, 0.125, 0.125],
							"uv": {
								"north": {"uv": [66, 50], "uv_size": [0.5, 0.5]},
								"south": {"uv": [52, 66], "uv_size": [0.5, 0.5]},
								"up": {"uv": [54, 66], "uv_size": [0.5, 0.5]},
								"down": {"uv": [66, 54.5], "uv_size": [0.5, -0.5]}
							}
						},
						{
							"origin": [-1.07008, 3.17992, 12.28125],
							"size": [0.1875, 0.125, 0.125],
							"pivot": [-0.88258, 3.30492, 12.28125],
							"rotation": [0, 0, -135],
							"uv": {
								"north": {"uv": [56, 66], "uv_size": [0.5, 0.5]},
								"south": {"uv": [58, 66], "uv_size": [0.5, 0.5]},
								"up": {"uv": [66, 61], "uv_size": [0.5, 0.5]},
								"down": {"uv": [66, 63.5], "uv_size": [0.5, -0.5]}
							}
						},
						{
							"origin": [-1.32008, 3.61742, 12.28125],
							"size": [0.4375, 0.125, 0.125],
							"pivot": [-0.88258, 3.74242, 12.28125],
							"rotation": [0, 0, -90],
							"uv": {
								"north": {"uv": [64, 66], "uv_size": [0.5, 0.5]},
								"south": {"uv": [66, 65], "uv_size": [0.5, 0.5]},
								"up": {"uv": [0, 67], "uv_size": [0.5, 0.5]},
								"down": {"uv": [4, 67.5], "uv_size": [0.5, -0.5]}
							}
						},
						{
							"origin": [0.375, 3.75, 12.28125],
							"size": [0.375, 0.125, 0.125],
							"uv": {
								"north": {"uv": [6, 67], "uv_size": [0.5, 0.5]},
								"south": {"uv": [8, 67], "uv_size": [0.5, 0.5]},
								"up": {"uv": [67, 16], "uv_size": [0.5, 0.5]},
								"down": {"uv": [18, 67.5], "uv_size": [0.5, -0.5]}
							}
						},
						{
							"origin": [-0.75, 3.17233, 12.28125],
							"size": [1.5, 0.125, 0.125],
							"uv": {
								"north": {"uv": [33, 52], "uv_size": [1.5, 0.5]},
								"south": {"uv": [38, 52], "uv_size": [1.5, 0.5]},
								"up": {"uv": [41, 52], "uv_size": [1.5, 0.5]},
								"down": {"uv": [52, 42.5], "uv_size": [1.5, -0.5]}
							}
						},
						{
							"origin": [0.88258, 3.61742, 12.28125],
							"size": [0.4375, 0.125, 0.125],
							"pivot": [0.88258, 3.74242, 12.28125],
							"rotation": [0, 0, 90],
							"uv": {
								"north": {"uv": [67, 20], "uv_size": [0.5, 0.5]},
								"south": {"uv": [22, 67], "uv_size": [0.5, 0.5]},
								"up": {"uv": [67, 22], "uv_size": [0.5, 0.5]},
								"down": {"uv": [67, 24.5], "uv_size": [0.5, -0.5]}
							}
						},
						{
							"origin": [-0.1875, 3.98632, 12.17928],
							"size": [0.375, 0.625, 0.25],
							"pivot": [-0.1875, 3.98632, 12.17928],
							"rotation": [-29.5, 0, 0],
							"uv": {
								"east": {"uv": [67, 26], "uv_size": [0.5, 0.5]},
								"south": {"uv": [67, 38], "uv_size": [0.5, 0.5]},
								"west": {"uv": [67, 40], "uv_size": [0.5, 0.5]},
								"down": {"uv": [67, 46.5], "uv_size": [0.5, -0.5]}
							}
						},
						{
							"origin": [-0.375, 3.6875, 12.1875],
							"size": [0.125, 0.5625, 0.3125],
							"uv": {
								"north": {"uv": [67, 52], "uv_size": [0.5, 0.5]},
								"east": {"uv": [67, 56], "uv_size": [0.5, 0.5]},
								"south": {"uv": [67, 58], "uv_size": [0.5, 0.5]},
								"west": {"uv": [60, 67], "uv_size": [0.5, 0.5]},
								"up": {"uv": [62, 67], "uv_size": [0.5, 0.5]},
								"down": {"uv": [66, 67.5], "uv_size": [0.5, -0.5]}
							}
						},
						{
							"origin": [0.75, 3.75, 12.28125],
							"size": [0.1875, 0.125, 0.125],
							"pivot": [0.75, 3.875, 12.28125],
							"rotation": [0, 0, 45],
							"uv": {
								"north": {"uv": [68, 0], "uv_size": [0.5, 0.5]},
								"south": {"uv": [2, 68], "uv_size": [0.5, 0.5]},
								"up": {"uv": [68, 2], "uv_size": [0.5, 0.5]},
								"down": {"uv": [68, 4.5], "uv_size": [0.5, -0.5]}
							}
						},
						{
							"origin": [0.88258, 3.17992, 12.28125],
							"size": [0.1875, 0.125, 0.125],
							"pivot": [0.88258, 3.30492, 12.28125],
							"rotation": [0, 0, 135],
							"uv": {
								"north": {"uv": [68, 6], "uv_size": [0.5, 0.5]},
								"south": {"uv": [68, 8], "uv_size": [0.5, 0.5]},
								"up": {"uv": [10, 68], "uv_size": [0.5, 0.5]},
								"down": {"uv": [68, 10.5], "uv_size": [0.5, -0.5]}
							}
						},
						{
							"origin": [-0.9375, 3.75, 12.28125],
							"size": [0.1875, 0.125, 0.125],
							"pivot": [-0.75, 3.875, 12.28125],
							"rotation": [0, 0, -45],
							"uv": {
								"north": {"uv": [12, 68], "uv_size": [0.5, 0.5]},
								"south": {"uv": [68, 12], "uv_size": [0.5, 0.5]},
								"up": {"uv": [14, 68], "uv_size": [0.5, 0.5]},
								"down": {"uv": [68, 14.5], "uv_size": [0.5, -0.5]}
							}
						}
					]
				},
				{
					"name": "tube",
					"parent": "gun",
					"pivot": [0, 0, 0]
				},
				{
					"name": "hexadecagon1",
					"parent": "tube",
					"pivot": [0, 9.6875, -7.25],
					"cubes": [
						{
							"origin": [-0.31826, 8.0875, -12.5625],
							"size": [0.63652, 3.2, 11.0625],
							"pivot": [0, 9.6875, -7.25],
							"rotation": [0, 0, -45],
							"uv": {
								"north": {"uv": [18, 45], "uv_size": [0.5, 3]},
								"south": {"uv": [20, 45], "uv_size": [0.5, 3]},
								"up": {"uv": [20, 12], "uv_size": [0.5, 11]},
								"down": {"uv": [17, 31], "uv_size": [0.5, -11]}
							}
						},
						{
							"origin": [-0.31826, 8.0875, -12.5625],
							"size": [0.63652, 3.2, 11.0625],
							"pivot": [0, 9.6875, -7.25],
							"rotation": [0, 0, -22.5],
							"uv": {
								"north": {"uv": [45, 21], "uv_size": [0.5, 3]},
								"south": {"uv": [22, 45], "uv_size": [0.5, 3]},
								"up": {"uv": [0, 22], "uv_size": [0.5, 11]},
								"down": {"uv": [2, 33], "uv_size": [0.5, -11]}
							}
						},
						{
							"origin": [-0.31826, 8.0875, -12.5625],
							"size": [0.63652, 3.2, 11.0625],
							"uv": {
								"north": {"uv": [42, 45], "uv_size": [0.5, 3]},
								"south": {"uv": [10, 46], "uv_size": [0.5, 3]},
								"up": {"uv": [24, 16], "uv_size": [0.5, 11]},
								"down": {"uv": [19, 35], "uv_size": [0.5, -11]}
							}
						},
						{
							"origin": [-0.31826, 8.0875, -12.5625],
							"size": [0.63652, 3.2, 11.0625],
							"pivot": [0, 9.6875, -7.25],
							"rotation": [0, 0, 22.5],
							"uv": {
								"north": {"uv": [30, 45], "uv_size": [0.5, 3]},
								"south": {"uv": [45, 30], "uv_size": [0.5, 3]},
								"up": {"uv": [22, 4], "uv_size": [0.5, 11]},
								"down": {"uv": [22, 27], "uv_size": [0.5, -11]}
							}
						},
						{
							"origin": [-0.31826, 8.0875, -12.5625],
							"size": [0.63652, 3.2, 11.0625],
							"pivot": [0, 9.6875, -7.25],
							"rotation": [0, 0, 45],
							"uv": {
								"north": {"uv": [32, 45], "uv_size": [0.5, 3]},
								"south": {"uv": [34, 45], "uv_size": [0.5, 3]},
								"up": {"uv": [4, 23], "uv_size": [0.5, 11]},
								"down": {"uv": [6, 34], "uv_size": [0.5, -11]}
							}
						},
						{
							"origin": [-1.6, 9.36924, -12.5625],
							"size": [3.2, 0.63652, 11.0625],
							"pivot": [0, 9.6875, -7.25],
							"rotation": [0, 0, -22.5],
							"uv": {
								"north": {"uv": [45, 34], "uv_size": [3, 0.5]},
								"east": {"uv": [24, 4], "uv_size": [11, 0.5]},
								"south": {"uv": [36, 45], "uv_size": [3, 0.5]},
								"west": {"uv": [24, 6], "uv_size": [11, 0.5]}
							}
						},
						{
							"origin": [-1.6, 9.36924, -12.5625],
							"size": [3.2, 0.63652, 11.0625],
							"uv": {
								"north": {"uv": [46, 0], "uv_size": [3, 0.5]},
								"east": {"uv": [24, 8], "uv_size": [11, 0.5]},
								"south": {"uv": [2, 46], "uv_size": [3, 0.5]},
								"west": {"uv": [24, 10], "uv_size": [11, 0.5]}
							}
						},
						{
							"origin": [-1.6, 9.36924, -12.5625],
							"size": [3.2, 0.63652, 11.0625],
							"pivot": [0, 9.6875, -7.25],
							"rotation": [0, 0, 22.5],
							"uv": {
								"north": {"uv": [46, 2], "uv_size": [3, 0.5]},
								"east": {"uv": [24, 12], "uv_size": [11, 0.5]},
								"south": {"uv": [6, 46], "uv_size": [3, 0.5]},
								"west": {"uv": [24, 14], "uv_size": [11, 0.5]}
							}
						}
					]
				},
				{
					"name": "hexadecagon4",
					"parent": "tube",
					"pivot": [0, 9.6875, -2.5],
					"cubes": [
						{
							"origin": [-0.35804, 11.87983, -2.57621],
							"size": [0.71608, 0.1998, 0.37102],
							"pivot": [0, 10.47983, -3.20519],
							"rotation": [-32.65, 0, 0],
							"uv": {
								"up": {"uv": [34, 70], "uv_size": [0.5, 0.5]}
							}
						},
						{
							"origin": [-0.66126, 11.81952, -2.57621],
							"size": [0.71608, 0.1998, 0.37102],
							"pivot": [-0.30321, 10.41952, -3.20519],
							"rotation": [-32.65, 0, -22.5],
							"uv": {
								"up": {"uv": [70, 34], "uv_size": [0.5, 0.5]}
							}
						},
						{
							"origin": [-0.91831, 11.64777, -2.57621],
							"size": [0.71608, 0.1998, 0.37102],
							"pivot": [-0.56027, 10.24777, -3.20519],
							"rotation": [-32.65, 0, -45],
							"uv": {
								"up": {"uv": [61, 40], "uv_size": [0.5, 0.5]}
							}
						},
						{
							"origin": [-1.09006, 11.39071, -2.57621],
							"size": [0.71608, 0.1998, 0.37102],
							"pivot": [-0.73202, 9.99071, -3.20519],
							"rotation": [-32.65, 0, -67.5],
							"uv": {
								"up": {"uv": [61, 47], "uv_size": [0.5, 0.5]}
							}
						},
						{
							"origin": [-1.15038, 11.0875, -2.57621],
							"size": [0.71608, 0.1998, 0.37102],
							"pivot": [-0.79233, 9.6875, -3.20519],
							"rotation": [-32.65, 0, -90],
							"uv": {
								"up": {"uv": [36, 70], "uv_size": [0.5, 0.5]}
							}
						},
						{
							"origin": [-1.09006, 10.78429, -2.57621],
							"size": [0.71608, 0.1998, 0.37102],
							"pivot": [-0.73202, 9.38429, -3.20519],
							"rotation": [-32.65, 0, -112.5],
							"uv": {
								"up": {"uv": [70, 36], "uv_size": [0.5, 0.5]}
							}
						},
						{
							"origin": [-0.91831, 10.52723, -2.57621],
							"size": [0.71608, 0.1998, 0.37102],
							"pivot": [-0.56027, 9.12723, -3.20519],
							"rotation": [-32.65, 0, -135],
							"uv": {
								"up": {"uv": [38, 70], "uv_size": [0.5, 0.5]}
							}
						},
						{
							"origin": [-0.66126, 10.35548, -2.57621],
							"size": [0.71608, 0.1998, 0.37102],
							"pivot": [-0.30321, 8.95548, -3.20519],
							"rotation": [-32.65, 0, -157.5],
							"uv": {
								"up": {"uv": [40, 70], "uv_size": [0.5, 0.5]}
							}
						},
						{
							"origin": [-0.35804, 10.29517, -2.57621],
							"size": [0.71608, 0.1998, 0.37102],
							"pivot": [0, 8.89517, -3.20519],
							"rotation": [-32.65, 0, -180],
							"uv": {
								"up": {"uv": [42, 70], "uv_size": [0.5, 0.5]}
							}
						},
						{
							"origin": [-0.05483, 10.35548, -2.57621],
							"size": [0.71608, 0.1998, 0.37102],
							"pivot": [0.30321, 8.95548, -3.20519],
							"rotation": [-32.65, 0, 157.5],
							"uv": {
								"up": {"uv": [70, 42], "uv_size": [0.5, 0.5]}
							}
						},
						{
							"origin": [0.20222, 10.52723, -2.57621],
							"size": [0.71608, 0.1998, 0.37102],
							"pivot": [0.56027, 9.12723, -3.20519],
							"rotation": [-32.65, 0, 135],
							"uv": {
								"up": {"uv": [44, 70], "uv_size": [0.5, 0.5]}
							}
						},
						{
							"origin": [0.37398, 10.78429, -2.57621],
							"size": [0.71608, 0.1998, 0.37102],
							"pivot": [0.73202, 9.38429, -3.20519],
							"rotation": [-32.65, 0, 112.5],
							"uv": {
								"up": {"uv": [70, 44], "uv_size": [0.5, 0.5]}
							}
						},
						{
							"origin": [0.43429, 11.0875, -2.57621],
							"size": [0.71608, 0.1998, 0.37102],
							"pivot": [0.79233, 9.6875, -3.20519],
							"rotation": [-32.65, 0, 90],
							"uv": {
								"up": {"uv": [46, 70], "uv_size": [0.5, 0.5]}
							}
						},
						{
							"origin": [0.37398, 11.39071, -2.57621],
							"size": [0.71608, 0.1998, 0.37102],
							"pivot": [0.73202, 9.99071, -3.20519],
							"rotation": [-32.65, 0, 67.5],
							"uv": {
								"up": {"uv": [48, 70], "uv_size": [0.5, 0.5]}
							}
						},
						{
							"origin": [0.20222, 11.64777, -2.57621],
							"size": [0.71608, 0.1998, 0.37102],
							"pivot": [0.56027, 10.24777, -3.20519],
							"rotation": [-32.65, 0, 45],
							"uv": {
								"up": {"uv": [70, 48], "uv_size": [0.5, 0.5]}
							}
						},
						{
							"origin": [-0.05483, 11.81952, -2.57621],
							"size": [0.71608, 0.1998, 0.37102],
							"pivot": [0.30321, 10.41952, -3.20519],
							"rotation": [-32.65, 0, 22.5],
							"uv": {
								"up": {"uv": [50, 70], "uv_size": [0.5, 0.5]}
							}
						}
					]
				},
				{
					"name": "hexadecagon5",
					"parent": "tube",
					"pivot": [0, 9.6875, -13.25],
					"cubes": [
						{
							"origin": [-0.35804, 11.87983, -13.32621],
							"size": [0.71608, 0.1998, 0.37102],
							"pivot": [0, 10.47983, -13.95519],
							"rotation": [-32.65, 0, 0],
							"uv": {
								"up": {"uv": [70, 50], "uv_size": [0.5, 0.5]}
							}
						},
						{
							"origin": [-0.66126, 11.81952, -13.32621],
							"size": [0.71608, 0.1998, 0.37102],
							"pivot": [-0.30321, 10.41952, -13.95519],
							"rotation": [-32.65, 0, -22.5],
							"uv": {
								"up": {"uv": [52, 70], "uv_size": [0.5, 0.5]}
							}
						},
						{
							"origin": [-0.91831, 11.64777, -13.32621],
							"size": [0.71608, 0.1998, 0.37102],
							"pivot": [-0.56027, 10.24777, -13.95519],
							"rotation": [-32.65, 0, -45],
							"uv": {
								"up": {"uv": [54, 70], "uv_size": [0.5, 0.5]}
							}
						},
						{
							"origin": [-1.09006, 11.39071, -13.32621],
							"size": [0.71608, 0.1998, 0.37102],
							"pivot": [-0.73202, 9.99071, -13.95519],
							"rotation": [-32.65, 0, -67.5],
							"uv": {
								"up": {"uv": [70, 54], "uv_size": [0.5, 0.5]}
							}
						},
						{
							"origin": [-1.15038, 11.0875, -13.32621],
							"size": [0.71608, 0.1998, 0.37102],
							"pivot": [-0.79233, 9.6875, -13.95519],
							"rotation": [-32.65, 0, -90],
							"uv": {
								"up": {"uv": [56, 70], "uv_size": [0.5, 0.5]}
							}
						},
						{
							"origin": [-1.09006, 10.78429, -13.32621],
							"size": [0.71608, 0.1998, 0.37102],
							"pivot": [-0.73202, 9.38429, -13.95519],
							"rotation": [-32.65, 0, -112.5],
							"uv": {
								"up": {"uv": [58, 70], "uv_size": [0.5, 0.5]}
							}
						},
						{
							"origin": [-0.91831, 10.52723, -13.32621],
							"size": [0.71608, 0.1998, 0.37102],
							"pivot": [-0.56027, 9.12723, -13.95519],
							"rotation": [-32.65, 0, -135],
							"uv": {
								"up": {"uv": [70, 60], "uv_size": [0.5, 0.5]}
							}
						},
						{
							"origin": [-0.66126, 10.35548, -13.32621],
							"size": [0.71608, 0.1998, 0.37102],
							"pivot": [-0.30321, 8.95548, -13.95519],
							"rotation": [-32.65, 0, -157.5],
							"uv": {
								"up": {"uv": [70, 62], "uv_size": [0.5, 0.5]}
							}
						},
						{
							"origin": [-0.35804, 10.29517, -13.32621],
							"size": [0.71608, 0.1998, 0.37102],
							"pivot": [0, 8.89517, -13.95519],
							"rotation": [-32.65, 0, -180],
							"uv": {
								"up": {"uv": [64, 70], "uv_size": [0.5, 0.5]}
							}
						},
						{
							"origin": [-0.05483, 10.35548, -13.32621],
							"size": [0.71608, 0.1998, 0.37102],
							"pivot": [0.30321, 8.95548, -13.95519],
							"rotation": [-32.65, 0, 157.5],
							"uv": {
								"up": {"uv": [70, 64], "uv_size": [0.5, 0.5]}
							}
						},
						{
							"origin": [0.20222, 10.52723, -13.32621],
							"size": [0.71608, 0.1998, 0.37102],
							"pivot": [0.56027, 9.12723, -13.95519],
							"rotation": [-32.65, 0, 135],
							"uv": {
								"up": {"uv": [70, 66], "uv_size": [0.5, 0.5]}
							}
						},
						{
							"origin": [0.37398, 10.78429, -13.32621],
							"size": [0.71608, 0.1998, 0.37102],
							"pivot": [0.73202, 9.38429, -13.95519],
							"rotation": [-32.65, 0, 112.5],
							"uv": {
								"up": {"uv": [68, 70], "uv_size": [0.5, 0.5]}
							}
						},
						{
							"origin": [0.43429, 11.0875, -13.32621],
							"size": [0.71608, 0.1998, 0.37102],
							"pivot": [0.79233, 9.6875, -13.95519],
							"rotation": [-32.65, 0, 90],
							"uv": {
								"up": {"uv": [70, 68], "uv_size": [0.5, 0.5]}
							}
						},
						{
							"origin": [0.37398, 11.39071, -13.32621],
							"size": [0.71608, 0.1998, 0.37102],
							"pivot": [0.73202, 9.99071, -13.95519],
							"rotation": [-32.65, 0, 67.5],
							"uv": {
								"up": {"uv": [70, 70], "uv_size": [0.5, 0.5]}
							}
						},
						{
							"origin": [0.20222, 11.64777, -13.32621],
							"size": [0.71608, 0.1998, 0.37102],
							"pivot": [0.56027, 10.24777, -13.95519],
							"rotation": [-32.65, 0, 45],
							"uv": {
								"up": {"uv": [0, 71], "uv_size": [0.5, 0.5]}
							}
						},
						{
							"origin": [-0.05483, 11.81952, -13.32621],
							"size": [0.71608, 0.1998, 0.37102],
							"pivot": [0.30321, 10.41952, -13.95519],
							"rotation": [-32.65, 0, 22.5],
							"uv": {
								"up": {"uv": [4, 71], "uv_size": [0.5, 0.5]}
							}
						}
					]
				},
				{
					"name": "hexadecagon2",
					"parent": "tube",
					"pivot": [0, 9.6875, -2.5],
					"cubes": [
						{
							"origin": [-0.35804, 7.8875, -3.375],
							"size": [0.71608, 3.6, 1.5625],
							"pivot": [0, 9.6875, -2.5],
							"rotation": [0, 0, -45],
							"uv": {
								"north": {"uv": [43, 21], "uv_size": [0.5, 3.5]},
								"up": {"uv": [26, 49], "uv_size": [0.5, 1.5]},
								"down": {"uv": [49, 28.5], "uv_size": [0.5, -1.5]}
							}
						},
						{
							"origin": [-0.35804, 7.8875, -3.375],
							"size": [0.71608, 3.6, 1.5625],
							"pivot": [0, 9.6875, -2.5],
							"rotation": [0, 0, -22.5],
							"uv": {
								"north": {"uv": [24, 43], "uv_size": [0.5, 3.5]},
								"up": {"uv": [30, 49], "uv_size": [0.5, 1.5]},
								"down": {"uv": [49, 31.5], "uv_size": [0.5, -1.5]}
							}
						},
						{
							"origin": [-0.35804, 7.8875, -3.375],
							"size": [0.71608, 3.6, 1.5625],
							"uv": {
								"north": {"uv": [28, 43], "uv_size": [0.5, 3.5]},
								"up": {"uv": [32, 49], "uv_size": [0.5, 1.5]},
								"down": {"uv": [49, 34.5], "uv_size": [0.5, -1.5]}
							}
						},
						{
							"origin": [-0.35804, 7.8875, -3.375],
							"size": [0.71608, 3.6, 1.5625],
							"pivot": [0, 9.6875, -2.5],
							"rotation": [0, 0, 22.5],
							"uv": {
								"north": {"uv": [43, 30], "uv_size": [0.5, 3.5]},
								"up": {"uv": [34, 49], "uv_size": [0.5, 1.5]},
								"down": {"uv": [49, 37.5], "uv_size": [0.5, -1.5]}
							}
						},
						{
							"origin": [-0.35804, 7.8875, -3.375],
							"size": [0.71608, 3.6, 1.5625],
							"pivot": [0, 9.6875, -2.5],
							"rotation": [0, 0, 45],
							"uv": {
								"north": {"uv": [44, 0], "uv_size": [0.5, 3.5]},
								"up": {"uv": [49, 39], "uv_size": [0.5, 1.5]},
								"down": {"uv": [42, 50.5], "uv_size": [0.5, -1.5]}
							}
						},
						{
							"origin": [-1.8, 9.32946, -3.375],
							"size": [3.6, 0.71608, 1.5625],
							"pivot": [0, 9.6875, -2.5],
							"rotation": [0, 0, -22.5],
							"uv": {
								"north": {"uv": [3, 44], "uv_size": [3.5, 0.5]},
								"east": {"uv": [49, 23], "uv_size": [1.5, 0.5]},
								"west": {"uv": [49, 42], "uv_size": [1.5, 0.5]}
							}
						},
						{
							"origin": [-1.8, 9.32946, -3.375],
							"size": [3.6, 0.71608, 1.5625],
							"uv": {
								"north": {"uv": [44, 5], "uv_size": [3.5, 0.5]},
								"east": {"uv": [49, 44], "uv_size": [1.5, 0.5]},
								"west": {"uv": [50, 0], "uv_size": [1.5, 0.5]}
							}
						},
						{
							"origin": [-1.8, 9.32946, -3.375],
							"size": [3.6, 0.71608, 1.5625],
							"pivot": [0, 9.6875, -2.5],
							"rotation": [0, 0, 22.5],
							"uv": {
								"north": {"uv": [44, 7], "uv_size": [3.5, 0.5]},
								"east": {"uv": [50, 2], "uv_size": [1.5, 0.5]},
								"west": {"uv": [10, 50], "uv_size": [1.5, 0.5]}
							}
						}
					]
				},
				{
					"name": "hexadecagon3",
					"parent": "tube",
					"pivot": [0, 9.6875, -13.5],
					"cubes": [
						{
							"origin": [-0.35804, 11.1375, -19.8125],
							"size": [0.71608, 0.35, 7.25],
							"pivot": [0, 9.6875, -13.5],
							"rotation": [0, 0, -45],
							"uv": {
								"north": {"uv": [8, 59], "uv_size": [0.5, 0.5]},
								"up": {"uv": [13, 30], "uv_size": [0.5, 7.5]},
								"down": {"uv": [15, 37.5], "uv_size": [0.5, -7.5]}
							}
						},
						{
							"origin": [-0.35804, 11.1375, -19.8125],
							"size": [0.71608, 0.35, 7.25],
							"pivot": [0, 9.6875, -13.5],
							"rotation": [0, 0, -22.5],
							"uv": {
								"north": {"uv": [59, 16], "uv_size": [0.5, 0.5]},
								"up": {"uv": [30, 30], "uv_size": [0.5, 7.5]},
								"down": {"uv": [8, 38.5], "uv_size": [0.5, -7.5]}
							}
						},
						{
							"origin": [-0.35804, 11.1375, -19.8125],
							"size": [0.71608, 0.35, 7.25],
							"uv": {
								"north": {"uv": [18, 59], "uv_size": [0.5, 0.5]},
								"up": {"uv": [17, 32], "uv_size": [0.5, 7.5]},
								"down": {"uv": [21, 39.5], "uv_size": [0.5, -7.5]}
							}
						},
						{
							"origin": [-0.35804, 11.1375, -19.8125],
							"size": [0.71608, 0.35, 7.25],
							"pivot": [0, 9.6875, -13.5],
							"rotation": [0, 0, 22.5],
							"uv": {
								"north": {"uv": [59, 20], "uv_size": [0.5, 0.5]},
								"up": {"uv": [23, 32], "uv_size": [0.5, 7.5]},
								"down": {"uv": [25, 39.5], "uv_size": [0.5, -7.5]}
							}
						},
						{
							"origin": [-0.35804, 11.1375, -19.8125],
							"size": [0.71608, 0.35, 7.25],
							"pivot": [0, 9.6875, -13.5],
							"rotation": [0, 0, 45],
							"uv": {
								"north": {"uv": [59, 22], "uv_size": [0.5, 0.5]},
								"up": {"uv": [27, 32], "uv_size": [0.5, 7.5]},
								"down": {"uv": [32, 37.5], "uv_size": [0.5, -7.5]}
							}
						},
						{
							"origin": [1.45, 9.32946, -19.8125],
							"size": [0.35, 0.71608, 7.25],
							"pivot": [0, 9.6875, -13.5],
							"rotation": [0, 0, -22.5],
							"uv": {
								"north": {"uv": [23, 59], "uv_size": [0.5, 0.5]},
								"east": {"uv": [31, 26], "uv_size": [7.5, 0.5]},
								"west": {"uv": [32, 0], "uv_size": [7.5, 0.5]}
							}
						},
						{
							"origin": [1.45, 9.32946, -19.8125],
							"size": [0.35, 0.71608, 7.25],
							"uv": {
								"north": {"uv": [59, 24], "uv_size": [0.5, 0.5]},
								"east": {"uv": [32, 2], "uv_size": [7.5, 0.5]},
								"west": {"uv": [32, 20], "uv_size": [7.5, 0.5]}
							}
						},
						{
							"origin": [-1.8, 9.32946, -19.8125],
							"size": [0.35, 0.71608, 7.25],
							"pivot": [0, 9.6875, -13.5],
							"rotation": [0, 0, 22.5],
							"uv": {
								"north": {"uv": [59, 26], "uv_size": [0.5, 0.5]},
								"east": {"uv": [32, 22], "uv_size": [7.5, 0.5]},
								"west": {"uv": [32, 24], "uv_size": [7.5, 0.5]}
							}
						},
						{
							"origin": [1.45, 9.32946, -19.8125],
							"size": [0.35, 0.71608, 7.25],
							"pivot": [0, 9.6875, -13.5],
							"rotation": [0, 0, 22.5],
							"uv": {
								"north": {"uv": [30, 68], "uv_size": [0.5, 0.5]},
								"east": {"uv": [36, 13], "uv_size": [7.5, 0.5]},
								"west": {"uv": [37, 15], "uv_size": [7.5, 0.5]}
							}
						},
						{
							"origin": [-0.35804, 7.8875, -19.8125],
							"size": [0.71608, 0.35, 7.25],
							"pivot": [0, 9.6875, -13.5],
							"rotation": [0, 0, -45],
							"uv": {
								"north": {"uv": [68, 28], "uv_size": [0.5, 0.5]},
								"up": {"uv": [10, 37], "uv_size": [0.5, 7.5]},
								"down": {"uv": [38, 11.5], "uv_size": [0.5, -7.5]}
							}
						},
						{
							"origin": [-0.35804, 7.8875, -19.8125],
							"size": [0.71608, 0.35, 7.25],
							"pivot": [0, 9.6875, -13.5],
							"rotation": [0, 0, -22.5],
							"uv": {
								"north": {"uv": [28, 68], "uv_size": [0.5, 0.5]},
								"up": {"uv": [34, 36], "uv_size": [0.5, 7.5]},
								"down": {"uv": [36, 43.5], "uv_size": [0.5, -7.5]}
							}
						},
						{
							"origin": [-0.35804, 7.8875, -19.8125],
							"size": [0.71608, 0.35, 7.25],
							"uv": {
								"north": {"uv": [26, 68], "uv_size": [0.5, 0.5]},
								"up": {"uv": [36, 4], "uv_size": [0.5, 7.5]},
								"down": {"uv": [19, 43.5], "uv_size": [0.5, -7.5]}
							}
						},
						{
							"origin": [-0.35804, 7.8875, -19.8125],
							"size": [0.71608, 0.35, 7.25],
							"pivot": [0, 9.6875, -13.5],
							"rotation": [0, 0, 22.5],
							"uv": {
								"north": {"uv": [24, 68], "uv_size": [0.5, 0.5]},
								"up": {"uv": [4, 35], "uv_size": [0.5, 7.5]},
								"down": {"uv": [6, 42.5], "uv_size": [0.5, -7.5]}
							}
						},
						{
							"origin": [-0.35804, 7.8875, -19.8125],
							"size": [0.71608, 0.35, 7.25],
							"pivot": [0, 9.6875, -13.5],
							"rotation": [0, 0, 45],
							"uv": {
								"north": {"uv": [20, 68], "uv_size": [0.5, 0.5]},
								"up": {"uv": [0, 34], "uv_size": [0.5, 7.5]},
								"down": {"uv": [2, 41.5], "uv_size": [0.5, -7.5]}
							}
						},
						{
							"origin": [-1.8, 9.32946, -19.8125],
							"size": [0.35, 0.71608, 7.25],
							"pivot": [0, 9.6875, -13.5],
							"rotation": [0, 0, -22.5],
							"uv": {
								"north": {"uv": [68, 18], "uv_size": [0.5, 0.5]},
								"east": {"uv": [34, 34], "uv_size": [7.5, 0.5]},
								"west": {"uv": [35, 28], "uv_size": [7.5, 0.5]}
							}
						},
						{
							"origin": [-1.8, 9.32946, -19.8125],
							"size": [0.35, 0.71608, 7.25],
							"uv": {
								"north": {"uv": [16, 68], "uv_size": [0.5, 0.5]},
								"east": {"uv": [34, 30], "uv_size": [7.5, 0.5]},
								"west": {"uv": [34, 32], "uv_size": [7.5, 0.5]}
							}
						}
					]
				},
				{
					"name": "sight1",
					"parent": "tube",
					"pivot": [0, 0, 0],
					"cubes": [
						{
							"origin": [-0.5, 11.1875, -19.75],
							"size": [1, 0.5, 6.875],
							"uv": {
								"north": {"uv": [54, 6], "uv_size": [1, 0.5]},
								"east": {"uv": [37, 17], "uv_size": [7, 0.5]},
								"west": {"uv": [38, 36], "uv_size": [7, 0.5]},
								"up": {"uv": [18, 12], "uv_size": [1, 7]}
							}
						},
						{
							"origin": [-0.5, 11.1875, -12.875],
							"size": [1, 0.5, 0.40625],
							"pivot": [-0.5, 11.6875, -12.875],
							"rotation": [-40, 0, 0],
							"uv": {
								"east": {"uv": [16, 60], "uv_size": [0.5, 0.5]},
								"west": {"uv": [60, 18], "uv_size": [0.5, 0.5]},
								"up": {"uv": [36, 54], "uv_size": [1, 0.5]}
							}
						},
						{
							"origin": [-0.3125, 11.48438, -3.3125],
							"size": [0.625, 0.1, 1.375],
							"uv": {
								"north": {"uv": [59, 39], "uv_size": [0.5, 0.5]},
								"east": {"uv": [13, 50], "uv_size": [1.5, 0.5]},
								"south": {"uv": [59, 41], "uv_size": [0.5, 0.5]},
								"west": {"uv": [50, 13], "uv_size": [1.5, 0.5]},
								"up": {"uv": [44, 49], "uv_size": [0.5, 1.5]}
							}
						},
						{
							"origin": [-0.09375, 11.29688, -5.90625],
							"size": [0.1875, 0.3125, 0.1875],
							"pivot": [0, 11.54688, -5.8125],
							"rotation": [0, -45, 0],
							"uv": {
								"north": {"uv": [57, 60], "uv_size": [0.5, 0.5]},
								"east": {"uv": [60, 57], "uv_size": [0.5, 0.5]},
								"south": {"uv": [59, 60], "uv_size": [0.5, 0.5]},
								"west": {"uv": [0, 61], "uv_size": [0.5, 0.5]},
								"up": {"uv": [4, 61], "uv_size": [0.5, 0.5]}
							}
						},
						{
							"origin": [-0.09375, 11.67188, -19.34375],
							"size": [0.1875, 0.3125, 0.1875],
							"pivot": [0, 11.98438, -19.25],
							"rotation": [0, -45, 0],
							"uv": {
								"north": {"uv": [6, 61], "uv_size": [0.5, 0.5]},
								"east": {"uv": [8, 61], "uv_size": [0.5, 0.5]},
								"south": {"uv": [61, 16], "uv_size": [0.5, 0.5]},
								"west": {"uv": [18, 61], "uv_size": [0.5, 0.5]}
							}
						},
						{
							"origin": [-0.3125, 11.51563, -2.4375],
							"size": [0.625, 0.25, 0.25],
							"pivot": [0, 11.64063, -2.3125],
							"rotation": [-45, 0, 0],
							"uv": {
								"north": {"uv": [20, 60], "uv_size": [0.5, 0.5]},
								"east": {"uv": [25, 60], "uv_size": [0.5, 0.5]},
								"west": {"uv": [27, 60], "uv_size": [0.5, 0.5]},
								"up": {"uv": [60, 28], "uv_size": [0.5, 0.5]}
							}
						},
						{
							"origin": [-0.3125, 11.58438, -2.48928],
							"size": [0.625, 0.05625, 0.35355],
							"uv": {
								"north": {"uv": [29, 60], "uv_size": [0.5, 0.5]},
								"east": {"uv": [60, 30], "uv_size": [0.5, 0.5]},
								"south": {"uv": [31, 60], "uv_size": [0.5, 0.5]},
								"west": {"uv": [60, 32], "uv_size": [0.5, 0.5]}
							}
						},
						{
							"origin": [-0.02367, 11.94554, -19.4375],
							"size": [0.3125, 0.3125, 0.375],
							"pivot": [0, 12.23438, -19.25],
							"rotation": [0, 0, 45],
							"uv": {
								"north": {"uv": [61, 20], "uv_size": [0.5, 0.5]},
								"east": {"uv": [22, 61], "uv_size": [0.5, 0.5]},
								"south": {"uv": [61, 22], "uv_size": [0.5, 0.5]},
								"west": {"uv": [61, 24], "uv_size": [0.5, 0.5]},
								"up": {"uv": [61, 26], "uv_size": [0.5, 0.5]},
								"down": {"uv": [61, 38.5], "uv_size": [0.5, -0.5]}
							}
						},
						{
							"origin": [-2.05, 9.45446, -14.375],
							"size": [4.1, 0.46608, 1],
							"uv": {
								"north": {"uv": [21, 41], "uv_size": [4, 0.5]},
								"east": {"uv": [44, 54], "uv_size": [1, 0.5]},
								"south": {"uv": [42, 40], "uv_size": [4, 0.5]},
								"west": {"uv": [46, 54], "uv_size": [1, 0.5]},
								"up": {"uv": [26, 26], "uv_size": [4, 1]},
								"down": {"uv": [21, 29], "uv_size": [4, -1]}
							}
						},
						{
							"origin": [-0.09375, 11.23438, -5.90625],
							"size": [0.1875, 0.375, 0.1875],
							"pivot": [0, 11.54688, -5.8125],
							"rotation": [0, 45, 0],
							"uv": {
								"up": {"uv": [61, 54], "uv_size": [0.5, 0.5]}
							}
						}
					]
				},
				{
					"name": "sight",
					"parent": "sight1",
					"pivot": [0, 11.64063, -2.3125],
					"cubes": [
						{
							"origin": [0.1875, 11.57813, -5.9375],
							"size": [0.125, 0.125, 3.625],
							"pivot": [0, 11.64063, -2.3125],
							"rotation": [-90, 0, 0],
							"uv": {
								"north": {"uv": [33, 60], "uv_size": [0.5, 0.5]},
								"east": {"uv": [44, 28], "uv_size": [3.5, 0.5]},
								"west": {"uv": [44, 42], "uv_size": [3.5, 0.5]},
								"up": {"uv": [26, 44], "uv_size": [0.5, 3.5]},
								"down": {"uv": [44, 47.5], "uv_size": [0.5, -3.5]}
							}
						},
						{
							"origin": [-0.3125, 11.57813, -5.9375],
							"size": [0.125, 0.125, 3.625],
							"pivot": [0, 11.64063, -2.3125],
							"rotation": [-90, 0, 0],
							"uv": {
								"north": {"uv": [60, 34], "uv_size": [0.5, 0.5]},
								"east": {"uv": [45, 13], "uv_size": [3.5, 0.5]},
								"west": {"uv": [45, 17], "uv_size": [3.5, 0.5]},
								"up": {"uv": [0, 45], "uv_size": [0.5, 3.5]},
								"down": {"uv": [12, 48.5], "uv_size": [0.5, -3.5]}
							}
						},
						{
							"origin": [-0.375, 8.98438, -5.9375],
							"size": [0.75, 0.1875, 0.25],
							"pivot": [0, 9.07813, -2.3125],
							"rotation": [-90, 0, 0],
							"uv": {
								"north": {"uv": [38, 54], "uv_size": [1, 0.5]},
								"east": {"uv": [41, 60], "uv_size": [0.5, 0.5]},
								"south": {"uv": [54, 39], "uv_size": [1, 0.5]},
								"west": {"uv": [43, 60], "uv_size": [0.5, 0.5]},
								"up": {"uv": [40, 54], "uv_size": [1, 0.5]},
								"down": {"uv": [42, 54.5], "uv_size": [1, -0.5]}
							}
						},
						{
							"origin": [0.0625, 9.23438, -5.75],
							"size": [0.3125, 0.1875, 0.0625],
							"pivot": [0, 9.32813, -2.3125],
							"rotation": [-90, 0, 0],
							"uv": {
								"north": {"uv": [60, 43], "uv_size": [0.5, 0.5]},
								"east": {"uv": [45, 60], "uv_size": [0.5, 0.5]},
								"west": {"uv": [60, 45], "uv_size": [0.5, 0.5]},
								"up": {"uv": [47, 60], "uv_size": [0.5, 0.5]},
								"down": {"uv": [49, 60.5], "uv_size": [0.5, -0.5]}
							}
						},
						{
							"origin": [-0.375, 9.23438, -5.75],
							"size": [0.3125, 0.1875, 0.0625],
							"pivot": [0, 9.32813, -2.3125],
							"rotation": [-90, 0, 0],
							"uv": {
								"north": {"uv": [60, 50], "uv_size": [0.5, 0.5]},
								"east": {"uv": [51, 60], "uv_size": [0.5, 0.5]},
								"west": {"uv": [60, 52], "uv_size": [0.5, 0.5]},
								"up": {"uv": [53, 60], "uv_size": [0.5, 0.5]},
								"down": {"uv": [55, 60.5], "uv_size": [0.5, -0.5]}
							}
						},
						{
							"origin": [-0.1875, 11.57813, -5.9375],
							"size": [0.375, 0.125, 0.25],
							"pivot": [0, 11.64063, -2.3125],
							"rotation": [-90, 0, 0],
							"uv": {
								"north": {"uv": [35, 60], "uv_size": [0.5, 0.5]},
								"south": {"uv": [60, 36], "uv_size": [0.5, 0.5]},
								"up": {"uv": [37, 60], "uv_size": [0.5, 0.5]},
								"down": {"uv": [39, 60.5], "uv_size": [0.5, -0.5]}
							}
						}
					]
				},
				{
					"name": "mount",
					"parent": "sight1",
					"pivot": [-0.00638, 11.74938, -5.94021],
					"cubes": [
						{
							"origin": [-0.38138, 11.48438, -10.06521],
							"size": [0.75, 0.25, 8.25],
							"uv": {
								"north": {"uv": [58, 0], "uv_size": [1, 0.5]},
								"east": {"uv": [26, 28], "uv_size": [8, 0.5]},
								"south": {"uv": [2, 58], "uv_size": [1, 0.5]},
								"west": {"uv": [21, 30], "uv_size": [8, 0.5]},
								"down": {"uv": [8, 24], "uv_size": [1, -8]}
							}
						},
						{
							"origin": [-0.37068, 11.60463, -10.06521],
							"size": [0.177, 0.177, 1],
							"pivot": [-0.38138, 11.59393, -12.69021],
							"rotation": [0, 0, -45],
							"uv": {
								"north": {"uv": [46, 68], "uv_size": [0.5, 0.5]},
								"east": {"uv": [58, 2], "uv_size": [1, 0.5]},
								"south": {"uv": [48, 68], "uv_size": [0.5, 0.5]},
								"up": {"uv": [58, 4], "uv_size": [0.5, 1]}
							}
						},
						{
							"origin": [0.18092, 11.60463, -10.06521],
							"size": [0.177, 0.177, 1],
							"pivot": [0.36862, 11.59393, -12.69021],
							"rotation": [0, 0, 45],
							"uv": {
								"north": {"uv": [68, 48], "uv_size": [0.5, 0.5]},
								"south": {"uv": [50, 68], "uv_size": [0.5, 0.5]},
								"west": {"uv": [58, 6], "uv_size": [1, 0.5]},
								"up": {"uv": [58, 8], "uv_size": [0.5, 1]}
							}
						},
						{
							"origin": [-0.38138, 11.73438, -10.06521],
							"size": [0.75, 0.125, 1],
							"uv": {
								"north": {"uv": [10, 58], "uv_size": [1, 0.5]},
								"south": {"uv": [58, 10], "uv_size": [1, 0.5]},
								"up": {"uv": [49, 19], "uv_size": [1, 1]}
							}
						},
						{
							"origin": [-0.37068, 11.60463, -8.31521],
							"size": [0.177, 0.177, 1.25],
							"pivot": [-0.38138, 11.59393, -10.44021],
							"rotation": [0, 0, -45],
							"uv": {
								"north": {"uv": [68, 50], "uv_size": [0.5, 0.5]},
								"east": {"uv": [12, 58], "uv_size": [1, 0.5]},
								"south": {"uv": [52, 68], "uv_size": [0.5, 0.5]},
								"up": {"uv": [58, 12], "uv_size": [0.5, 1]}
							}
						},
						{
							"origin": [0.18092, 11.60463, -8.31521],
							"size": [0.177, 0.177, 1.25],
							"pivot": [0.36862, 11.59393, -10.44021],
							"rotation": [0, 0, 45],
							"uv": {
								"north": {"uv": [54, 68], "uv_size": [0.5, 0.5]},
								"south": {"uv": [68, 54], "uv_size": [0.5, 0.5]},
								"west": {"uv": [14, 58], "uv_size": [1, 0.5]},
								"up": {"uv": [58, 14], "uv_size": [0.5, 1]}
							}
						},
						{
							"origin": [-0.38138, 11.73438, -8.81521],
							"size": [0.75, 0.125, 0.25],
							"uv": {
								"north": {"uv": [16, 58], "uv_size": [1, 0.5]},
								"south": {"uv": [58, 18], "uv_size": [1, 0.5]},
								"up": {"uv": [21, 58], "uv_size": [1, 0.5]}
							}
						},
						{
							"origin": [0.18092, 11.60463, -8.81521],
							"size": [0.177, 0.177, 0.25],
							"pivot": [0.36862, 11.59393, -11.94021],
							"rotation": [0, 0, 45],
							"uv": {
								"north": {"uv": [56, 68], "uv_size": [0.5, 0.5]},
								"south": {"uv": [58, 68], "uv_size": [0.5, 0.5]},
								"west": {"uv": [68, 60], "uv_size": [0.5, 0.5]},
								"up": {"uv": [68, 62], "uv_size": [0.5, 0.5]}
							}
						},
						{
							"origin": [-0.37068, 11.60463, -8.81521],
							"size": [0.177, 0.177, 0.25],
							"pivot": [-0.38138, 11.59393, -11.94021],
							"rotation": [0, 0, -45],
							"uv": {
								"north": {"uv": [64, 68], "uv_size": [0.5, 0.5]},
								"east": {"uv": [68, 64], "uv_size": [0.5, 0.5]},
								"south": {"uv": [68, 66], "uv_size": [0.5, 0.5]},
								"up": {"uv": [68, 68], "uv_size": [0.5, 0.5]}
							}
						},
						{
							"origin": [-0.38138, 11.73438, -8.31521],
							"size": [0.75, 0.125, 1.25],
							"uv": {
								"north": {"uv": [26, 58], "uv_size": [1, 0.5]},
								"south": {"uv": [28, 58], "uv_size": [1, 0.5]},
								"up": {"uv": [20, 49], "uv_size": [1, 1]}
							}
						},
						{
							"origin": [-0.37068, 11.60463, -6.81521],
							"size": [0.177, 0.177, 0.25],
							"pivot": [-0.38138, 11.59393, -9.94021],
							"rotation": [0, 0, -45],
							"uv": {
								"north": {"uv": [0, 69], "uv_size": [0.5, 0.5]},
								"east": {"uv": [4, 69], "uv_size": [0.5, 0.5]},
								"south": {"uv": [6, 69], "uv_size": [0.5, 0.5]},
								"up": {"uv": [8, 69], "uv_size": [0.5, 0.5]}
							}
						},
						{
							"origin": [0.18092, 11.60463, -6.81521],
							"size": [0.177, 0.177, 0.25],
							"pivot": [0.36862, 11.59393, -9.94021],
							"rotation": [0, 0, 45],
							"uv": {
								"north": {"uv": [69, 16], "uv_size": [0.5, 0.5]},
								"south": {"uv": [18, 69], "uv_size": [0.5, 0.5]},
								"west": {"uv": [69, 20], "uv_size": [0.5, 0.5]},
								"up": {"uv": [22, 69], "uv_size": [0.5, 0.5]}
							}
						},
						{
							"origin": [-0.38138, 11.73438, -6.81521],
							"size": [0.75, 0.125, 0.25],
							"uv": {
								"north": {"uv": [58, 29], "uv_size": [1, 0.5]},
								"south": {"uv": [30, 58], "uv_size": [1, 0.5]},
								"up": {"uv": [58, 31], "uv_size": [1, 0.5]}
							}
						},
						{
							"origin": [-0.37068, 11.60463, -6.31521],
							"size": [0.177, 0.177, 0.75],
							"pivot": [-0.38138, 11.59393, -8.94021],
							"rotation": [0, 0, -45],
							"uv": {
								"north": {"uv": [69, 22], "uv_size": [0.5, 0.5]},
								"east": {"uv": [32, 58], "uv_size": [1, 0.5]},
								"south": {"uv": [69, 24], "uv_size": [0.5, 0.5]},
								"up": {"uv": [58, 33], "uv_size": [0.5, 1]}
							}
						},
						{
							"origin": [0.18092, 11.60463, -6.31521],
							"size": [0.177, 0.177, 0.75],
							"pivot": [0.36862, 11.59393, -8.94021],
							"rotation": [0, 0, 45],
							"uv": {
								"north": {"uv": [69, 26], "uv_size": [0.5, 0.5]},
								"south": {"uv": [69, 38], "uv_size": [0.5, 0.5]},
								"west": {"uv": [34, 58], "uv_size": [1, 0.5]},
								"up": {"uv": [58, 35], "uv_size": [0.5, 1]}
							}
						},
						{
							"origin": [-0.38138, 11.73438, -6.31521],
							"size": [0.75, 0.125, 0.75],
							"uv": {
								"north": {"uv": [36, 58], "uv_size": [1, 0.5]},
								"south": {"uv": [58, 37], "uv_size": [1, 0.5]},
								"up": {"uv": [49, 21], "uv_size": [1, 1]}
							}
						},
						{
							"origin": [-0.38138, 11.73438, -4.81521],
							"size": [0.75, 0.125, 1.25],
							"uv": {
								"north": {"uv": [38, 58], "uv_size": [1, 0.5]},
								"south": {"uv": [40, 58], "uv_size": [1, 0.5]},
								"up": {"uv": [24, 48], "uv_size": [1, 1.5]}
							}
						},
						{
							"origin": [0.18092, 11.60463, -4.81521],
							"size": [0.177, 0.177, 1.25],
							"pivot": [0.36862, 11.59393, -6.94021],
							"rotation": [0, 0, 45],
							"uv": {
								"north": {"uv": [69, 40], "uv_size": [0.5, 0.5]},
								"south": {"uv": [69, 46], "uv_size": [0.5, 0.5]},
								"west": {"uv": [53, 13], "uv_size": [1.5, 0.5]},
								"up": {"uv": [53, 17], "uv_size": [0.5, 1.5]}
							}
						},
						{
							"origin": [-0.37068, 11.60463, -4.81521],
							"size": [0.177, 0.177, 1.25],
							"pivot": [-0.38138, 11.59393, -6.94021],
							"rotation": [0, 0, -45],
							"uv": {
								"north": {"uv": [69, 52], "uv_size": [0.5, 0.5]},
								"east": {"uv": [20, 53], "uv_size": [1.5, 0.5]},
								"south": {"uv": [69, 56], "uv_size": [0.5, 0.5]},
								"up": {"uv": [23, 53], "uv_size": [0.5, 1.5]}
							}
						},
						{
							"origin": [-0.38138, 11.73438, -5.31521],
							"size": [0.75, 0.125, 0.25],
							"uv": {
								"north": {"uv": [42, 58], "uv_size": [1, 0.5]},
								"south": {"uv": [44, 58], "uv_size": [1, 0.5]},
								"up": {"uv": [58, 44], "uv_size": [1, 0.5]}
							}
						},
						{
							"origin": [0.18092, 11.60463, -5.31521],
							"size": [0.177, 0.177, 0.25],
							"pivot": [0.36862, 11.59393, -8.44021],
							"rotation": [0, 0, 45],
							"uv": {
								"north": {"uv": [69, 58], "uv_size": [0.5, 0.5]},
								"south": {"uv": [60, 69], "uv_size": [0.5, 0.5]},
								"west": {"uv": [62, 69], "uv_size": [0.5, 0.5]},
								"up": {"uv": [66, 69], "uv_size": [0.5, 0.5]}
							}
						},
						{
							"origin": [-0.37068, 11.60463, -5.31521],
							"size": [0.177, 0.177, 0.25],
							"pivot": [-0.38138, 11.59393, -8.44021],
							"rotation": [0, 0, -45],
							"uv": {
								"north": {"uv": [70, 0], "uv_size": [0.5, 0.5]},
								"east": {"uv": [2, 70], "uv_size": [0.5, 0.5]},
								"south": {"uv": [70, 2], "uv_size": [0.5, 0.5]},
								"up": {"uv": [70, 4], "uv_size": [0.5, 0.5]}
							}
						},
						{
							"origin": [-0.50638, 11.73438, -10.06521],
							"size": [1, 0.001, 8.25],
							"uv": {
								"north": {"uv": [8, 25], "uv_size": [1, 0]},
								"east": {"uv": [71, 16], "uv_size": [8, 0]},
								"south": {"uv": [37, 19], "uv_size": [1, 0]},
								"west": {"uv": [71, 17], "uv_size": [8, 0]},
								"up": {"uv": [10, 17], "uv_size": [1, 8]},
								"down": {"uv": [12, 25], "uv_size": [1, -8]}
							}
						},
						{
							"origin": [-0.38138, 11.73438, -2.81521],
							"size": [0.75, 0.125, 1],
							"uv": {
								"north": {"uv": [46, 58], "uv_size": [1, 0.5]},
								"south": {"uv": [58, 46], "uv_size": [1, 0.5]},
								"up": {"uv": [22, 49], "uv_size": [1, 1]}
							}
						},
						{
							"origin": [0.18092, 11.60463, -2.81521],
							"size": [0.177, 0.177, 1],
							"pivot": [0.36862, 11.59393, -5.19021],
							"rotation": [0, 0, 45],
							"uv": {
								"north": {"uv": [70, 6], "uv_size": [0.5, 0.5]},
								"south": {"uv": [70, 8], "uv_size": [0.5, 0.5]},
								"west": {"uv": [48, 58], "uv_size": [1, 0.5]},
								"up": {"uv": [50, 58], "uv_size": [0.5, 1]}
							}
						},
						{
							"origin": [-0.37068, 11.60463, -2.81521],
							"size": [0.177, 0.177, 1],
							"pivot": [-0.38138, 11.59393, -5.19021],
							"rotation": [0, 0, -45],
							"uv": {
								"north": {"uv": [10, 70], "uv_size": [0.5, 0.5]},
								"east": {"uv": [58, 51], "uv_size": [1, 0.5]},
								"south": {"uv": [70, 10], "uv_size": [0.5, 0.5]},
								"up": {"uv": [52, 58], "uv_size": [0.5, 1]}
							}
						},
						{
							"origin": [-0.38138, 11.73438, -3.31521],
							"size": [0.75, 0.125, 0.25],
							"uv": {
								"north": {"uv": [58, 53], "uv_size": [1, 0.5]},
								"south": {"uv": [54, 58], "uv_size": [1, 0.5]},
								"up": {"uv": [56, 58], "uv_size": [1, 0.5]}
							}
						},
						{
							"origin": [0.18092, 11.60463, -3.31521],
							"size": [0.177, 0.177, 0.25],
							"pivot": [0.36862, 11.59393, -6.44021],
							"rotation": [0, 0, 45],
							"uv": {
								"north": {"uv": [12, 70], "uv_size": [0.5, 0.5]},
								"south": {"uv": [70, 12], "uv_size": [0.5, 0.5]},
								"west": {"uv": [14, 70], "uv_size": [0.5, 0.5]},
								"up": {"uv": [70, 14], "uv_size": [0.5, 0.5]}
							}
						},
						{
							"origin": [-0.37068, 11.60463, -3.31521],
							"size": [0.177, 0.177, 0.25],
							"pivot": [-0.38138, 11.59393, -6.44021],
							"rotation": [0, 0, -45],
							"uv": {
								"north": {"uv": [16, 70], "uv_size": [0.5, 0.5]},
								"east": {"uv": [70, 18], "uv_size": [0.5, 0.5]},
								"south": {"uv": [20, 70], "uv_size": [0.5, 0.5]},
								"up": {"uv": [24, 70], "uv_size": [0.5, 0.5]}
							}
						}
					]
				},
				{
					"name": "trigger",
					"parent": "gun",
					"pivot": [0, 0, 0.6875]
				},
				{
					"name": "rotate1",
					"parent": "trigger",
					"pivot": [0, 10.3125, 2.75],
					"cubes": [
						{
							"origin": [-0.5, 9.91543, 1.60385],
							"size": [0.125, 0.26071, 1.25129],
							"pivot": [-0.375, 10.17614, 1.60385],
							"rotation": [13.06431, 7.43547, -29.14743],
							"uv": {
								"west": {"uv": [51, 11], "uv_size": [1.5, 0.5]}
							}
						},
						{
							"origin": [-0.5, 10.20697, -0.31461],
							"size": [0.125, 0.25, 0.9375],
							"pivot": [-0.375, 10.45697, -0.50211],
							"rotation": [-12.80215, -7.88315, -31.11423],
							"uv": {
								"north": {"uv": [32, 64], "uv_size": [0.5, 0.5]},
								"west": {"uv": [51, 56], "uv_size": [1, 0.5]}
							}
						},
						{
							"origin": [-0.5, 9.89519, 0.37867],
							"size": [0.125, 0.32356, 1.43383],
							"uv": {
								"east": {"uv": [51, 15], "uv_size": [1.5, 0.5]},
								"up": {"uv": [18, 51], "uv_size": [0.5, 1.5]},
								"down": {"uv": [51, 20.5], "uv_size": [0.5, -1.5]}
							}
						},
						{
							"origin": [-0.5, 9.95769, 0.37867],
							"size": [0.125, 0.26106, 1.43383],
							"pivot": [-0.375, 10.21875, 0.50367],
							"rotation": [0, 0, -30],
							"uv": {
								"west": {"uv": [51, 33], "uv_size": [1.5, 0.5]}
							}
						},
						{
							"origin": [-0.375, 10.14447, -0.31461],
							"size": [0.75, 0.125, 0.9375],
							"pivot": [-0.0625, 10.45697, -0.50211],
							"rotation": [-15, 0, 0],
							"uv": {
								"north": {"uv": [0, 57], "uv_size": [1, 0.5]},
								"up": {"uv": [49, 15], "uv_size": [1, 1]},
								"down": {"uv": [18, 50], "uv_size": [1, -1]}
							}
						},
						{
							"origin": [-0.375, 9.89519, 0.37978],
							"size": [0.75, 0.12074, 1.43272],
							"uv": {
								"up": {"uv": [6, 48], "uv_size": [1, 1.5]},
								"down": {"uv": [8, 49.5], "uv_size": [1, -1.5]}
							}
						},
						{
							"origin": [-0.375, 10.17679, 1.56121],
							"size": [0.75, 0.11663, 1.25129],
							"pivot": [-0.0625, 10.5, 2.8125],
							"rotation": [15, 0, 0],
							"uv": {
								"south": {"uv": [55, 56], "uv_size": [1, 0.5]},
								"up": {"uv": [2, 48], "uv_size": [1, 1.5]},
								"down": {"uv": [4, 49.5], "uv_size": [1, -1.5]}
							}
						},
						{
							"origin": [-0.375, 10.28125, 2.6875],
							"size": [0.75, 0.21875, 0.125],
							"pivot": [-0.0625, 10.5, 2.8125],
							"rotation": [15, 0, 0],
							"uv": {
								"south": {"uv": [4, 57], "uv_size": [1, 0.5]},
								"up": {"uv": [6, 57], "uv_size": [1, 0.5]}
							}
						},
						{
							"origin": [-0.32812, 10.22027, 2.78683],
							"size": [0.29688, 0.21875, 0.125],
							"pivot": [-0.0625, 10.32965, 2.59933],
							"rotation": [20.75357, -43.07952, -14.51082],
							"uv": {
								"north": {"uv": [40, 64], "uv_size": [0.5, 0.5]},
								"up": {"uv": [42, 64], "uv_size": [0.5, 0.5]}
							}
						},
						{
							"origin": [-0.3125, 10.1864, 2.69176],
							"size": [0.625, 0.28125, 0.125],
							"pivot": [0.3125, 10.46765, 2.69176],
							"rotation": [-15, 0, 0],
							"uv": {
								"north": {"uv": [38, 64], "uv_size": [0.5, 0.5]}
							}
						},
						{
							"origin": [0.375, 10.14447, -0.31461],
							"size": [0.125, 0.3125, 0.9375],
							"pivot": [0.5, 10.45697, -0.50211],
							"rotation": [-15, 0, 0],
							"uv": {
								"north": {"uv": [64, 32], "uv_size": [0.5, 0.5]},
								"west": {"uv": [56, 52], "uv_size": [1, 0.5]},
								"up": {"uv": [53, 56], "uv_size": [0.5, 1]},
								"down": {"uv": [56, 55], "uv_size": [0.5, -1]}
							}
						},
						{
							"origin": [0.375, 10.20697, -0.31461],
							"size": [0.125, 0.25, 0.9375],
							"pivot": [0.375, 10.45697, -0.50211],
							"rotation": [-12.80215, 7.88315, 31.11423],
							"uv": {
								"north": {"uv": [64, 34], "uv_size": [0.5, 0.5]},
								"east": {"uv": [8, 57], "uv_size": [1, 0.5]}
							}
						},
						{
							"origin": [0.375, 9.95769, 0.37867],
							"size": [0.125, 0.26106, 1.43383],
							"pivot": [0.375, 10.21875, 0.50367],
							"rotation": [0, 0, 30],
							"uv": {
								"east": {"uv": [20, 51], "uv_size": [1.5, 0.5]}
							}
						},
						{
							"origin": [0.375, 10.17679, 1.56121],
							"size": [0.125, 0.32321, 1.25129],
							"pivot": [0.5, 10.5, 2.8125],
							"rotation": [15, 0, 0],
							"uv": {
								"south": {"uv": [34, 64], "uv_size": [0.5, 0.5]},
								"west": {"uv": [23, 51], "uv_size": [1.5, 0.5]},
								"up": {"uv": [51, 27], "uv_size": [0.5, 1.5]},
								"down": {"uv": [51, 31.5], "uv_size": [0.5, -1.5]}
							}
						},
						{
							"origin": [0.375, 9.91543, 1.60385],
							"size": [0.125, 0.26071, 1.25129],
							"pivot": [0.375, 10.17614, 1.60385],
							"rotation": [13.06431, -7.43547, 29.14743],
							"uv": {
								"east": {"uv": [51, 40], "uv_size": [1.5, 0.5]}
							}
						},
						{
							"origin": [-0.5, 10.14447, -0.31461],
							"size": [0.125, 0.3125, 0.9375],
							"pivot": [-0.5, 10.45697, -0.50211],
							"rotation": [-15, 0, 0],
							"uv": {
								"north": {"uv": [36, 64], "uv_size": [0.5, 0.5]},
								"east": {"uv": [57, 16], "uv_size": [1, 0.5]},
								"up": {"uv": [19, 57], "uv_size": [0.5, 1]},
								"down": {"uv": [57, 22], "uv_size": [0.5, -1]}
							}
						},
						{
							"origin": [0.375, 9.89519, 0.37867],
							"size": [0.125, 0.32356, 1.43383],
							"uv": {
								"west": {"uv": [51, 35], "uv_size": [1.5, 0.5]},
								"up": {"uv": [36, 51], "uv_size": [0.5, 1.5]},
								"down": {"uv": [51, 38.5], "uv_size": [0.5, -1.5]}
							}
						},
						{
							"origin": [-0.5, 10.17679, 1.56121],
							"size": [0.125, 0.32321, 1.25129],
							"pivot": [-0.5, 10.5, 2.8125],
							"rotation": [15, 0, 0],
							"uv": {
								"east": {"uv": [51, 46], "uv_size": [1.5, 0.5]},
								"south": {"uv": [64, 36], "uv_size": [0.5, 0.5]},
								"up": {"uv": [52, 7], "uv_size": [0.5, 1.5]},
								"down": {"uv": [10, 53.5], "uv_size": [0.5, -1.5]}
							}
						},
						{
							"origin": [0.03125, 10.22027, 2.78683],
							"size": [0.29688, 0.21875, 0.125],
							"pivot": [0.0625, 10.32965, 2.59933],
							"rotation": [20.75357, 43.07952, 14.51082],
							"uv": {
								"north": {"uv": [64, 42], "uv_size": [0.5, 0.5]},
								"up": {"uv": [44, 64], "uv_size": [0.5, 0.5]}
							}
						}
					]
				},
				{
					"name": "rotate2",
					"parent": "trigger",
					"pivot": [0, 7.625, 2.4375],
					"cubes": [
						{
							"origin": [-0.28055, 6.97078, 5.04857],
							"size": [0.5, 3.0625, 0.1875],
							"pivot": [-0.28055, 6.97078, 5.29857],
							"rotation": [74.21346, 3.84959, -1.0874],
							"uv": {
								"north": {"uv": [40, 46], "uv_size": [0.5, 3]},
								"east": {"uv": [46, 46], "uv_size": [0.5, 3]},
								"south": {"uv": [16, 47], "uv_size": [0.5, 3]},
								"up": {"uv": [4, 63], "uv_size": [0.5, 0.5]},
								"down": {"uv": [6, 63.5], "uv_size": [0.5, -0.5]}
							}
						},
						{
							"origin": [-0.19486, 6.50242, 5.60109],
							"size": [0.28125, 0.70313, 0.1875],
							"pivot": [-0.19486, 6.50242, 5.85109],
							"rotation": [49.0379, 5.29732, -4.58239],
							"uv": {
								"north": {"uv": [8, 63], "uv_size": [0.5, 0.5]},
								"east": {"uv": [63, 16], "uv_size": [0.5, 0.5]},
								"south": {"uv": [18, 63], "uv_size": [0.5, 0.5]},
								"up": {"uv": [63, 20], "uv_size": [0.5, 0.5]},
								"down": {"uv": [22, 63.5], "uv_size": [0.5, -0.5]}
							}
						},
						{
							"origin": [-0.125, 5.65822, 5.77874],
							"size": [0.20313, 0.8125, 0.125],
							"pivot": [0.125, 5.65822, 5.77874],
							"rotation": [6.72455, 0.58695, -4.96552],
							"uv": {
								"north": {"uv": [56, 12], "uv_size": [0.5, 1]},
								"east": {"uv": [13, 56], "uv_size": [0.5, 1]},
								"south": {"uv": [56, 14], "uv_size": [0.5, 1]},
								"up": {"uv": [63, 22], "uv_size": [0.5, 0.5]},
								"down": {"uv": [63, 24.5], "uv_size": [0.5, -0.5]}
							}
						},
						{
							"origin": [-0.12405, 4.98033, 5.7813],
							"size": [0.25, 0.65625, 0.14063],
							"pivot": [0.12595, 5.63658, 5.7813],
							"rotation": [40.75, 0, 0],
							"uv": {
								"north": {"uv": [63, 26], "uv_size": [0.5, 0.5]},
								"east": {"uv": [63, 38], "uv_size": [0.5, 0.5]},
								"south": {"uv": [63, 40], "uv_size": [0.5, 0.5]},
								"west": {"uv": [63, 46], "uv_size": [0.5, 0.5]}
							}
						},
						{
							"origin": [-0.12405, 4.38943, 6.20967],
							"size": [0.25, 0.75, 0.14063],
							"pivot": [0.12595, 5.13943, 6.20967],
							"rotation": [79.75, 0, 0],
							"uv": {
								"north": {"uv": [15, 56], "uv_size": [0.5, 1]},
								"east": {"uv": [17, 56], "uv_size": [0.5, 1]},
								"south": {"uv": [56, 19], "uv_size": [0.5, 1]},
								"west": {"uv": [22, 56], "uv_size": [0.5, 1]}
							}
						},
						{
							"origin": [-0.12405, 4.25597, 6.9477],
							"size": [0.25, 0.75, 0.14063],
							"pivot": [0.12595, 5.00597, 6.9477],
							"rotation": [124.75, 0, 0],
							"uv": {
								"north": {"uv": [27, 56], "uv_size": [0.5, 1]},
								"east": {"uv": [29, 56], "uv_size": [0.5, 1]},
								"south": {"uv": [56, 30], "uv_size": [0.5, 1]},
								"west": {"uv": [31, 56], "uv_size": [0.5, 1]}
							}
						},
						{
							"origin": [-0.12405, 4.93347, 7.56394],
							"size": [0.25, 0.5, 0.14063],
							"pivot": [0.12595, 5.43347, 7.56394],
							"rotation": [149.75, 0, 0],
							"uv": {
								"north": {"uv": [63, 53], "uv_size": [0.5, 0.5]},
								"east": {"uv": [63, 58], "uv_size": [0.5, 0.5]},
								"south": {"uv": [60, 63], "uv_size": [0.5, 0.5]},
								"west": {"uv": [63, 60], "uv_size": [0.5, 0.5]}
							}
						},
						{
							"origin": [-0.125, 5.79128, 7.02029],
							"size": [0.25, 0.14063, 0.51563],
							"pivot": [-0.125, 6.02565, 7.53592],
							"rotation": [156.75, 0, 0],
							"uv": {
								"north": {"uv": [62, 63], "uv_size": [0.5, 0.5]},
								"east": {"uv": [64, 0], "uv_size": [0.5, 0.5]},
								"south": {"uv": [2, 64], "uv_size": [0.5, 0.5]},
								"west": {"uv": [64, 2], "uv_size": [0.5, 0.5]},
								"down": {"uv": [64, 4.5], "uv_size": [0.5, -0.5]}
							}
						},
						{
							"origin": [-0.125, 5.93992, 7.2448],
							"size": [0.25, 0.17188, 0.32813],
							"pivot": [-0.125, 6.11179, 7.57293],
							"rotation": [114.25, 0, 0],
							"uv": {
								"east": {"uv": [64, 6], "uv_size": [0.5, 0.5]},
								"west": {"uv": [64, 8], "uv_size": [0.5, 0.5]},
								"up": {"uv": [10, 64], "uv_size": [0.5, 0.5]}
							}
						},
						{
							"origin": [-0.125, 5.90825, 7.71855],
							"size": [0.25, 0.1875, 0.32813],
							"pivot": [-0.125, 5.90825, 8.04668],
							"rotation": [21.75, 0, 0],
							"uv": {
								"east": {"uv": [64, 10], "uv_size": [0.5, 0.5]},
								"west": {"uv": [12, 64], "uv_size": [0.5, 0.5]},
								"down": {"uv": [64, 12.5], "uv_size": [0.5, -0.5]}
							}
						},
						{
							"origin": [-0.07812, 5.65822, 5.77874],
							"size": [0.20313, 0.8125, 0.125],
							"pivot": [-0.125, 5.65822, 5.77874],
							"rotation": [6.72455, -0.58695, 4.96552],
							"uv": {
								"north": {"uv": [56, 32], "uv_size": [0.5, 1]},
								"south": {"uv": [33, 56], "uv_size": [0.5, 1]},
								"west": {"uv": [56, 34], "uv_size": [0.5, 1]},
								"up": {"uv": [14, 64], "uv_size": [0.5, 0.5]},
								"down": {"uv": [64, 14.5], "uv_size": [0.5, -0.5]}
							}
						},
						{
							"origin": [-0.08639, 6.50242, 5.60109],
							"size": [0.28125, 0.70313, 0.1875],
							"pivot": [0.19486, 6.50242, 5.85109],
							"rotation": [49.0379, -5.29732, 4.58239],
							"uv": {
								"north": {"uv": [16, 64], "uv_size": [0.5, 0.5]},
								"south": {"uv": [64, 18], "uv_size": [0.5, 0.5]},
								"west": {"uv": [20, 64], "uv_size": [0.5, 0.5]},
								"up": {"uv": [24, 64], "uv_size": [0.5, 0.5]},
								"down": {"uv": [26, 64.5], "uv_size": [0.5, -0.5]}
							}
						},
						{
							"origin": [-0.21945, 6.97078, 5.04857],
							"size": [0.5, 3.0625, 0.1875],
							"pivot": [0.28055, 6.97078, 5.29857],
							"rotation": [74.21346, -3.84959, 1.0874],
							"uv": {
								"north": {"uv": [47, 21], "uv_size": [0.5, 3]},
								"south": {"uv": [47, 30], "uv_size": [0.5, 3]},
								"west": {"uv": [36, 47], "uv_size": [0.5, 3]},
								"up": {"uv": [28, 64], "uv_size": [0.5, 0.5]},
								"down": {"uv": [64, 28.5], "uv_size": [0.5, -0.5]}
							}
						}
					]
				},
				{
					"name": "positioning2",
					"parent": "gun",
					"pivot": [0, 0, 0]
				},
				{
					"name": "muzzle_flash",
					"parent": "positioning2",
					"pivot": [0, 9.6875, -12.5625]
				},
				{
					"name": "scope_pos",
					"parent": "positioning2",
					"pivot": [-0.01562, 11.84375, -2.8125]
				},
				{
					"name": "left_hand",
					"parent": "left_gun",
					"pivot": [5.5, 18, 7]
				},
				{
					"name": "lefthand_pos",
					"parent": "left_hand",
					"pivot": [0, 7, 7],
					"rotation": [0, 180, 0],
					"cubes": [
						{
							"origin": [-7, 7, 5],
							"size": [3, 12, 4],
							"uv": {
								"north": {"uv": [13, 13], "uv_size": [3, 12]},
								"east": {"uv": [10, 0], "uv_size": [4, 12]},
								"south": {"uv": [15, 0], "uv_size": [3, 12]},
								"west": {"uv": [0, 13], "uv_size": [4, 12]},
								"up": {"uv": [0, 26], "uv_size": [3, 4]},
								"down": {"uv": [4, 30], "uv_size": [3, -4]}
							}
						}
					]
				},
				{
					"name": "right_mag",
					"parent": "root",
					"pivot": [0, 0, 0]
				},
				{
					"name": "bullet",
					"parent": "right_mag",
					"pivot": [0, 9.9063, -1.1563],
					"cubes": [
						{
							"origin": [-0.25, 9.65625, -1.90625],
							"size": [0.5, 0.5, 1.5],
							"uv": {
								"north": {"uv": [28, 70], "uv_size": [0.5, 0.5]},
								"east": {"uv": [53, 37], "uv_size": [1.5, 0.5]},
								"south": {"uv": [70, 28], "uv_size": [0.5, 0.5]},
								"west": {"uv": [53, 52], "uv_size": [1.5, 0.5]},
								"up": {"uv": [28, 53], "uv_size": [0.5, 1.5]},
								"down": {"uv": [5, 55.5], "uv_size": [0.5, -1.5]}
							}
						}
					]
				},
				{
					"name": "grenade",
					"parent": "right_mag",
					"pivot": [0, 9.6875, -16],
					"cubes": [
						{
							"origin": [-0.41421, 8.6875, -17.5],
							"size": [0.82843, 2, 3],
							"pivot": [0, 9.6875, -15],
							"rotation": [0, 0, 45],
							"uv": {
								"north": {"uv": [26, 41], "uv_size": [1, 2]},
								"south": {"uv": [31, 42], "uv_size": [1, 2]},
								"up": {"uv": [38, 38], "uv_size": [1, 3]},
								"down": {"uv": [12, 42], "uv_size": [1, -3]}
							}
						},
						{
							"origin": [-0.41421, 8.6875, -17.5],
							"size": [0.82843, 2, 3],
							"uv": {
								"north": {"uv": [38, 42], "uv_size": [1, 2]},
								"south": {"uv": [42, 42], "uv_size": [1, 2]},
								"up": {"uv": [14, 39], "uv_size": [1, 3]},
								"down": {"uv": [29, 42], "uv_size": [1, -3]}
							}
						},
						{
							"origin": [-1, 9.27329, -17.5],
							"size": [2, 0.82843, 3],
							"pivot": [0, 9.6875, -15],
							"rotation": [0, 0, 45],
							"uv": {
								"north": {"uv": [0, 43], "uv_size": [2, 1]},
								"east": {"uv": [40, 4], "uv_size": [3, 1]},
								"south": {"uv": [12, 43], "uv_size": [2, 1]},
								"west": {"uv": [40, 6], "uv_size": [3, 1]}
							}
						},
						{
							"origin": [-1, 9.27329, -17.5],
							"size": [2, 0.82843, 3],
							"uv": {
								"north": {"uv": [43, 19], "uv_size": [2, 1]},
								"east": {"uv": [40, 8], "uv_size": [3, 1]},
								"south": {"uv": [21, 43], "uv_size": [2, 1]},
								"west": {"uv": [40, 10], "uv_size": [3, 1]}
							}
						},
						{
							"origin": [-0.25, 9.4375, -18.5],
							"size": [0.5, 0.5, 1],
							"uv": {
								"north": {"uv": [26, 70], "uv_size": [0.5, 0.5]},
								"east": {"uv": [58, 58], "uv_size": [1, 0.5]},
								"west": {"uv": [0, 59], "uv_size": [1, 0.5]},
								"up": {"uv": [4, 59], "uv_size": [0.5, 1]},
								"down": {"uv": [6, 60], "uv_size": [0.5, -1]}
							}
						},
						{
							"origin": [-0.625, 9.0625, -17.75],
							"size": [1.25, 1.25, 0.25],
							"pivot": [0, 9.6875, -18],
							"rotation": [0, 0, 45],
							"uv": {
								"north": {"uv": [41, 0], "uv_size": [1.5, 1.5]},
								"east": {"uv": [53, 24], "uv_size": [0.5, 1.5]},
								"west": {"uv": [53, 27], "uv_size": [0.5, 1.5]},
								"up": {"uv": [53, 20], "uv_size": [1.5, 0.5]},
								"down": {"uv": [53, 30.5], "uv_size": [1.5, -0.5]}
							}
						}
					]
				},
				{
					"name": "right_hand",
					"parent": "right_mag",
					"pivot": [-5.5, 18, 7]
				},
				{
					"name": "righthand_pos",
					"parent": "right_hand",
					"pivot": [0, 7, 7],
					"rotation": [0, 180, 0],
					"cubes": [
						{
							"origin": [4, 7, 5],
							"size": [3, 12, 4],
							"uv": {
								"north": {"uv": [5, 13], "uv_size": [3, 12]},
								"east": {"uv": [0, 0], "uv_size": [4, 12]},
								"south": {"uv": [9, 13], "uv_size": [3, 12]},
								"west": {"uv": [5, 0], "uv_size": [4, 12]},
								"up": {"uv": [25, 0], "uv_size": [3, 4]},
								"down": {"uv": [25, 9], "uv_size": [3, -4]}
							}
						}
					]
				},
				{
					"name": "positioning",
					"pivot": [3, 4, 0]
				},
				{
					"name": "thirdperson_hand",
					"parent": "positioning",
					"pivot": [0, 7, 1]
				},
				{
					"name": "ground",
					"parent": "positioning",
					"pivot": [0, 2, -1]
				},
				{
					"name": "fixed",
					"parent": "positioning",
					"pivot": [0, 8, -1],
					"rotation": [0, 90, 0]
				},
				{
					"name": "view",
					"pivot": [0, 0, 0]
				},
				{
					"name": "idle_view",
					"parent": "view",
					"pivot": [2.6222, 13.07, 6.5615],
					"rotation": [0, 0, -6.5]
				},
				{
					"name": "iron_view",
					"parent": "view",
					"pivot": [0, 13.0198, 5.4844],
					"rotation": [-0.9047, 0, 0]
				},
				{
					"name": "refit_view",
					"parent": "view",
					"pivot": [20, 10, -2],
					"rotation": [0, 90, 0]
				},
				{
					"name": "refit_scope_view",
					"parent": "view",
					"pivot": [-8, 14.5, 3],
					"rotation": [12.5, -50, 0]
				},
				{
					"name": "camera",
					"pivot": [2.6222, 13.07, 6.5615],
					"rotation": [0, 0, -6.5]
				}
			]
		}
	]
}