{
	"format_version": "1.12.0",
	"minecraft:geometry": [
		{
			"description": {
				"identifier": "geometry.unknown",
				"texture_width": 64,
				"texture_height": 64,
				"visible_bounds_width": 8,
				"visible_bounds_height": 4,
				"visible_bounds_offset": [0, 1, 0]
			},
			"bones": [
				{
					"name": "root",
					"pivot": [-4, 4, 12]
				},
				{
					"name": "right_gun",
					"parent": "root",
					"pivot": [-4, 4, 4]
				},
				{
					"name": "gun",
					"parent": "right_gun",
					"pivot": [-4, 4.25, 2.75]
				},
				{
					"name": "main",
					"parent": "gun",
					"pivot": [-4, 7.52887, 3.02058],
					"cubes": [
						{
							"origin": [-4.4062, 4.75, 4.5],
							"size": [0.8124, 1.76561, 1.0625],
							"pivot": [-4, 5.75, 4.5],
							"rotation": [-27.5, 0, 0],
							"uv": {
								"north": {"uv": [28, 3], "uv_size": [1, 2]},
								"east": {"uv": [13, 28], "uv_size": [1, 2]},
								"west": {"uv": [28, 15], "uv_size": [1, 2]},
								"up": {"uv": [19, 31], "uv_size": [1, 1]},
								"down": {"uv": [31, 21], "uv_size": [1, -1]}
							}
						},
						{
							"origin": [-4.20335, 4.6875, 4.25],
							"size": [0.40671, 0.0625, 1.25],
							"pivot": [-4, 5.75, 4.5],
							"rotation": [-23.5, 0, 0],
							"uv": {
								"east": {"uv": [39, 26], "uv_size": [1.5, 0.5]},
								"west": {"uv": [39, 28], "uv_size": [1.5, 0.5]},
								"down": {"uv": [26, 40.5], "uv_size": [0.5, -1.5]}
							}
						},
						{
							"origin": [-3.84433, 4.68087, 2.97131],
							"size": [0.25061, 1.75, 1.87838],
							"pivot": [-3, 6.41526, 4.84631],
							"rotation": [-15, 0, 0],
							"uv": {
								"north": {"uv": [31, 24], "uv_size": [0.5, 2]},
								"east": {"uv": [8, 0], "uv_size": [2, 2]},
								"west": {"uv": [8, 3], "uv_size": [2, 2]},
								"up": {"uv": [31, 27], "uv_size": [0.5, 2]},
								"down": {"uv": [29, 33], "uv_size": [0.5, -2]}
							}
						},
						{
							"origin": [-3.89067, 6.85276, 2.53381],
							"size": [0.29695, 1.0625, 0.375],
							"pivot": [-3, 7.91526, 4.40881],
							"rotation": [17.5, 0, 0],
							"uv": {
								"north": {"uv": [41, 34], "uv_size": [0.5, 1]},
								"east": {"uv": [41, 36], "uv_size": [0.5, 1]},
								"south": {"uv": [41, 38], "uv_size": [0.5, 1]},
								"west": {"uv": [41, 40], "uv_size": [0.5, 1]},
								"up": {"uv": [2, 46], "uv_size": [0.5, 0.5]}
							}
						},
						{
							"origin": [-3.84384, 7.54026, 2.28381],
							"size": [0.25012, 0.8125, 0.1875],
							"pivot": [-3, 8.35276, 3.97131],
							"rotation": [52.5, 0, 0],
							"uv": {
								"east": {"uv": [2, 42], "uv_size": [0.5, 1]},
								"south": {"uv": [4, 42], "uv_size": [0.5, 1]},
								"west": {"uv": [10, 42], "uv_size": [0.5, 1]}
							}
						},
						{
							"origin": [-4.4062, 5.09137, 0.20808],
							"size": [0.8124, 0.375, 3],
							"uv": {
								"north": {"uv": [41, 32], "uv_size": [1, 0.5]},
								"east": {"uv": [30, 14], "uv_size": [3, 0.5]},
								"west": {"uv": [15, 30], "uv_size": [3, 0.5]},
								"up": {"uv": [11, 18], "uv_size": [1, 3]}
							}
						},
						{
							"origin": [-4.4062, 5.02887, 0.64558],
							"size": [0.8124, 0.25, 0.375],
							"pivot": [-4, 5.21637, 0.83308],
							"rotation": [-25, 0, 0],
							"uv": {
								"east": {"uv": [9, 5], "uv_size": [0.5, 0.5]},
								"west": {"uv": [9, 6], "uv_size": [0.5, 0.5]},
								"down": {"uv": [9, 2.5], "uv_size": [1, -0.5]}
							}
						},
						{
							"origin": [-4.4062, 4.9672, 0.67377],
							"size": [0.8124, 0.375, 0.25],
							"pivot": [-4.4062, 4.9672, 0.92377],
							"rotation": [-65, 0, 0],
							"uv": {
								"east": {"uv": [9, 5], "uv_size": [0.5, 0.5]},
								"south": {"uv": [9, 2], "uv_size": [1, 0.5]},
								"west": {"uv": [9, 6], "uv_size": [0.5, 0.5]}
							}
						},
						{
							"origin": [-4.4062, 4.9672, 2.92377],
							"size": [0.8124, 0.375, 0.25],
							"pivot": [-4.4062, 4.9672, 3.17377],
							"rotation": [-65, 0, 0],
							"uv": {
								"east": {"uv": [9, 5], "uv_size": [0.5, 0.5]},
								"south": {"uv": [9, 2], "uv_size": [1, 0.5]},
								"west": {"uv": [9, 6], "uv_size": [0.5, 0.5]}
							}
						},
						{
							"origin": [-4.4062, 5.02887, 2.89558],
							"size": [0.8124, 0.25, 0.375],
							"pivot": [-4, 5.21637, 3.08308],
							"rotation": [-25, 0, 0],
							"uv": {
								"east": {"uv": [9, 5], "uv_size": [0.5, 0.5]},
								"west": {"uv": [9, 6], "uv_size": [0.5, 0.5]},
								"down": {"uv": [9, 2.5], "uv_size": [1, -0.5]}
							}
						},
						{
							"origin": [-4.27365, 4.95874, 0.20808],
							"size": [0.54731, 0.13263, 3.375],
							"uv": {
								"north": {"uv": [54, 44], "uv_size": [0.5, 0.5]},
								"down": {"uv": [9, 33.5], "uv_size": [0.5, -3.5]}
							}
						},
						{
							"origin": [-3.78128, 5.09137, 0.20808],
							"size": [0.18756, 0.1875, 3.375],
							"pivot": [-3.59372, 5.09137, 3.52058],
							"rotation": [0, 0, -45],
							"uv": {
								"north": {"uv": [42, 54], "uv_size": [0.5, 0.5]},
								"down": {"uv": [29, 29.5], "uv_size": [0.5, -3.5]}
							}
						},
						{
							"origin": [-4.20305, 4.90387, 0.14558],
							"size": [0.4061, 0.0625, 3.3125],
							"uv": {
								"north": {"uv": [53, 34], "uv_size": [0.5, 0.5]},
								"east": {"uv": [29, 10], "uv_size": [3.5, 0.5]},
								"west": {"uv": [29, 12], "uv_size": [3.5, 0.5]},
								"up": {"uv": [11, 29], "uv_size": [0.5, 3.5]},
								"down": {"uv": [29, 24.5], "uv_size": [0.5, -3.5]}
							}
						},
						{
							"origin": [-4.20311, 4.71637, 1.72369],
							"size": [0.40622, 0.5, 0.4375],
							"pivot": [-4, 4.96637, 1.97369],
							"rotation": [-50, 0, 0],
							"uv": {
								"east": {"uv": [4, 46], "uv_size": [0.5, 0.5]},
								"south": {"uv": [46, 4], "uv_size": [0.5, 0.5]},
								"west": {"uv": [8, 46], "uv_size": [0.5, 0.5]},
								"down": {"uv": [46, 8.5], "uv_size": [0.5, -0.5]}
							}
						},
						{
							"origin": [-4.20311, 4.58061, 1.72671],
							"size": [0.40622, 0.25, 0.10939],
							"pivot": [-3.79689, 4.58061, 1.72671],
							"rotation": [-32.5, 0, 0],
							"uv": {
								"north": {"uv": [46, 14], "uv_size": [0.5, 0.5]},
								"east": {"uv": [46, 16], "uv_size": [0.5, 0.5]},
								"south": {"uv": [18, 46], "uv_size": [0.5, 0.5]},
								"west": {"uv": [20, 46], "uv_size": [0.5, 0.5]}
							}
						},
						{
							"origin": [-4.203, 3.63455, 2.10673],
							"size": [0.406, 0.5625, 0.10939],
							"pivot": [-4.20311, 3.63455, 2.10673],
							"rotation": [42.5, 0, 0],
							"uv": {
								"north": {"uv": [46, 24], "uv_size": [0.5, 0.5]},
								"east": {"uv": [25, 46], "uv_size": [0.5, 0.5]},
								"south": {"uv": [46, 26], "uv_size": [0.5, 0.5]},
								"west": {"uv": [31, 46], "uv_size": [0.5, 0.5]}
							}
						},
						{
							"origin": [-4.203, 2.38455, 2.20039],
							"size": [0.406, 1.34366, 0.10939],
							"pivot": [-3.53122, 3.63455, 2.20039],
							"rotation": [90, 0, 0],
							"uv": {
								"north": {"uv": [6, 37], "uv_size": [0.5, 1.5]},
								"east": {"uv": [11, 37], "uv_size": [0.5, 1.5]},
								"south": {"uv": [15, 37], "uv_size": [0.5, 1.5]},
								"west": {"uv": [17, 37], "uv_size": [0.5, 1.5]}
							}
						},
						{
							"origin": [-4.203, 3.19705, 3.341],
							"size": [0.406, 0.625, 0.10939],
							"pivot": [-4.46878, 3.75955, 3.45039],
							"rotation": [50, 0, 0],
							"uv": {
								"north": {"uv": [33, 46], "uv_size": [0.5, 0.5]},
								"east": {"uv": [38, 46], "uv_size": [0.5, 0.5]},
								"south": {"uv": [40, 46], "uv_size": [0.5, 0.5]},
								"west": {"uv": [42, 46], "uv_size": [0.5, 0.5]}
							}
						},
						{
							"origin": [-4.203, 3.13455, 3.07539],
							"size": [0.406, 0.5, 0.10939],
							"pivot": [-4.46878, 3.69705, 3.20039],
							"rotation": [145, 0, 0],
							"uv": {
								"north": {"uv": [47, 18], "uv_size": [0.5, 0.5]},
								"east": {"uv": [47, 20], "uv_size": [0.5, 0.5]},
								"south": {"uv": [22, 47], "uv_size": [0.5, 0.5]},
								"west": {"uv": [47, 22], "uv_size": [0.5, 0.5]}
							}
						},
						{
							"origin": [-4.203, 3.46113, 3.62542],
							"size": [0.406, 0.625, 0.10939],
							"pivot": [-4.46878, 4.08613, 3.62542],
							"rotation": [180, 0, 0],
							"uv": {
								"north": {"uv": [27, 47], "uv_size": [0.5, 0.5]},
								"east": {"uv": [47, 28], "uv_size": [0.5, 0.5]},
								"south": {"uv": [29, 47], "uv_size": [0.5, 0.5]},
								"west": {"uv": [47, 30], "uv_size": [0.5, 0.5]}
							}
						},
						{
							"origin": [-4.203, 3.33061, 1.86732],
							"size": [0.406, 0.53134, 0.10939],
							"pivot": [-4.46878, 3.95561, 1.85171],
							"rotation": [180, 0, 0],
							"uv": {
								"north": {"uv": [50, 4], "uv_size": [0.5, 0.5]},
								"east": {"uv": [8, 50], "uv_size": [0.5, 0.5]},
								"south": {"uv": [50, 8], "uv_size": [0.5, 0.5]},
								"west": {"uv": [10, 50], "uv_size": [0.5, 0.5]}
							}
						},
						{
							"origin": [-4.203, 2.89798, 3.7719],
							"size": [0.406, 0.5, 0.10939],
							"uv": {
								"north": {"uv": [46, 43], "uv_size": [0.5, 0.5]},
								"east": {"uv": [44, 46], "uv_size": [0.5, 0.5]},
								"south": {"uv": [46, 45], "uv_size": [0.5, 0.5]},
								"west": {"uv": [0, 47], "uv_size": [0.5, 0.5]}
							}
						},
						{
							"origin": [-4.203, 2.39798, 3.7719],
							"size": [0.406, 0.5, 0.10939],
							"pivot": [-4.46878, 2.89798, 3.88129],
							"rotation": [-35, 0, 0],
							"uv": {
								"north": {"uv": [47, 0], "uv_size": [0.5, 0.5]},
								"east": {"uv": [6, 47], "uv_size": [0.5, 0.5]},
								"south": {"uv": [47, 6], "uv_size": [0.5, 0.5]},
								"west": {"uv": [14, 47], "uv_size": [0.5, 0.5]},
								"down": {"uv": [16, 47.5], "uv_size": [0.5, -0.5]}
							}
						},
						{
							"origin": [-4.20311, 4.71637, 3.33308],
							"size": [0.40622, 0.5, 0.5625],
							"pivot": [-4, 4.96637, 3.58308],
							"rotation": [-45, 0, 0],
							"uv": {
								"east": {"uv": [10, 46], "uv_size": [0.5, 0.5]},
								"south": {"uv": [46, 10], "uv_size": [0.5, 0.5]},
								"west": {"uv": [12, 46], "uv_size": [0.5, 0.5]},
								"down": {"uv": [46, 12.5], "uv_size": [0.5, -0.5]}
							}
						},
						{
							"origin": [-4.20311, 4.90387, 3.95808],
							"size": [0.40622, 0.5, 0.125],
							"pivot": [-4, 5.02887, 3.77058],
							"rotation": [-80, 0, 0],
							"uv": {
								"east": {"uv": [53, 36], "uv_size": [0.5, 0.5]},
								"south": {"uv": [53, 38], "uv_size": [0.5, 0.5]},
								"west": {"uv": [53, 40], "uv_size": [0.5, 0.5]}
							}
						},
						{
							"origin": [-4.12506, 4.73198, 2.98936],
							"size": [0.25012, 0.375, 0.5625],
							"pivot": [-4, 4.98198, 3.23936],
							"rotation": [-47.5, 0, 0],
							"uv": {
								"east": {"uv": [9, 7], "uv_size": [0.5, 0.5]},
								"south": {"uv": [9, 8], "uv_size": [0.5, 0.5]},
								"west": {"uv": [9, 9], "uv_size": [0.5, 0.5]},
								"up": {"uv": [9, 10], "uv_size": [0.5, 0.5]},
								"down": {"uv": [9, 11.5], "uv_size": [0.5, -0.5]}
							}
						},
						{
							"origin": [-4.12506, 3.32619, 3.34743],
							"size": [0.25012, 0.5625, 0.125],
							"pivot": [-4.46878, 4.01369, 3.34743],
							"rotation": [180, 0, 0],
							"uv": {
								"north": {"uv": [47, 40], "uv_size": [0.5, 0.5]},
								"east": {"uv": [46, 47], "uv_size": [0.5, 0.5]},
								"south": {"uv": [2, 48], "uv_size": [0.5, 0.5]},
								"west": {"uv": [48, 2], "uv_size": [0.5, 0.5]}
							}
						},
						{
							"origin": [-4.12506, 4.13869, 3.34743],
							"size": [0.25012, 0.375, 0.125],
							"pivot": [-4.46878, 4.13869, 3.34743],
							"rotation": [145, 0, 0],
							"uv": {
								"north": {"uv": [47, 32], "uv_size": [0.5, 0.5]},
								"east": {"uv": [47, 34], "uv_size": [0.5, 0.5]},
								"south": {"uv": [35, 47], "uv_size": [0.5, 0.5]},
								"west": {"uv": [47, 36], "uv_size": [0.5, 0.5]},
								"up": {"uv": [47, 38], "uv_size": [0.5, 0.5]}
							}
						},
						{
							"origin": [-4.40634, 6.74226, 2.77058],
							"size": [0.81268, 0.1875, 0.1875],
							"pivot": [-4, 6.67976, 3.02058],
							"rotation": [-45, 0, 0],
							"uv": {
								"east": {"uv": [53, 18], "uv_size": [0.5, 0.5]},
								"west": {"uv": [53, 20], "uv_size": [0.5, 0.5]}
							}
						},
						{
							"origin": [-4.40634, 4.99226, 2.98918],
							"size": [0.81268, 0.125, 0.125],
							"pivot": [-4, 4.92976, 3.17668],
							"rotation": [-45, 0, 0],
							"uv": {
								"east": {"uv": [53, 18], "uv_size": [0.5, 0.5]},
								"west": {"uv": [53, 20], "uv_size": [0.5, 0.5]}
							}
						},
						{
							"origin": [-4.40634, 4.99226, 0.73918],
							"size": [0.81268, 0.125, 0.125],
							"pivot": [-4, 4.92976, 0.92668],
							"rotation": [-45, 0, 0],
							"uv": {
								"east": {"uv": [53, 18], "uv_size": [0.5, 0.5]},
								"west": {"uv": [53, 20], "uv_size": [0.5, 0.5]}
							}
						},
						{
							"origin": [-4.40634, 5.86726, 4.70808],
							"size": [0.81268, 0.1875, 0.1875],
							"pivot": [-4, 5.80476, 4.95808],
							"rotation": [-45, 0, 0],
							"uv": {
								"east": {"uv": [26, 53], "uv_size": [0.5, 0.5]},
								"west": {"uv": [28, 53], "uv_size": [0.5, 0.5]}
							}
						},
						{
							"origin": [-4.4064, 5.57037, -0.12003],
							"size": [0.8128, 0.375, 0.375],
							"pivot": [-4, 5.75787, 0.06747],
							"rotation": [-45, 0, 0],
							"uv": {
								"east": {"uv": [6, 53], "uv_size": [0.5, 0.5]},
								"west": {"uv": [53, 6], "uv_size": [0.5, 0.5]}
							}
						},
						{
							"origin": [-4.40628, 5.21912, 5.63954],
							"size": [0.81256, 0.75, 0.625],
							"pivot": [-3, 5.96912, 5.76454],
							"rotation": [-5, 0, 0],
							"uv": {
								"east": {"uv": [44, 16], "uv_size": [0.5, 1]},
								"south": {"uv": [27, 34], "uv_size": [1, 1]},
								"west": {"uv": [19, 44], "uv_size": [0.5, 1]},
								"up": {"uv": [21, 44], "uv_size": [1, 0.5]}
							}
						},
						{
							"origin": [-4.20811, 2.64035, 6.58884],
							"size": [0.41622, 1.7843, 1.26509],
							"pivot": [-4, 3.0662, 6.23129],
							"rotation": [-90, 0, 0],
							"uv": {
								"east": {"uv": [16, 18], "uv_size": [1.5, 2]},
								"west": {"uv": [0, 19], "uv_size": [1.5, 2]},
								"up": {"uv": [2, 39], "uv_size": [0.5, 1.5]}
							}
						},
						{
							"origin": [-4.20811, 2.29669, 7.24531],
							"size": [0.41622, 1.61305, 0.62354],
							"pivot": [-4, 2.8162, 6.23129],
							"rotation": [-90, 0, 0],
							"uv": {
								"east": {"uv": [6, 40], "uv_size": [0.5, 1.5]},
								"south": {"uv": [40, 11], "uv_size": [0.5, 1.5]},
								"west": {"uv": [40, 14], "uv_size": [0.5, 1.5]},
								"down": {"uv": [32, 54.5], "uv_size": [0.5, -0.5]}
							}
						},
						{
							"origin": [-4.20811, 1.17865, 7.07611],
							"size": [0.41622, 0.37463, 0.24872],
							"pivot": [-3.745, 1.17865, 7.32483],
							"rotation": [-45, 0, 0],
							"uv": {
								"east": {"uv": [36, 54], "uv_size": [0.5, 0.5]},
								"south": {"uv": [38, 54], "uv_size": [0.5, 0.5]},
								"west": {"uv": [40, 54], "uv_size": [0.5, 0.5]}
							}
						},
						{
							"origin": [-4.20811, 2.6169, 5.85475],
							"size": [0.41622, 1.53, 1.275],
							"pivot": [-4, 3.0662, 6.23129],
							"rotation": [-65, 0, 0],
							"uv": {
								"east": {"uv": [23, 21], "uv_size": [1.5, 1.5]},
								"west": {"uv": [8, 24], "uv_size": [1.5, 1.5]},
								"up": {"uv": [4, 39], "uv_size": [0.5, 1.5]}
							}
						},
						{
							"origin": [-4.20811, 2.25751, 5.27321],
							"size": [0.41622, 0.49439, 2.115],
							"pivot": [-4, 3.0662, 6.20007],
							"rotation": [-74.5, 0, 0],
							"uv": {
								"east": {"uv": [35, 0], "uv_size": [2, 0.5]},
								"west": {"uv": [6, 35], "uv_size": [2, 0.5]},
								"down": {"uv": [29, 36], "uv_size": [0.5, -2]}
							}
						},
						{
							"origin": [-4.20811, 2.19233, 5.1416],
							"size": [0.41622, 1.67186, 1.91],
							"pivot": [-4.255, 3.86419, 7.0516],
							"rotation": [-58.5, 0, 0],
							"uv": {
								"east": {"uv": [3, 19], "uv_size": [2, 1.5]},
								"west": {"uv": [6, 19], "uv_size": [2, 1.5]},
								"up": {"uv": [9, 35], "uv_size": [0.5, 2]},
								"down": {"uv": [13, 37], "uv_size": [0.5, -2]}
							}
						},
						{
							"origin": [-3.89067, 7.3543, 2.63112],
							"size": [0.17195, 0.49982, 0.21866],
							"uv": {
								"north": {"uv": [12, 52], "uv_size": [0.5, 0.5]},
								"east": {"uv": [52, 12], "uv_size": [0.5, 0.5]},
								"south": {"uv": [52, 14], "uv_size": [0.5, 0.5]},
								"west": {"uv": [52, 16], "uv_size": [0.5, 0.5]},
								"up": {"uv": [18, 52], "uv_size": [0.5, 0.5]}
							}
						},
						{
							"origin": [-4.28128, 7.3543, 2.63112],
							"size": [0.17195, 0.49982, 0.21866],
							"uv": {
								"north": {"uv": [20, 52], "uv_size": [0.5, 0.5]},
								"east": {"uv": [24, 52], "uv_size": [0.5, 0.5]},
								"south": {"uv": [52, 24], "uv_size": [0.5, 0.5]},
								"west": {"uv": [52, 26], "uv_size": [0.5, 0.5]},
								"up": {"uv": [30, 52], "uv_size": [0.5, 0.5]}
							}
						},
						{
							"origin": [-4.40628, 6.85276, 2.53381],
							"size": [0.29695, 1.0625, 0.375],
							"pivot": [-5, 7.91526, 4.40881],
							"rotation": [17.5, 0, 0],
							"uv": {
								"north": {"uv": [34, 44], "uv_size": [0.5, 1]},
								"east": {"uv": [38, 44], "uv_size": [0.5, 1]},
								"south": {"uv": [40, 44], "uv_size": [0.5, 1]},
								"west": {"uv": [42, 44], "uv_size": [0.5, 1]},
								"up": {"uv": [36, 52], "uv_size": [0.5, 0.5]}
							}
						},
						{
							"origin": [-4.40628, 7.54026, 2.28381],
							"size": [0.25012, 0.8125, 0.1875],
							"pivot": [-5, 8.35276, 3.97131],
							"rotation": [52.5, 0, 0],
							"uv": {
								"east": {"uv": [44, 44], "uv_size": [0.5, 1]},
								"south": {"uv": [0, 45], "uv_size": [0.5, 1]},
								"west": {"uv": [45, 0], "uv_size": [0.5, 1]}
							}
						},
						{
							"origin": [-4.40634, 5.67976, 3.33308],
							"size": [0.81268, 0.25, 0.25],
							"pivot": [-4, 5.80476, 3.45808],
							"rotation": [-45, 0, 0],
							"uv": {
								"east": {"uv": [22, 53], "uv_size": [0.5, 0.5]},
								"west": {"uv": [53, 22], "uv_size": [0.5, 0.5]}
							}
						},
						{
							"origin": [-4.62512, 2.61726, 6.20808],
							"size": [1.25024, 0.375, 0.375],
							"pivot": [-4, 2.74226, 6.33308],
							"rotation": [-45, 0, 0],
							"uv": {
								"east": {"uv": [53, 32], "uv_size": [0.5, 0.5]},
								"west": {"uv": [34, 53], "uv_size": [0.5, 0.5]}
							}
						},
						{
							"origin": [-4.40628, 4.66526, 2.97131],
							"size": [0.25061, 1.76524, 1.87838],
							"pivot": [-5, 6.41526, 4.84631],
							"rotation": [-15, 0, 0],
							"uv": {
								"north": {"uv": [35, 28], "uv_size": [0.5, 2]},
								"east": {"uv": [14, 8], "uv_size": [2, 2]},
								"west": {"uv": [14, 11], "uv_size": [2, 2]},
								"up": {"uv": [31, 35], "uv_size": [0.5, 2]},
								"down": {"uv": [35, 33], "uv_size": [0.5, -2]}
							}
						},
						{
							"origin": [-4.40628, 5.09137, 0.20808],
							"size": [0.18756, 0.1875, 3.375],
							"pivot": [-4.40628, 5.09137, 3.52058],
							"rotation": [0, 0, 45],
							"uv": {
								"north": {"uv": [54, 42], "uv_size": [0.5, 0.5]},
								"down": {"uv": [7, 33.5], "uv_size": [0.5, -3.5]}
							}
						}
					]
				},
				{
					"name": "octagon2",
					"parent": "main",
					"pivot": [-4, 5.75, 0.0625],
					"cubes": [
						{
							"origin": [-4.40628, 5.16, -0.18189],
							"size": [0.81256, 1.18, 0.48877],
							"uv": {
								"east": {"uv": [0, 43], "uv_size": [0.5, 1]},
								"west": {"uv": [43, 0], "uv_size": [0.5, 1]},
								"up": {"uv": [6, 43], "uv_size": [1, 0.5]},
								"down": {"uv": [43, 6.5], "uv_size": [1, -0.5]}
							}
						},
						{
							"origin": [-4.40628, 5.16, -0.18189],
							"size": [0.81256, 1.18, 0.48877],
							"pivot": [-4.18, 5.75, 0.0625],
							"rotation": [-45, 0, 0],
							"uv": {
								"east": {"uv": [32, 42], "uv_size": [0.5, 1]},
								"west": {"uv": [34, 42], "uv_size": [0.5, 1]},
								"up": {"uv": [39, 42], "uv_size": [1, 0.5]},
								"down": {"uv": [41, 42.5], "uv_size": [1, -0.5]}
							}
						},
						{
							"origin": [-4.40628, 5.50561, -0.5275],
							"size": [0.81256, 0.48877, 1.18],
							"uv": {
								"north": {"uv": [21, 42], "uv_size": [1, 0.5]},
								"east": {"uv": [26, 42], "uv_size": [1, 0.5]},
								"south": {"uv": [42, 26], "uv_size": [1, 0.5]},
								"west": {"uv": [42, 28], "uv_size": [1, 0.5]}
							}
						},
						{
							"origin": [-4.40628, 5.50561, -0.5275],
							"size": [0.81256, 0.48877, 1.18],
							"pivot": [-4.18, 5.75, 0.0625],
							"rotation": [-45, 0, 0],
							"uv": {
								"north": {"uv": [42, 11], "uv_size": [1, 0.5]},
								"east": {"uv": [42, 13], "uv_size": [1, 0.5]},
								"south": {"uv": [42, 15], "uv_size": [1, 0.5]},
								"west": {"uv": [19, 42], "uv_size": [1, 0.5]}
							}
						}
					]
				},
				{
					"name": "octagon3",
					"parent": "main",
					"pivot": [-4, 6.375, 2.38712],
					"cubes": [
						{
							"origin": [-4.22757, 5.4533, 2.62712],
							"size": [0.45515, 1.84339, 0.102],
							"pivot": [-4, 6.375, 2.38712],
							"rotation": [0, 0, 30],
							"uv": {
								"north": {"uv": [34, 8], "uv_size": [0.5, 2]},
								"east": {"uv": [11, 34], "uv_size": [0.5, 2]},
								"south": {"uv": [34, 11], "uv_size": [0.5, 2]},
								"up": {"uv": [50, 24], "uv_size": [0.5, 0.5]},
								"down": {"uv": [50, 26.5], "uv_size": [0.5, -0.5]}
							}
						},
						{
							"origin": [-4.26376, 5.463, 2.62712],
							"size": [0.52753, 1.44894, 0.352],
							"uv": {
								"north": {"uv": [39, 30], "uv_size": [0.5, 1.5]},
								"east": {"uv": [32, 39], "uv_size": [0.5, 1.5]},
								"south": {"uv": [39, 33], "uv_size": [0.5, 1.5]},
								"west": {"uv": [39, 36], "uv_size": [0.5, 1.5]},
								"up": {"uv": [54, 14], "uv_size": [0.5, 0.5]}
							}
						},
						{
							"origin": [-4.22757, 5.4533, 2.62712],
							"size": [0.45515, 1.84339, 0.102],
							"pivot": [-4, 6.375, 2.38712],
							"rotation": [0, 0, -30],
							"uv": {
								"north": {"uv": [0, 34], "uv_size": [0.5, 2]},
								"south": {"uv": [34, 2], "uv_size": [0.5, 2]},
								"west": {"uv": [34, 5], "uv_size": [0.5, 2]},
								"up": {"uv": [20, 50], "uv_size": [0.5, 0.5]},
								"down": {"uv": [24, 50.5], "uv_size": [0.5, -0.5]}
							}
						},
						{
							"origin": [-4.22757, 5.4533, 2.62712],
							"size": [0.45515, 1.84339, 0.102],
							"pivot": [-4, 6.375, 2.38712],
							"rotation": [0, 0, 90],
							"uv": {
								"north": {"uv": [34, 14], "uv_size": [0.5, 2]},
								"south": {"uv": [15, 34], "uv_size": [0.5, 2]},
								"up": {"uv": [30, 50], "uv_size": [0.5, 0.5]},
								"down": {"uv": [32, 50.5], "uv_size": [0.5, -0.5]}
							}
						},
						{
							"origin": [-4.26376, 5.463, 2.62712],
							"size": [0.52753, 1.824, 0.1021],
							"pivot": [-4, 6.375, 2.38712],
							"rotation": [0, 0, 60],
							"uv": {
								"north": {"uv": [17, 34], "uv_size": [0.5, 2]},
								"south": {"uv": [34, 17], "uv_size": [0.5, 2]},
								"up": {"uv": [37, 50], "uv_size": [0.5, 0.5]},
								"down": {"uv": [39, 50.5], "uv_size": [0.5, -0.5]}
							}
						},
						{
							"origin": [-4.26376, 5.463, 2.62712],
							"size": [0.52753, 1.824, 0.1021],
							"pivot": [-4, 6.375, 2.38712],
							"rotation": [0, 0, 120],
							"uv": {
								"north": {"uv": [34, 20], "uv_size": [0.5, 2]},
								"south": {"uv": [21, 34], "uv_size": [0.5, 2]},
								"up": {"uv": [41, 50], "uv_size": [0.5, 0.5]},
								"down": {"uv": [50, 42.5], "uv_size": [0.5, -0.5]}
							}
						}
					]
				},
				{
					"name": "rotate",
					"parent": "gun",
					"pivot": [-4, 5.75, 0.0625],
					"cubes": [
						{
							"origin": [-4.21878, 6.15387, -2.54192],
							"size": [0.43756, 0.5625, 3.125],
							"uv": {
								"east": {"uv": [30, 16], "uv_size": [3, 0.5]},
								"south": {"uv": [10, 48], "uv_size": [0.5, 0.5]},
								"west": {"uv": [30, 18], "uv_size": [3, 0.5]}
							}
						},
						{
							"origin": [-4.21878, 6.41948, -3.60442],
							"size": [0.43756, 0.125, 0.75],
							"pivot": [-4.21878, 6.41948, -2.79192],
							"rotation": [-17.5, 0, 0],
							"uv": {
								"east": {"uv": [45, 6], "uv_size": [1, 0.5]},
								"west": {"uv": [14, 45], "uv_size": [1, 0.5]},
								"down": {"uv": [16, 46], "uv_size": [0.5, -1]}
							}
						},
						{
							"origin": [-4.09378, 5.96637, -2.60436],
							"size": [0.19028, 0.22533, 1.49994],
							"pivot": [-3.90622, 5.96637, -1.10442],
							"rotation": [0, 0, 33],
							"uv": {
								"west": {"uv": [38, 3], "uv_size": [1.5, 0.5]}
							}
						},
						{
							"origin": [-4.09649, 5.96637, -2.60436],
							"size": [0.19028, 0.22533, 1.49994],
							"pivot": [-4.09378, 5.96637, -1.10442],
							"rotation": [0, 0, -33],
							"uv": {
								"east": {"uv": [23, 38], "uv_size": [1.5, 0.5]}
							}
						},
						{
							"origin": [-4.21878, 5.96637, -1.10442],
							"size": [0.43756, 0.1875, 0.75],
							"uv": {
								"east": {"uv": [27, 45], "uv_size": [1, 0.5]},
								"west": {"uv": [29, 45], "uv_size": [1, 0.5]},
								"down": {"uv": [45, 30], "uv_size": [0.5, -1]}
							}
						},
						{
							"origin": [-4.34378, 5.96637, -0.72942],
							"size": [0.68756, 0.375, 0.6875],
							"pivot": [-4, 6.12262, -0.32317],
							"rotation": [47.5, 0, 0],
							"uv": {
								"north": {"uv": [53, 52], "uv_size": [0.5, 0.5]},
								"east": {"uv": [2, 54], "uv_size": [0.5, 0.5]},
								"west": {"uv": [54, 2], "uv_size": [0.5, 0.5]},
								"up": {"uv": [4, 54], "uv_size": [0.5, 0.5]}
							}
						},
						{
							"origin": [-4.34378, 6.29026, -0.29444],
							"size": [0.68756, 0.1875, 0.6875],
							"uv": {
								"east": {"uv": [54, 4], "uv_size": [0.5, 0.5]},
								"west": {"uv": [8, 54], "uv_size": [0.5, 0.5]},
								"up": {"uv": [54, 8], "uv_size": [0.5, 0.5]}
							}
						},
						{
							"origin": [-4.34378, 6.29026, 0.39306],
							"size": [0.68756, 0.1875, 0.4375],
							"pivot": [-3.65622, 6.47776, 0.39306],
							"rotation": [-45, 0, 0],
							"uv": {
								"east": {"uv": [10, 54], "uv_size": [0.5, 0.5]},
								"south": {"uv": [54, 10], "uv_size": [0.5, 0.5]},
								"west": {"uv": [12, 54], "uv_size": [0.5, 0.5]},
								"up": {"uv": [54, 12], "uv_size": [0.5, 0.5]}
							}
						},
						{
							"origin": [-4.21878, 5.96637, -1.47942],
							"size": [0.43756, 0.1875, 0.375],
							"pivot": [-3.78122, 5.96637, -1.10442],
							"rotation": [-35, 0, 0],
							"uv": {
								"east": {"uv": [43, 50], "uv_size": [0.5, 0.5]},
								"west": {"uv": [50, 44], "uv_size": [0.5, 0.5]},
								"down": {"uv": [50, 46.5], "uv_size": [0.5, -0.5]}
							}
						},
						{
							"origin": [-4.14079, 7.5757, -6.91692],
							"size": [0.28159, 0.10939, 7.56256],
							"uv": {
								"north": {"uv": [46, 2], "uv_size": [0.5, 0.5]},
								"east": {"uv": [14, 14], "uv_size": [7.5, 0.5]},
								"west": {"uv": [0, 15], "uv_size": [7.5, 0.5]},
								"up": {"uv": [9, 15], "uv_size": [0.5, 7.5]},
								"down": {"uv": [14, 23.5], "uv_size": [0.5, -7.5]}
							}
						},
						{
							"origin": [-4.06268, 7.68497, -6.41692],
							"size": [0.12537, 0.25012, 0.5],
							"uv": {
								"east": {"uv": [49, 6], "uv_size": [0.5, 0.5]},
								"west": {"uv": [14, 49], "uv_size": [0.5, 0.5]},
								"up": {"uv": [16, 49], "uv_size": [0.5, 0.5]}
							}
						},
						{
							"origin": [-4.06268, 7.68497, -5.91692],
							"size": [0.12537, 0.25012, 0.4375],
							"pivot": [-4.14079, 7.93509, -5.91692],
							"rotation": [-37.5, 0, 0],
							"uv": {
								"east": {"uv": [49, 18], "uv_size": [0.5, 0.5]},
								"west": {"uv": [49, 20], "uv_size": [0.5, 0.5]},
								"up": {"uv": [22, 49], "uv_size": [0.5, 0.5]}
							}
						},
						{
							"origin": [-4.06268, 7.68497, -6.85442],
							"size": [0.12537, 0.25012, 0.4375],
							"pivot": [-4.14079, 7.93509, -6.41692],
							"rotation": [37.5, 0, 0],
							"uv": {
								"east": {"uv": [49, 22], "uv_size": [0.5, 0.5]},
								"west": {"uv": [26, 49], "uv_size": [0.5, 0.5]},
								"up": {"uv": [28, 49], "uv_size": [0.5, 0.5]}
							}
						},
						{
							"origin": [-4.08839, 7.26314, -6.91692],
							"size": [0.17678, 0.40634, 7.625],
							"pivot": [-4.08839, 7.51326, -6.91692],
							"rotation": [0, 0, 20],
							"uv": {
								"north": {"uv": [48, 10], "uv_size": [0.5, 0.5]},
								"east": {"uv": [16, 16], "uv_size": [7.5, 0.5]},
								"south": {"uv": [12, 48], "uv_size": [0.5, 0.5]},
								"west": {"uv": [0, 17], "uv_size": [7.5, 0.5]}
							}
						},
						{
							"origin": [-4.08839, 7.26314, -6.91692],
							"size": [0.17678, 0.40634, 7.625],
							"pivot": [-3.91161, 7.51326, -6.91692],
							"rotation": [0, 0, -20],
							"uv": {
								"north": {"uv": [48, 12], "uv_size": [0.5, 0.5]},
								"east": {"uv": [17, 8], "uv_size": [7.5, 0.5]},
								"south": {"uv": [48, 14], "uv_size": [0.5, 0.5]},
								"west": {"uv": [17, 10], "uv_size": [7.5, 0.5]}
							}
						},
						{
							"origin": [-4.40628, 7.34137, 1.83308],
							"size": [0.81256, 0.5, 1.10939],
							"uv": {
								"east": {"uv": [43, 30], "uv_size": [1, 0.5]},
								"south": {"uv": [43, 32], "uv_size": [1, 0.5]},
								"west": {"uv": [43, 34], "uv_size": [1, 0.5]},
								"up": {"uv": [31, 30], "uv_size": [1, 1]},
								"down": {"uv": [0, 33], "uv_size": [1, -1]}
							}
						},
						{
							"origin": [-4.03128, 7.34137, 1.83308],
							"size": [0.43756, 0.5, 0.25],
							"pivot": [-3.59372, 7.84137, 1.83308],
							"rotation": [0, -50, 0],
							"uv": {
								"north": {"uv": [51, 20], "uv_size": [0.5, 0.5]},
								"up": {"uv": [22, 51], "uv_size": [0.5, 0.5]}
							}
						},
						{
							"origin": [-4.1875, 7.74765, 1.02058],
							"size": [0.4375, 0.125, 0.4375],
							"pivot": [-4, 7.77887, 1.20808],
							"rotation": [0, -45, 0],
							"uv": {
								"north": {"uv": [48, 44], "uv_size": [0.5, 0.5]},
								"east": {"uv": [48, 46], "uv_size": [0.5, 0.5]},
								"south": {"uv": [48, 48], "uv_size": [0.5, 0.5]},
								"west": {"uv": [0, 49], "uv_size": [0.5, 0.5]},
								"up": {"uv": [49, 0], "uv_size": [0.5, 0.5]},
								"down": {"uv": [6, 49.5], "uv_size": [0.5, -0.5]}
							}
						},
						{
							"origin": [-4.40628, 7.21637, 1.83308],
							"size": [0.81256, 0.625, 0.125],
							"pivot": [-3.59372, 7.84137, 1.83308],
							"rotation": [-55, 0, 0],
							"uv": {
								"north": {"uv": [44, 2], "uv_size": [1, 0.5]},
								"east": {"uv": [24, 48], "uv_size": [0.5, 0.5]},
								"west": {"uv": [48, 24], "uv_size": [0.5, 0.5]}
							}
						},
						{
							"origin": [-4.40628, 7.06009, 1.58308],
							"size": [0.81256, 0.4689, 0.07817],
							"pivot": [-3.59372, 7.62265, 1.58308],
							"rotation": [-77, 0, 0],
							"uv": {
								"north": {"uv": [6, 45], "uv_size": [1, 0.5]},
								"east": {"uv": [44, 53], "uv_size": [0.5, 0.5]},
								"west": {"uv": [53, 50], "uv_size": [0.5, 0.5]}
							}
						},
						{
							"origin": [-4.40628, 7.40369, 1.95796],
							"size": [0.81256, 0.35963, 0.15646],
							"pivot": [-3.59372, 7.84137, 1.83308],
							"rotation": [-55, 0, 0],
							"uv": {
								"east": {"uv": [48, 42], "uv_size": [0.5, 0.5]},
								"west": {"uv": [43, 48], "uv_size": [0.5, 0.5]}
							}
						},
						{
							"origin": [-4.40628, 7.34137, 0.83308],
							"size": [0.81256, 0.15622, 1],
							"uv": {
								"north": {"uv": [36, 43], "uv_size": [1, 0.5]},
								"east": {"uv": [43, 36], "uv_size": [1, 0.5]},
								"west": {"uv": [43, 38], "uv_size": [1, 0.5]},
								"up": {"uv": [32, 2], "uv_size": [1, 1]},
								"down": {"uv": [32, 5], "uv_size": [1, -1]}
							}
						},
						{
							"origin": [-4.14079, 7.46643, 0.64558],
							"size": [0.28159, 0.37476, 1.1875],
							"uv": {
								"east": {"uv": [43, 40], "uv_size": [1, 0.5]},
								"west": {"uv": [43, 42], "uv_size": [1, 0.5]},
								"up": {"uv": [2, 44], "uv_size": [0.5, 1]}
							}
						},
						{
							"origin": [-4.14079, 7.66365, 0.23559],
							"size": [0.28159, 0.17753, 0.40999],
							"pivot": [-4.14079, 7.84119, 0.64558],
							"rotation": [22.5, 0, 0],
							"uv": {
								"east": {"uv": [48, 16], "uv_size": [0.5, 0.5]},
								"west": {"uv": [18, 48], "uv_size": [0.5, 0.5]},
								"up": {"uv": [20, 48], "uv_size": [0.5, 0.5]}
							}
						},
						{
							"origin": [-4.40634, 7.42976, 2.02058],
							"size": [0.81268, 0.1875, 0.1875],
							"pivot": [-4, 7.36726, 2.27058],
							"rotation": [-45, 0, 0],
							"uv": {
								"east": {"uv": [53, 28], "uv_size": [0.5, 0.5]},
								"west": {"uv": [53, 30], "uv_size": [0.5, 0.5]}
							}
						},
						{
							"origin": [-4.21884, 6.20076, -2.04192],
							"size": [0.43768, 0.125, 0.125],
							"pivot": [-4, 6.26326, -1.97942],
							"rotation": [-45, 0, 0],
							"uv": {
								"east": {"uv": [14, 53], "uv_size": [0.5, 0.5]},
								"west": {"uv": [16, 53], "uv_size": [0.5, 0.5]}
							}
						},
						{
							"origin": [-4.15628, 7.51326, 2.02058],
							"size": [0.09384, 0.375, 0.375],
							"pivot": [-3.9375, 7.63826, 2.27058],
							"rotation": [-45, 0, 0],
							"uv": {
								"north": {"uv": [47, 50], "uv_size": [0.5, 0.5]},
								"east": {"uv": [50, 48], "uv_size": [0.5, 0.5]},
								"west": {"uv": [49, 50], "uv_size": [0.5, 0.5]},
								"up": {"uv": [0, 51], "uv_size": [0.5, 0.5]}
							}
						},
						{
							"origin": [-4.06262, 7.63826, 2.14558],
							"size": [0.12506, 0.25, 0.25],
							"pivot": [-3.84384, 7.63826, 2.27058],
							"rotation": [-45, 0, 0],
							"uv": {
								"north": {"uv": [16, 51], "uv_size": [0.5, 0.5]},
								"up": {"uv": [51, 18], "uv_size": [0.5, 0.5]}
							}
						},
						{
							"origin": [-4.40628, 7.34137, 0.83308],
							"size": [0.68756, 0.15622, 0.25],
							"pivot": [-4.40628, 7.34137, 0.83308],
							"rotation": [-40.0129, 57.77464, -34.32669],
							"uv": {
								"north": {"uv": [37, 48], "uv_size": [0.5, 0.5]},
								"up": {"uv": [39, 48], "uv_size": [0.5, 0.5]},
								"down": {"uv": [41, 48.5], "uv_size": [0.5, -0.5]}
							}
						},
						{
							"origin": [-4.28128, 7.34137, 0.83308],
							"size": [0.68756, 0.15622, 0.25],
							"pivot": [-3.59372, 7.34137, 0.83308],
							"rotation": [-40.0129, -57.77464, 34.32669],
							"uv": {
								"north": {"uv": [48, 26], "uv_size": [0.5, 0.5]},
								"up": {"uv": [31, 48], "uv_size": [0.5, 0.5]},
								"down": {"uv": [33, 48.5], "uv_size": [0.5, -0.5]}
							}
						},
						{
							"origin": [-4.09606, 5.96489, -2.60436],
							"size": [0.19211, 0.18898, 1.49994],
							"uv": {
								"down": {"uv": [30, 39.5], "uv_size": [0.5, -1.5]}
							}
						},
						{
							"origin": [-4.09606, 6.00472, -3.58878],
							"size": [0.19211, 0.18898, 1],
							"pivot": [-3.90622, 6.0062, -2.65128],
							"rotation": [-40, 0, 0],
							"uv": {
								"down": {"uv": [45, 34], "uv_size": [0.5, -1]}
							}
						},
						{
							"origin": [-4.09649, 6.0062, -3.58878],
							"size": [0.19028, 0.22533, 1],
							"pivot": [-4.09378, 6.0062, -2.65128],
							"rotation": [-35.1351, -20.4927, -26.4492],
							"uv": {
								"east": {"uv": [45, 35], "uv_size": [1, 0.5]}
							}
						},
						{
							"origin": [-4.21878, 5.44536, -3.72029],
							"size": [0.43756, 0.5625, 0.875],
							"pivot": [-3, 5.38286, -1.72029],
							"rotation": [-40, 0, 0],
							"uv": {
								"east": {"uv": [36, 45], "uv_size": [1, 0.5]},
								"west": {"uv": [45, 37], "uv_size": [1, 0.5]}
							}
						},
						{
							"origin": [-4.09378, 5.8455, -3.64727],
							"size": [0.19028, 0.22533, 1],
							"pivot": [-3.90622, 5.8455, -2.45977],
							"rotation": [-35.1351, 20.4927, 26.4492],
							"uv": {
								"west": {"uv": [45, 31], "uv_size": [1, 0.5]}
							}
						},
						{
							"origin": [-3.93756, 7.51326, 2.02058],
							"size": [0.09384, 0.375, 0.375],
							"pivot": [-4.0625, 7.63826, 2.27058],
							"rotation": [-45, 0, 0],
							"uv": {
								"north": {"uv": [51, 0], "uv_size": [0.5, 0.5]},
								"east": {"uv": [6, 51], "uv_size": [0.5, 0.5]},
								"west": {"uv": [51, 6], "uv_size": [0.5, 0.5]},
								"up": {"uv": [14, 51], "uv_size": [0.5, 0.5]}
							}
						},
						{
							"origin": [-4.40628, 7.34137, 1.83308],
							"size": [0.43756, 0.5, 0.25],
							"pivot": [-4.40628, 7.84137, 1.83308],
							"rotation": [0, 50, 0],
							"uv": {
								"north": {"uv": [51, 22], "uv_size": [0.5, 0.5]},
								"up": {"uv": [26, 51], "uv_size": [0.5, 0.5]}
							}
						},
						{
							"origin": [-3.84378, 7.47424, 2.67852],
							"size": [-0.31244, 0.08237, 0.44471],
							"uv": {
								"east": {"uv": [45, 51], "uv_size": [0.5, 0.5]},
								"south": {"uv": [51, 50], "uv_size": [0.5, 0.5]},
								"west": {"uv": [2, 52], "uv_size": [0.5, 0.5]},
								"up": {"uv": [52, 2], "uv_size": [0.5, 0.5]},
								"down": {"uv": [4, 52.5], "uv_size": [0.5, -0.5]}
							}
						},
						{
							"origin": [-4.46878, 7.45076, 2.70808],
							"size": [0.93756, 0.3125, 0.3125],
							"pivot": [-4, 7.51326, 2.95808],
							"rotation": [-45, 0, 0],
							"uv": {
								"north": {"uv": [45, 18], "uv_size": [1, 0.5]},
								"east": {"uv": [50, 54], "uv_size": [0.5, 0.5]},
								"south": {"uv": [45, 20], "uv_size": [1, 0.5]},
								"west": {"uv": [52, 54], "uv_size": [0.5, 0.5]},
								"up": {"uv": [45, 22], "uv_size": [1, 0.5]},
								"down": {"uv": [23, 45.5], "uv_size": [1, -0.5]}
							}
						}
					]
				},
				{
					"name": "green_illuminated",
					"parent": "rotate",
					"pivot": [-4.17177, 7.57588, -5.855],
					"cubes": [
						{
							"origin": [-4.14049, 7.81015, 2.04561],
							"size": [0.06262, 0.0625, 0.09378],
							"pivot": [-4.28104, 7.62265, 2.29561],
							"rotation": [-45, 0, 0],
							"uv": {
								"up": {"uv": [55, 20], "uv_size": [0.5, 0.5]}
							}
						},
						{
							"origin": [-3.92195, 7.81015, 2.04561],
							"size": [0.06262, 0.0625, 0.09372],
							"pivot": [-4.0625, 7.62265, 2.29561],
							"rotation": [-45, 0, 0],
							"uv": {
								"up": {"uv": [55, 20], "uv_size": [0.5, 0.5]}
							}
						},
						{
							"origin": [-4.03122, 7.76338, -6.1],
							"size": [0.06262, 0.0625, 0.1875],
							"pivot": [-4.17177, 7.57588, -5.855],
							"rotation": [-37.5, 0, 0],
							"uv": {
								"up": {"uv": [55, 20], "uv_size": [0.5, 0.5]}
							}
						}
					]
				},
				{
					"name": "octagon4",
					"parent": "rotate",
					"pivot": [-4, 6.95317, 0],
					"cubes": [
						{
							"origin": [-4.15533, 6.57817, -7],
							"size": [0.31066, 0.75, 7.75],
							"pivot": [-4, 6.95317, 0],
							"rotation": [0, 0, 45],
							"uv": {
								"north": {"uv": [15, 43], "uv_size": [0.5, 1]},
								"south": {"uv": [17, 43], "uv_size": [0.5, 1]},
								"up": {"uv": [8, 6], "uv_size": [0.5, 8]},
								"down": {"uv": [10, 14], "uv_size": [0.5, -8]}
							}
						},
						{
							"origin": [-4.15533, 6.57817, -7],
							"size": [0.31066, 0.75, 7.75],
							"uv": {
								"north": {"uv": [43, 19], "uv_size": [0.5, 1]},
								"south": {"uv": [43, 21], "uv_size": [0.5, 1]},
								"up": {"uv": [12, 0], "uv_size": [0.5, 8]},
								"down": {"uv": [12, 17], "uv_size": [0.5, -8]}
							}
						},
						{
							"origin": [-4.375, 6.79784, -7],
							"size": [0.75, 0.31066, 7.75],
							"pivot": [-4, 6.95317, 0],
							"rotation": [0, 0, 45],
							"uv": {
								"north": {"uv": [23, 43], "uv_size": [1, 0.5]},
								"east": {"uv": [14, 0], "uv_size": [8, 0.5]},
								"south": {"uv": [43, 23], "uv_size": [1, 0.5]},
								"west": {"uv": [14, 2], "uv_size": [8, 0.5]}
							}
						},
						{
							"origin": [-4.375, 6.79784, -7],
							"size": [0.75, 0.31066, 7.75],
							"uv": {
								"north": {"uv": [28, 43], "uv_size": [1, 0.5]},
								"east": {"uv": [14, 4], "uv_size": [8, 0.5]},
								"south": {"uv": [30, 43], "uv_size": [1, 0.5]},
								"west": {"uv": [14, 6], "uv_size": [8, 0.5]}
							}
						}
					]
				},
				{
					"name": "revolve",
					"parent": "rotate",
					"pivot": [-4, 6.375, 2.15622],
					"cubes": [
						{
							"origin": [-4.1216, 5.50941, 0.78747],
							"size": [0.24319, 1.73119, 1.36875],
							"pivot": [-4, 6.375, 2.15622],
							"rotation": [0, 0, 90],
							"uv": {
								"north": {"uv": [37, 37], "uv_size": [0.5, 1.5]},
								"up": {"uv": [38, 0], "uv_size": [0.5, 1.5]},
								"down": {"uv": [8, 39.5], "uv_size": [0.5, -1.5]}
							}
						},
						{
							"origin": [-4.1216, 5.50941, 0.78747],
							"size": [0.24319, 1.73119, 1.36875],
							"pivot": [-4, 6.375, 2.15622],
							"rotation": [0, 0, -150],
							"uv": {
								"north": {"uv": [37, 31], "uv_size": [0.5, 1.5]},
								"up": {"uv": [37, 34], "uv_size": [0.5, 1.5]},
								"down": {"uv": [35, 38.5], "uv_size": [0.5, -1.5]}
							}
						},
						{
							"origin": [-4.1216, 5.50941, 0.78747],
							"size": [0.24319, 1.73119, 1.36875],
							"pivot": [-4, 6.375, 2.15622],
							"rotation": [0, 0, 150],
							"uv": {
								"north": {"uv": [38, 11], "uv_size": [0.5, 1.5]},
								"up": {"uv": [13, 38], "uv_size": [0.5, 1.5]},
								"down": {"uv": [38, 15.5], "uv_size": [0.5, -1.5]}
							}
						},
						{
							"origin": [-4.27475, 5.425, 0.78747],
							"size": [0.54951, 1.9, 1.725],
							"pivot": [-4, 6.375, 2.15622],
							"rotation": [0, 0, 120],
							"uv": {
								"north": {"uv": [4, 33], "uv_size": [0.5, 2]},
								"south": {"uv": [19, 33], "uv_size": [0.5, 2]},
								"up": {"uv": [28, 37], "uv_size": [0.5, 1.5]},
								"down": {"uv": [37, 29.5], "uv_size": [0.5, -1.5]}
							}
						},
						{
							"origin": [-4.27475, 5.425, 0.78747],
							"size": [0.54951, 1.9, 1.725],
							"pivot": [-4, 6.375, 2.15622],
							"rotation": [0, 0, -120],
							"uv": {
								"north": {"uv": [31, 32], "uv_size": [0.5, 2]},
								"south": {"uv": [2, 33], "uv_size": [0.5, 2]},
								"up": {"uv": [21, 37], "uv_size": [0.5, 1.5]},
								"down": {"uv": [37, 26.5], "uv_size": [0.5, -1.5]}
							}
						},
						{
							"origin": [-4.23706, 5.4149, 2.09372],
							"size": [0.47411, 1.9202, 0.41875],
							"pivot": [-4, 6.375, 2.15622],
							"rotation": [0, 0, 90],
							"uv": {
								"north": {"uv": [33, 30], "uv_size": [0.5, 2]},
								"south": {"uv": [33, 33], "uv_size": [0.5, 2]},
								"up": {"uv": [50, 16], "uv_size": [0.5, 0.5]},
								"down": {"uv": [18, 50.5], "uv_size": [0.5, -0.5]}
							}
						},
						{
							"origin": [-4.23706, 5.4149, 2.09372],
							"size": [0.47411, 1.9202, 0.41875],
							"pivot": [-4, 6.375, 2.15622],
							"rotation": [0, 0, 30],
							"uv": {
								"north": {"uv": [25, 33], "uv_size": [0.5, 2]},
								"south": {"uv": [33, 27], "uv_size": [0.5, 2]},
								"up": {"uv": [50, 12], "uv_size": [0.5, 0.5]},
								"down": {"uv": [50, 14.5], "uv_size": [0.5, -0.5]}
							}
						},
						{
							"origin": [-4.23706, 5.4149, 2.09372],
							"size": [0.47411, 1.9202, 0.41875],
							"pivot": [-4, 6.375, 2.15622],
							"rotation": [0, 0, -30],
							"uv": {
								"north": {"uv": [23, 33], "uv_size": [0.5, 2]},
								"south": {"uv": [33, 24], "uv_size": [0.5, 2]},
								"up": {"uv": [50, 10], "uv_size": [0.5, 0.5]},
								"down": {"uv": [12, 50.5], "uv_size": [0.5, -0.5]}
							}
						},
						{
							"origin": [-4.27475, 5.425, 0.78747],
							"size": [0.54951, 1.9, 1.725],
							"uv": {
								"north": {"uv": [36, 11], "uv_size": [0.5, 2]},
								"south": {"uv": [36, 14], "uv_size": [0.5, 2]},
								"up": {"uv": [24, 40], "uv_size": [0.5, 1.5]},
								"down": {"uv": [28, 41.5], "uv_size": [0.5, -1.5]}
							}
						},
						{
							"origin": [-5.70064, 4.0543, 0.78747],
							"size": [1.42589, 1.3707, 1.4125],
							"pivot": [-4.27475, 5.425, 0.84997],
							"rotation": [0, 0, 150],
							"uv": {
								"north": {"uv": [26, 24], "uv_size": [1.5, 1.5]},
								"east": {"uv": [8, 27], "uv_size": [1.5, 1.5]},
								"west": {"uv": [16, 27], "uv_size": [1.5, 1.5]}
							}
						},
						{
							"origin": [-6.38599, 4.76725, 0.78747],
							"size": [1.42589, 1.3707, 1.4125],
							"pivot": [-4.9601, 6.13794, 0.84997],
							"rotation": [0, 0, -150],
							"uv": {
								"north": {"uv": [26, 9], "uv_size": [1.5, 1.5]},
								"east": {"uv": [26, 12], "uv_size": [1.5, 1.5]},
								"west": {"uv": [26, 21], "uv_size": [1.5, 1.5]}
							}
						},
						{
							"origin": [-3.31465, 5.71725, 0.78747],
							"size": [1.42589, 1.3707, 1.4125],
							"pivot": [-3.31465, 7.08794, 0.84997],
							"rotation": [0, 0, 90],
							"uv": {
								"north": {"uv": [23, 27], "uv_size": [1.5, 1.5]},
								"east": {"uv": [26, 27], "uv_size": [1.5, 1.5]},
								"west": {"uv": [28, 0], "uv_size": [1.5, 1.5]}
							}
						},
						{
							"origin": [-4.21878, 5.53122, 0.784],
							"size": [0.43756, 0.43756, 1.73274],
							"pivot": [-4, 5.75, 1.90622],
							"rotation": [0, 0, -90],
							"uv": {
								"north": {"uv": [0, 53], "uv_size": [0.5, 0.5]},
								"south": {"uv": [53, 0], "uv_size": [0.5, 0.5]}
							}
						},
						{
							"origin": [-3.67751, 5.84372, 0.784],
							"size": [0.43756, 0.43756, 1.73274],
							"pivot": [-3.45873, 6.0625, 1.90622],
							"rotation": [0, 0, -150],
							"uv": {
								"north": {"uv": [49, 52], "uv_size": [0.5, 0.5]},
								"south": {"uv": [51, 52], "uv_size": [0.5, 0.5]}
							}
						},
						{
							"origin": [-4.76005, 6.46872, 0.784],
							"size": [0.43756, 0.43756, 1.73274],
							"pivot": [-4.54127, 6.6875, 1.90622],
							"rotation": [0, 0, 30],
							"uv": {
								"north": {"uv": [47, 52], "uv_size": [0.5, 0.5]},
								"south": {"uv": [52, 48], "uv_size": [0.5, 0.5]}
							}
						},
						{
							"origin": [-4.76005, 5.84372, 0.784],
							"size": [0.43756, 0.43756, 1.73274],
							"pivot": [-4.54127, 6.0625, 1.90622],
							"rotation": [0, 0, -30],
							"uv": {
								"north": {"uv": [52, 44], "uv_size": [0.5, 0.5]},
								"south": {"uv": [52, 46], "uv_size": [0.5, 0.5]}
							}
						},
						{
							"origin": [-3.67751, 6.46872, 0.784],
							"size": [0.43756, 0.43756, 1.73274],
							"pivot": [-3.45873, 6.6875, 1.90622],
							"rotation": [0, 0, 150],
							"uv": {
								"north": {"uv": [42, 52], "uv_size": [0.5, 0.5]},
								"south": {"uv": [52, 42], "uv_size": [0.5, 0.5]}
							}
						},
						{
							"origin": [-4.21878, 6.78122, 0.784],
							"size": [0.43756, 0.43756, 1.73274],
							"pivot": [-4, 7, 1.90622],
							"rotation": [0, 0, 90],
							"uv": {
								"north": {"uv": [38, 52], "uv_size": [0.5, 0.5]},
								"south": {"uv": [40, 52], "uv_size": [0.5, 0.5]}
							}
						}
					]
				},
				{
					"name": "revolve2",
					"parent": "revolve",
					"pivot": [-4, 6.375, 2.49997],
					"cubes": [
						{
							"origin": [-4.1875, 6.1875, 0.15622],
							"size": [0.375, 0.375, 2.46866],
							"pivot": [-4, 6.375, 1.90622],
							"rotation": [0, 0, 90],
							"uv": {
								"east": {"uv": [31, 0], "uv_size": [2.5, 0.5]},
								"south": {"uv": [32, 52], "uv_size": [0.5, 0.5]},
								"west": {"uv": [2, 31], "uv_size": [2.5, 0.5]},
								"up": {"uv": [27, 30], "uv_size": [0.5, 2.5]},
								"down": {"uv": [13, 33.5], "uv_size": [0.5, -2.5]}
							}
						},
						{
							"origin": [-4.125, 5.6875, 0.7828],
							"size": [0.25, 1.375, 1.74841],
							"pivot": [-4, 6.375, 2.49997],
							"rotation": [0, 0, -150],
							"uv": {
								"north": {"uv": [39, 5], "uv_size": [0.5, 1.5]},
								"south": {"uv": [39, 8], "uv_size": [0.5, 1.5]}
							}
						},
						{
							"origin": [-4.125, 5.6875, 0.7828],
							"size": [0.25, 1.375, 1.74841],
							"pivot": [-4, 6.375, 2.49997],
							"rotation": [0, 0, 90],
							"uv": {
								"north": {"uv": [39, 17], "uv_size": [0.5, 1.5]},
								"south": {"uv": [19, 39], "uv_size": [0.5, 1.5]}
							}
						},
						{
							"origin": [-4.125, 5.6875, 0.7828],
							"size": [0.25, 1.375, 1.74841],
							"pivot": [-4, 6.375, 2.49997],
							"rotation": [0, 0, 150],
							"uv": {
								"north": {"uv": [39, 20], "uv_size": [0.5, 1.5]},
								"south": {"uv": [39, 23], "uv_size": [0.5, 1.5]}
							}
						},
						{
							"origin": [-4.125, 5.9375, 0.7828],
							"size": [0.25, 0.875, 1.74841],
							"pivot": [-4, 6.375, 2.49997],
							"rotation": [0, 0, 60],
							"uv": {
								"north": {"uv": [44, 27], "uv_size": [0.5, 1]},
								"south": {"uv": [32, 44], "uv_size": [0.5, 1]}
							}
						},
						{
							"origin": [-4.125, 5.9375, 0.7828],
							"size": [0.25, 0.875, 1.74841],
							"pivot": [-4, 6.375, 2.49997],
							"rotation": [0, 0, 120],
							"uv": {
								"north": {"uv": [25, 44], "uv_size": [0.5, 1]},
								"south": {"uv": [44, 25], "uv_size": [0.5, 1]}
							}
						},
						{
							"origin": [-4.125, 5.9375, 0.7828],
							"size": [0.25, 0.875, 1.74841],
							"pivot": [-4, 6.375, 2.49997],
							"rotation": [0, 0, -180],
							"uv": {
								"north": {"uv": [45, 39], "uv_size": [0.5, 1]},
								"south": {"uv": [45, 41], "uv_size": [0.5, 1]}
							}
						}
					]
				},
				{
					"name": "bullet",
					"parent": "revolve2",
					"pivot": [-4, 6.375, 1.90622]
				},
				{
					"name": "bullet1",
					"parent": "bullet",
					"pivot": [-4, 6.375, 1.90622],
					"cubes": [
						{
							"origin": [-4.21878, 6.78122, 1.31232],
							"size": [0.43756, 0.43756, 1.25],
							"uv": {
								"north": {"uv": [54, 54], "uv_size": [0.5, 0.5]},
								"east": {"uv": [41, 2], "uv_size": [1.5, 0.5]},
								"south": {"uv": [0, 55], "uv_size": [0.5, 0.5]},
								"west": {"uv": [41, 4], "uv_size": [1.5, 0.5]},
								"up": {"uv": [37, 40], "uv_size": [0.5, 1.5]},
								"down": {"uv": [41, 7.5], "uv_size": [0.5, -1.5]}
							}
						},
						{
							"origin": [-4.15628, 6.84372, 1.05],
							"size": [0.31256, 0.31256, 1.51537],
							"uv": {
								"north": {"uv": [55, 0], "uv_size": [0.5, 0.5]},
								"east": {"uv": [41, 9], "uv_size": [1.5, 0.5]},
								"south": {"uv": [6, 55], "uv_size": [0.5, 0.5]},
								"west": {"uv": [41, 17], "uv_size": [1.5, 0.5]},
								"up": {"uv": [8, 41], "uv_size": [0.5, 1.5]},
								"down": {"uv": [13, 42.5], "uv_size": [0.5, -1.5]}
							}
						}
					]
				},
				{
					"name": "bullet2",
					"parent": "bullet",
					"pivot": [-4, 6.375, 1.90622],
					"rotation": [0, 0, -60],
					"cubes": [
						{
							"origin": [-4.21878, 6.78122, 1.31232],
							"size": [0.43756, 0.43756, 1.25],
							"uv": {
								"north": {"uv": [54, 54], "uv_size": [0.5, 0.5]},
								"east": {"uv": [41, 2], "uv_size": [1.5, 0.5]},
								"south": {"uv": [0, 55], "uv_size": [0.5, 0.5]},
								"west": {"uv": [41, 4], "uv_size": [1.5, 0.5]},
								"up": {"uv": [37, 40], "uv_size": [0.5, 1.5]},
								"down": {"uv": [41, 7.5], "uv_size": [0.5, -1.5]}
							}
						},
						{
							"origin": [-4.15628, 6.84372, 1.05],
							"size": [0.31256, 0.31256, 1.51537],
							"uv": {
								"north": {"uv": [55, 0], "uv_size": [0.5, 0.5]},
								"east": {"uv": [41, 9], "uv_size": [1.5, 0.5]},
								"south": {"uv": [6, 55], "uv_size": [0.5, 0.5]},
								"west": {"uv": [41, 17], "uv_size": [1.5, 0.5]},
								"up": {"uv": [8, 41], "uv_size": [0.5, 1.5]},
								"down": {"uv": [13, 42.5], "uv_size": [0.5, -1.5]}
							}
						}
					]
				},
				{
					"name": "bullet3",
					"parent": "bullet",
					"pivot": [-4, 6.375, 1.90622],
					"rotation": [0, 0, -120],
					"cubes": [
						{
							"origin": [-4.21878, 6.78122, 1.31232],
							"size": [0.43756, 0.43756, 1.25],
							"uv": {
								"north": {"uv": [54, 54], "uv_size": [0.5, 0.5]},
								"east": {"uv": [41, 2], "uv_size": [1.5, 0.5]},
								"south": {"uv": [0, 55], "uv_size": [0.5, 0.5]},
								"west": {"uv": [41, 4], "uv_size": [1.5, 0.5]},
								"up": {"uv": [37, 40], "uv_size": [0.5, 1.5]},
								"down": {"uv": [41, 7.5], "uv_size": [0.5, -1.5]}
							}
						},
						{
							"origin": [-4.15628, 6.84372, 1.05],
							"size": [0.31256, 0.31256, 1.51537],
							"uv": {
								"north": {"uv": [55, 0], "uv_size": [0.5, 0.5]},
								"east": {"uv": [41, 9], "uv_size": [1.5, 0.5]},
								"south": {"uv": [6, 55], "uv_size": [0.5, 0.5]},
								"west": {"uv": [41, 17], "uv_size": [1.5, 0.5]},
								"up": {"uv": [8, 41], "uv_size": [0.5, 1.5]},
								"down": {"uv": [13, 42.5], "uv_size": [0.5, -1.5]}
							}
						}
					]
				},
				{
					"name": "bullet4",
					"parent": "bullet",
					"pivot": [-4, 6.375, 1.90622],
					"rotation": [0, 0, -180],
					"cubes": [
						{
							"origin": [-4.21878, 6.78122, 1.31232],
							"size": [0.43756, 0.43756, 1.25],
							"uv": {
								"north": {"uv": [54, 54], "uv_size": [0.5, 0.5]},
								"east": {"uv": [41, 2], "uv_size": [1.5, 0.5]},
								"south": {"uv": [0, 55], "uv_size": [0.5, 0.5]},
								"west": {"uv": [41, 4], "uv_size": [1.5, 0.5]},
								"up": {"uv": [37, 40], "uv_size": [0.5, 1.5]},
								"down": {"uv": [41, 7.5], "uv_size": [0.5, -1.5]}
							}
						},
						{
							"origin": [-4.15628, 6.84372, 1.05],
							"size": [0.31256, 0.31256, 1.51537],
							"uv": {
								"north": {"uv": [55, 0], "uv_size": [0.5, 0.5]},
								"east": {"uv": [41, 9], "uv_size": [1.5, 0.5]},
								"south": {"uv": [6, 55], "uv_size": [0.5, 0.5]},
								"west": {"uv": [41, 17], "uv_size": [1.5, 0.5]},
								"up": {"uv": [8, 41], "uv_size": [0.5, 1.5]},
								"down": {"uv": [13, 42.5], "uv_size": [0.5, -1.5]}
							}
						}
					]
				},
				{
					"name": "bullet5",
					"parent": "bullet",
					"pivot": [-4, 6.375, 1.90622],
					"rotation": [0, 0, 120],
					"cubes": [
						{
							"origin": [-4.21878, 6.78122, 1.31232],
							"size": [0.43756, 0.43756, 1.25],
							"uv": {
								"north": {"uv": [54, 54], "uv_size": [0.5, 0.5]},
								"east": {"uv": [41, 2], "uv_size": [1.5, 0.5]},
								"south": {"uv": [0, 55], "uv_size": [0.5, 0.5]},
								"west": {"uv": [41, 4], "uv_size": [1.5, 0.5]},
								"up": {"uv": [37, 40], "uv_size": [0.5, 1.5]},
								"down": {"uv": [41, 7.5], "uv_size": [0.5, -1.5]}
							}
						},
						{
							"origin": [-4.15628, 6.84372, 1.05],
							"size": [0.31256, 0.31256, 1.51537],
							"uv": {
								"north": {"uv": [55, 0], "uv_size": [0.5, 0.5]},
								"east": {"uv": [41, 9], "uv_size": [1.5, 0.5]},
								"south": {"uv": [6, 55], "uv_size": [0.5, 0.5]},
								"west": {"uv": [41, 17], "uv_size": [1.5, 0.5]},
								"up": {"uv": [8, 41], "uv_size": [0.5, 1.5]},
								"down": {"uv": [13, 42.5], "uv_size": [0.5, -1.5]}
							}
						}
					]
				},
				{
					"name": "bullet6",
					"parent": "bullet",
					"pivot": [-4, 6.375, 1.90622],
					"rotation": [0, 0, 60],
					"cubes": [
						{
							"origin": [-4.21878, 6.78122, 1.31232],
							"size": [0.43756, 0.43756, 1.25],
							"uv": {
								"north": {"uv": [54, 54], "uv_size": [0.5, 0.5]},
								"east": {"uv": [41, 2], "uv_size": [1.5, 0.5]},
								"south": {"uv": [0, 55], "uv_size": [0.5, 0.5]},
								"west": {"uv": [41, 4], "uv_size": [1.5, 0.5]},
								"up": {"uv": [37, 40], "uv_size": [0.5, 1.5]},
								"down": {"uv": [41, 7.5], "uv_size": [0.5, -1.5]}
							}
						},
						{
							"origin": [-4.15628, 6.84372, 1.05],
							"size": [0.31256, 0.31256, 1.51537],
							"uv": {
								"north": {"uv": [55, 0], "uv_size": [0.5, 0.5]},
								"east": {"uv": [41, 9], "uv_size": [1.5, 0.5]},
								"south": {"uv": [6, 55], "uv_size": [0.5, 0.5]},
								"west": {"uv": [41, 17], "uv_size": [1.5, 0.5]},
								"up": {"uv": [8, 41], "uv_size": [0.5, 1.5]},
								"down": {"uv": [13, 42.5], "uv_size": [0.5, -1.5]}
							}
						}
					]
				},
				{
					"name": "hammer",
					"parent": "gun",
					"pivot": [-4, 5.80476, 3.45808],
					"cubes": [
						{
							"origin": [-4.15628, 5.79026, 3.34631],
							"size": [0.31256, 1, 0.8125],
							"pivot": [-3, 6.79026, 4.84631],
							"rotation": [-15, 0, 0],
							"uv": {
								"north": {"uv": [4, 44], "uv_size": [0.5, 1]},
								"east": {"uv": [15, 32], "uv_size": [1, 1]},
								"west": {"uv": [17, 32], "uv_size": [1, 1]},
								"up": {"uv": [44, 4], "uv_size": [0.5, 1]}
							}
						},
						{
							"origin": [-4.15628, 6.93965, 3.78642],
							"size": [0.31256, 0.5, 0.1875],
							"pivot": [-3.84378, 7.43965, 3.97392],
							"rotation": [-59.5, 0, 0],
							"uv": {
								"east": {"uv": [49, 28], "uv_size": [0.5, 0.5]},
								"south": {"uv": [49, 30], "uv_size": [0.5, 0.5]},
								"west": {"uv": [49, 32], "uv_size": [0.5, 0.5]}
							}
						},
						{
							"origin": [-4.15628, 7.28705, 3.75894],
							"size": [0.31256, 0.37506, 0.125],
							"pivot": [-4, 7.53708, 3.85269],
							"rotation": [-75, 0, 0],
							"uv": {
								"north": {"uv": [2, 50], "uv_size": [0.5, 0.5]},
								"east": {"uv": [50, 2], "uv_size": [0.5, 0.5]},
								"west": {"uv": [4, 50], "uv_size": [0.5, 0.5]}
							}
						},
						{
							"origin": [-4.15628, 7.43965, 3.84892],
							"size": [0.31256, 0.375, 0.125],
							"pivot": [-4.15622, 7.43965, 3.97392],
							"rotation": [-24.5, 0, 0],
							"uv": {
								"north": {"uv": [49, 36], "uv_size": [0.5, 0.5]},
								"east": {"uv": [49, 38], "uv_size": [0.5, 0.5]},
								"south": {"uv": [49, 40], "uv_size": [0.5, 0.5]},
								"west": {"uv": [45, 49], "uv_size": [0.5, 0.5]}
							}
						},
						{
							"origin": [-4.15628, 7.77529, 4.01008],
							"size": [0.31256, 0.08839, 0.08839],
							"pivot": [-4, 7.86368, 4.09847],
							"rotation": [20.5, 0, 0],
							"uv": {
								"east": {"uv": [51, 34], "uv_size": [0.5, 0.5]},
								"south": {"uv": [51, 36], "uv_size": [0.5, 0.5]},
								"west": {"uv": [51, 38], "uv_size": [0.5, 0.5]},
								"up": {"uv": [51, 40], "uv_size": [0.5, 0.5]}
							}
						},
						{
							"origin": [-4.15628, 6.91174, 3.11602],
							"size": [0.31256, 0.75, 0.4375],
							"pivot": [-4, 7.06799, 3.27227],
							"rotation": [-12.5, 0, 0],
							"uv": {
								"north": {"uv": [44, 10], "uv_size": [0.5, 1]},
								"east": {"uv": [12, 44], "uv_size": [0.5, 1]},
								"south": {"uv": [44, 12], "uv_size": [0.5, 1]},
								"west": {"uv": [44, 14], "uv_size": [0.5, 1]},
								"up": {"uv": [49, 34], "uv_size": [0.5, 0.5]},
								"down": {"uv": [35, 49.5], "uv_size": [0.5, -0.5]}
							}
						},
						{
							"origin": [-4.09378, 7.00564, 2.49102],
							"size": [0.18756, 0.1561, 0.625],
							"pivot": [-4, 6.94299, 2.95977],
							"rotation": [12.5, 0, 0],
							"uv": {
								"north": {"uv": [28, 51], "uv_size": [0.5, 0.5]},
								"east": {"uv": [51, 28], "uv_size": [0.5, 0.5]},
								"west": {"uv": [51, 30], "uv_size": [0.5, 0.5]},
								"up": {"uv": [51, 32], "uv_size": [0.5, 0.5]},
								"down": {"uv": [34, 51.5], "uv_size": [0.5, -0.5]}
							}
						},
						{
							"origin": [-4.15628, 6.43695, 4.18224],
							"size": [0.31256, 0.53125, 1.13337],
							"pivot": [-4.15622, 6.9682, 4.18224],
							"rotation": [-42.5, 0, 0],
							"uv": {
								"east": {"uv": [8, 44], "uv_size": [1, 0.5]},
								"west": {"uv": [44, 8], "uv_size": [1, 0.5]},
								"up": {"uv": [10, 44], "uv_size": [0.5, 1]}
							}
						},
						{
							"origin": [-4.15628, 6.94314, 2.99102],
							"size": [0.31256, 0.5311, 0.25],
							"uv": {
								"north": {"uv": [54, 16], "uv_size": [0.5, 0.5]},
								"east": {"uv": [18, 54], "uv_size": [0.5, 0.5]},
								"west": {"uv": [20, 54], "uv_size": [0.5, 0.5]},
								"up": {"uv": [24, 54], "uv_size": [0.5, 0.5]},
								"down": {"uv": [54, 24.5], "uv_size": [0.5, -0.5]}
							}
						},
						{
							"origin": [-4.15628, 7.5679, 3.05352],
							"size": [0.31256, 0.11359, 0.19471],
							"uv": {
								"north": {"uv": [52, 4], "uv_size": [0.5, 0.5]},
								"east": {"uv": [8, 52], "uv_size": [0.5, 0.5]},
								"west": {"uv": [52, 8], "uv_size": [0.5, 0.5]},
								"up": {"uv": [10, 52], "uv_size": [0.5, 0.5]},
								"down": {"uv": [52, 10.5], "uv_size": [0.5, -0.5]}
							}
						}
					]
				},
				{
					"name": "grip",
					"parent": "gun",
					"pivot": [-4, 0, 0],
					"cubes": [
						{
							"origin": [-4.625, 2.20793, 5.26997],
							"size": [0.75, 1.625, 1.76555],
							"pivot": [-4.625, 3.83293, 7.03552],
							"rotation": [-58.57024, -2.21914, 3.62553],
							"uv": {
								"north": {"uv": [23, 30], "uv_size": [1, 1.5]},
								"east": {"uv": [19, 18], "uv_size": [2, 1.5]},
								"up": {"uv": [28, 18], "uv_size": [1, 2]},
								"down": {"uv": [19, 30], "uv_size": [1, -2]}
							}
						},
						{
							"origin": [-4.6249, 1.01255, 7.56379],
							"size": [1.2498, 1.6875, 1.25],
							"pivot": [-5, 2.70005, 7.56379],
							"rotation": [-90, 0, 0],
							"uv": {
								"east": {"uv": [22, 18], "uv_size": [1.5, 1.5]},
								"west": {"uv": [23, 12], "uv_size": [1.5, 1.5]},
								"up": {"uv": [30, 3], "uv_size": [1, 1.5]}
							}
						},
						{
							"origin": [-4.625, -0.378, 7.18879],
							"size": [1.25, 1.57805, 0.625],
							"pivot": [-5, 1.45005, 7.56379],
							"rotation": [-90, 0, 0],
							"uv": {
								"east": {"uv": [39, 39], "uv_size": [0.5, 1.5]},
								"south": {"uv": [25, 3], "uv_size": [1.5, 1.5]},
								"west": {"uv": [0, 40], "uv_size": [0.5, 1.5]},
								"down": {"uv": [40, 0.5], "uv_size": [1.5, -0.5]}
							}
						},
						{
							"origin": [-4.625, 1.01255, 6.96024],
							"size": [1.25, 0.1875, 0.35355],
							"pivot": [-3.375, 1.20005, 7.31379],
							"rotation": [-135, 0, 0],
							"uv": {
								"east": {"uv": [54, 26], "uv_size": [0.5, 0.5]},
								"west": {"uv": [30, 54], "uv_size": [0.5, 0.5]},
								"up": {"uv": [10, 40], "uv_size": [1.5, 0.5]}
							}
						},
						{
							"origin": [-3.82842, 1.765, 3.67159],
							"size": [0.45531, 0.47782, 2.06576],
							"pivot": [-3.37311, 1.765, 5.75296],
							"rotation": [-74.0066, 0.20352, -2.00295],
							"uv": {
								"west": {"uv": [31, 22], "uv_size": [2, 0.5]},
								"down": {"uv": [21, 33], "uv_size": [0.5, -2]}
							}
						},
						{
							"origin": [-4.625, 2.20799, 7.03552],
							"size": [1.25, 1.62494, 1.25],
							"pivot": [-5, 3.83293, 7.03552],
							"rotation": [-65, 0, 0],
							"uv": {
								"east": {"uv": [16, 24], "uv_size": [1.5, 1.5]},
								"west": {"uv": [23, 24], "uv_size": [1.5, 1.5]},
								"up": {"uv": [25, 0], "uv_size": [1.5, 1.5]}
							}
						},
						{
							"origin": [-4.125, 2.20793, 5.26997],
							"size": [0.75, 1.625, 1.76555],
							"pivot": [-3.375, 3.83293, 7.03552],
							"rotation": [-58.57024, 2.21914, -3.62553],
							"uv": {
								"north": {"uv": [25, 30], "uv_size": [1, 1.5]},
								"west": {"uv": [16, 21], "uv_size": [2, 1.5]},
								"up": {"uv": [21, 28], "uv_size": [1, 2]},
								"down": {"uv": [0, 31], "uv_size": [1, -2]}
							}
						},
						{
							"origin": [-4.62689, 1.765, 3.67159],
							"size": [0.45531, 0.47782, 2.06576],
							"pivot": [-4.62689, 1.765, 5.75296],
							"rotation": [-74.0066, -0.20352, 2.00295],
							"uv": {
								"east": {"uv": [35, 23], "uv_size": [2, 0.5]},
								"down": {"uv": [35, 27], "uv_size": [0.5, -2]}
							}
						}
					]
				},
				{
					"name": "octagon",
					"parent": "grip",
					"pivot": [-4.26, 5.0625, 5.5],
					"rotation": [10, 0, 0],
					"cubes": [
						{
							"origin": [-4.5, 4.73549, 4.85311],
							"size": [1, 0.52191, 1.26],
							"pivot": [-4.1975, 4.99644, 5.48311],
							"rotation": [-45, 0, 0],
							"uv": {
								"north": {"uv": [41, 22], "uv_size": [1, 0.5]},
								"east": {"uv": [36, 17], "uv_size": [1.5, 0.5]},
								"west": {"uv": [36, 19], "uv_size": [1.5, 0.5]}
							}
						},
						{
							"origin": [-4.5, 4.67299, 4.85311],
							"size": [1, 0.58441, 1.26],
							"uv": {
								"north": {"uv": [41, 24], "uv_size": [1, 0.5]},
								"east": {"uv": [36, 21], "uv_size": [1.5, 0.5]},
								"west": {"uv": [23, 36], "uv_size": [1.5, 0.5]}
							}
						},
						{
							"origin": [-4.5, 4.36644, 5.22215],
							"size": [1, 1.26, 0.58441],
							"pivot": [-4.1975, 4.99644, 5.48311],
							"rotation": [-45, 0, 0],
							"uv": {
								"east": {"uv": [19, 36], "uv_size": [0.5, 1.5]},
								"west": {"uv": [26, 36], "uv_size": [0.5, 1.5]},
								"up": {"uv": [30, 41], "uv_size": [1, 0.5]}
							}
						},
						{
							"origin": [-4.5, 4.36644, 5.22215],
							"size": [1, 1.26, 0.52191],
							"uv": {
								"east": {"uv": [33, 36], "uv_size": [0.5, 1.5]},
								"west": {"uv": [0, 37], "uv_size": [0.5, 1.5]},
								"up": {"uv": [41, 30], "uv_size": [1, 0.5]}
							}
						}
					]
				},
				{
					"name": "positioning2",
					"parent": "gun",
					"pivot": [-4, 0, 0]
				},
				{
					"name": "muzzle_flash",
					"parent": "positioning2",
					"pivot": [-4, 6.95317, -7]
				},
				{
					"name": "right_hand",
					"parent": "right_gun",
					"pivot": [-5.5, 11, 7]
				},
				{
					"name": "righthand_pos",
					"parent": "right_hand",
					"pivot": [0, 0, 7],
					"rotation": [0, 180, 0],
					"cubes": [
						{
							"origin": [4, 0, 5],
							"size": [3, 12, 4],
							"uv": {
								"north": {"uv": [5, 13], "uv_size": [3, 12]},
								"east": {"uv": [0, 0], "uv_size": [4, 12]},
								"south": {"uv": [9, 13], "uv_size": [3, 12]},
								"west": {"uv": [5, 0], "uv_size": [4, 12]},
								"up": {"uv": [25, 0], "uv_size": [3, 4]},
								"down": {"uv": [25, 9], "uv_size": [3, -4]}
							}
						}
					]
				},
				{
					"name": "left_mace",
					"parent": "root",
					"pivot": [4, 0, 4]
				},
				{
					"name": "mace",
					"parent": "left_mace",
					"pivot": [4, 2, 4],
					"cubes": [
						{
							"origin": [3.625, 6.8, 3.625],
							"size": [0.75, 13.8, 0.75],
							"uv": {
								"north": {"uv": [0, 0], "uv_size": [1, 14]},
								"east": {"uv": [2, 0], "uv_size": [1, 14]},
								"south": {"uv": [4, 0], "uv_size": [1, 14]},
								"west": {"uv": [6, 0], "uv_size": [1, 14]}
							}
						}
					]
				},
				{
					"name": "octagon6",
					"parent": "mace",
					"pivot": [4, 21.425, 4],
					"cubes": [
						{
							"origin": [3.62721, 21.125, 3.1],
							"size": [0.74558, 6, 1.8],
							"pivot": [4, 21.425, 4],
							"rotation": [0, -45, 0],
							"uv": {
								"north": {"uv": [19, 21], "uv_size": [0.5, 6]},
								"south": {"uv": [21, 21], "uv_size": [0.5, 6]},
								"up": {"uv": [35, 34], "uv_size": [0.5, 2]},
								"down": {"uv": [2, 38], "uv_size": [0.5, -2]}
							}
						},
						{
							"origin": [3.62721, 21.125, 3.1],
							"size": [0.74558, 6, 1.8],
							"uv": {
								"north": {"uv": [0, 22], "uv_size": [0.5, 6]},
								"south": {"uv": [2, 22], "uv_size": [0.5, 6]},
								"up": {"uv": [36, 2], "uv_size": [0.5, 2]},
								"down": {"uv": [4, 38], "uv_size": [0.5, -2]}
							}
						},
						{
							"origin": [3.1, 21.125, 3.62721],
							"size": [1.8, 6, 0.74558],
							"pivot": [4, 21.425, 4],
							"rotation": [0, -45, 0],
							"uv": {
								"east": {"uv": [4, 22], "uv_size": [0.5, 6]},
								"west": {"uv": [6, 22], "uv_size": [0.5, 6]},
								"up": {"uv": [36, 5], "uv_size": [2, 0.5]},
								"down": {"uv": [36, 7.5], "uv_size": [2, -0.5]}
							}
						},
						{
							"origin": [3.1, 21.125, 3.62721],
							"size": [1.8, 6, 0.74558],
							"uv": {
								"east": {"uv": [11, 22], "uv_size": [0.5, 6]},
								"west": {"uv": [23, 0], "uv_size": [0.5, 6]},
								"up": {"uv": [36, 9], "uv_size": [2, 0.5]},
								"down": {"uv": [4, 38], "uv_size": [0.5, -2]}
							}
						},
						{
							"origin": [3.62721, -2.125, 3.1],
							"size": [0.74558, 9, 1.8],
							"pivot": [4, 1.175, 4],
							"rotation": [0, -45, 0],
							"uv": {
								"north": {"uv": [19, 21], "uv_size": [0.5, 6]},
								"south": {"uv": [21, 21], "uv_size": [0.5, 6]},
								"up": {"uv": [35, 34], "uv_size": [0.5, 2]},
								"down": {"uv": [2, 38], "uv_size": [0.5, -2]}
							}
						},
						{
							"origin": [3.62721, -2.125, 3.1],
							"size": [0.74558, 9, 1.8],
							"uv": {
								"north": {"uv": [0, 22], "uv_size": [0.5, 6]},
								"south": {"uv": [2, 22], "uv_size": [0.5, 6]},
								"up": {"uv": [36, 2], "uv_size": [0.5, 2]},
								"down": {"uv": [4, 38], "uv_size": [0.5, -2]}
							}
						},
						{
							"origin": [3.1, -2.125, 3.62721],
							"size": [1.8, 9, 0.74558],
							"pivot": [4, 1.175, 4],
							"rotation": [0, -45, 0],
							"uv": {
								"east": {"uv": [4, 22], "uv_size": [0.5, 6]},
								"west": {"uv": [6, 22], "uv_size": [0.5, 6]},
								"up": {"uv": [36, 5], "uv_size": [2, 0.5]},
								"down": {"uv": [36, 7.5], "uv_size": [2, -0.5]}
							}
						},
						{
							"origin": [3.1, -2.125, 3.62721],
							"size": [1.8, 9, 0.74558],
							"uv": {
								"east": {"uv": [11, 22], "uv_size": [0.5, 6]},
								"west": {"uv": [23, 0], "uv_size": [0.5, 6]},
								"up": {"uv": [36, 9], "uv_size": [2, 0.5]},
								"down": {"uv": [4, 38], "uv_size": [0.5, -2]}
							}
						},
						{
							"origin": [3.62721, 19.85221, 3.62721],
							"size": [1.27279, 1.27279, 0.74558],
							"pivot": [4.9, 21.125, 4.37279],
							"rotation": [0, 0, 45],
							"uv": {
								"north": {"uv": [13, 25], "uv_size": [1.5, 1.5]},
								"south": {"uv": [25, 15], "uv_size": [1.5, 1.5]},
								"west": {"uv": [15, 40], "uv_size": [0.5, 1.5]},
								"down": {"uv": [21, 40.5], "uv_size": [1.5, -0.5]}
							}
						},
						{
							"origin": [2.35442, 19.85221, 4.15442],
							"size": [1.27279, 1.27279, 0.74558],
							"pivot": [3.62721, 21.125, 4.9],
							"rotation": [-90, -45, 90],
							"uv": {
								"north": {"uv": [25, 18], "uv_size": [1.5, 1.5]},
								"south": {"uv": [26, 6], "uv_size": [1.5, 1.5]},
								"west": {"uv": [17, 40], "uv_size": [0.5, 1.5]},
								"down": {"uv": [34, 40.5], "uv_size": [1.5, -0.5]}
							}
						}
					]
				},
				{
					"name": "octagon7",
					"parent": "octagon6",
					"pivot": [4, 21.275, 4]
				},
				{
					"name": "sharp",
					"parent": "octagon7",
					"pivot": [4, 21.275, 4],
					"cubes": [
						{
							"origin": [1.9, 25.85, 3.77721],
							"size": [4.2, 0.45, 0.44558],
							"uv": {
								"north": {"uv": [17, 12], "uv_size": [4, 0.5]},
								"south": {"uv": [2, 29], "uv_size": [4, 0.5]},
								"up": {"uv": [29, 6], "uv_size": [4, 0.5]},
								"down": {"uv": [29, 8.5], "uv_size": [4, -0.5]}
							}
						},
						{
							"origin": [6.3636, 25.34541, 3.77721],
							"size": [0.3182, 0.3182, 0.44558],
							"pivot": [7, 26.3, 4.22279],
							"rotation": [0, 0, 45],
							"uv": {
								"north": {"uv": [55, 6], "uv_size": [0.5, 0.5]},
								"south": {"uv": [14, 55], "uv_size": [0.5, 0.5]},
								"west": {"uv": [16, 55], "uv_size": [0.5, 0.5]},
								"up": {"uv": [55, 18], "uv_size": [0.5, 0.5]}
							}
						},
						{
							"origin": [0.3636, 25.34541, 3.33162],
							"size": [0.3182, 0.3182, 0.44558],
							"pivot": [1, 26.3, 3.77721],
							"rotation": [180, 0, 135],
							"uv": {
								"north": {"uv": [46, 54], "uv_size": [0.5, 0.5]},
								"south": {"uv": [54, 46], "uv_size": [0.5, 0.5]},
								"west": {"uv": [48, 54], "uv_size": [0.5, 0.5]},
								"up": {"uv": [54, 48], "uv_size": [0.5, 0.5]}
							}
						},
						{
							"origin": [1.9, 24.05, 3.77721],
							"size": [4.2, 0.45, 0.44558],
							"uv": {
								"north": {"uv": [17, 12], "uv_size": [4, 0.5]},
								"south": {"uv": [2, 29], "uv_size": [4, 0.5]},
								"up": {"uv": [29, 6], "uv_size": [4, 0.5]},
								"down": {"uv": [29, 8.5], "uv_size": [4, -0.5]}
							}
						},
						{
							"origin": [6.3636, 23.54541, 3.77721],
							"size": [0.3182, 0.3182, 0.44558],
							"pivot": [7, 24.5, 4.22279],
							"rotation": [0, 0, 45],
							"uv": {
								"north": {"uv": [55, 6], "uv_size": [0.5, 0.5]},
								"south": {"uv": [14, 55], "uv_size": [0.5, 0.5]},
								"west": {"uv": [16, 55], "uv_size": [0.5, 0.5]},
								"up": {"uv": [55, 18], "uv_size": [0.5, 0.5]}
							}
						},
						{
							"origin": [0.3636, 23.54541, 3.33162],
							"size": [0.3182, 0.3182, 0.44558],
							"pivot": [1, 24.5, 3.77721],
							"rotation": [180, 0, 135],
							"uv": {
								"north": {"uv": [46, 54], "uv_size": [0.5, 0.5]},
								"south": {"uv": [54, 46], "uv_size": [0.5, 0.5]},
								"west": {"uv": [48, 54], "uv_size": [0.5, 0.5]},
								"up": {"uv": [54, 48], "uv_size": [0.5, 0.5]}
							}
						},
						{
							"origin": [1.9, 22.25, 3.77721],
							"size": [4.2, 0.45, 0.44558],
							"uv": {
								"north": {"uv": [17, 12], "uv_size": [4, 0.5]},
								"south": {"uv": [2, 29], "uv_size": [4, 0.5]},
								"up": {"uv": [29, 6], "uv_size": [4, 0.5]},
								"down": {"uv": [29, 8.5], "uv_size": [4, -0.5]}
							}
						},
						{
							"origin": [6.3636, 21.74541, 3.77721],
							"size": [0.3182, 0.3182, 0.44558],
							"pivot": [7, 22.7, 4.22279],
							"rotation": [0, 0, 45],
							"uv": {
								"north": {"uv": [55, 6], "uv_size": [0.5, 0.5]},
								"south": {"uv": [14, 55], "uv_size": [0.5, 0.5]},
								"west": {"uv": [16, 55], "uv_size": [0.5, 0.5]},
								"up": {"uv": [55, 18], "uv_size": [0.5, 0.5]}
							}
						},
						{
							"origin": [0.3636, 21.74541, 3.33162],
							"size": [0.3182, 0.3182, 0.44558],
							"pivot": [1, 22.7, 3.77721],
							"rotation": [180, 0, 135],
							"uv": {
								"north": {"uv": [46, 54], "uv_size": [0.5, 0.5]},
								"south": {"uv": [54, 46], "uv_size": [0.5, 0.5]},
								"west": {"uv": [48, 54], "uv_size": [0.5, 0.5]},
								"up": {"uv": [54, 48], "uv_size": [0.5, 0.5]}
							}
						}
					]
				},
				{
					"name": "sharp2",
					"parent": "octagon7",
					"pivot": [4, 21.275, 4],
					"rotation": [0, -90, 0],
					"cubes": [
						{
							"origin": [1.9, 25.85, 3.77721],
							"size": [4.2, 0.45, 0.44558],
							"uv": {
								"north": {"uv": [17, 12], "uv_size": [4, 0.5]},
								"south": {"uv": [2, 29], "uv_size": [4, 0.5]},
								"up": {"uv": [29, 6], "uv_size": [4, 0.5]},
								"down": {"uv": [29, 8.5], "uv_size": [4, -0.5]}
							}
						},
						{
							"origin": [6.3636, 25.34541, 3.77721],
							"size": [0.3182, 0.3182, 0.44558],
							"pivot": [7, 26.3, 4.22279],
							"rotation": [0, 0, 45],
							"uv": {
								"north": {"uv": [55, 6], "uv_size": [0.5, 0.5]},
								"south": {"uv": [14, 55], "uv_size": [0.5, 0.5]},
								"west": {"uv": [16, 55], "uv_size": [0.5, 0.5]},
								"up": {"uv": [55, 18], "uv_size": [0.5, 0.5]}
							}
						},
						{
							"origin": [0.3636, 25.34541, 3.33162],
							"size": [0.3182, 0.3182, 0.44558],
							"pivot": [1, 26.3, 3.77721],
							"rotation": [180, 0, 135],
							"uv": {
								"north": {"uv": [46, 54], "uv_size": [0.5, 0.5]},
								"south": {"uv": [54, 46], "uv_size": [0.5, 0.5]},
								"west": {"uv": [48, 54], "uv_size": [0.5, 0.5]},
								"up": {"uv": [54, 48], "uv_size": [0.5, 0.5]}
							}
						},
						{
							"origin": [1.9, 24.05, 3.77721],
							"size": [4.2, 0.45, 0.44558],
							"uv": {
								"north": {"uv": [17, 12], "uv_size": [4, 0.5]},
								"south": {"uv": [2, 29], "uv_size": [4, 0.5]},
								"up": {"uv": [29, 6], "uv_size": [4, 0.5]},
								"down": {"uv": [29, 8.5], "uv_size": [4, -0.5]}
							}
						},
						{
							"origin": [6.3636, 23.54541, 3.77721],
							"size": [0.3182, 0.3182, 0.44558],
							"pivot": [7, 24.5, 4.22279],
							"rotation": [0, 0, 45],
							"uv": {
								"north": {"uv": [55, 6], "uv_size": [0.5, 0.5]},
								"south": {"uv": [14, 55], "uv_size": [0.5, 0.5]},
								"west": {"uv": [16, 55], "uv_size": [0.5, 0.5]},
								"up": {"uv": [55, 18], "uv_size": [0.5, 0.5]}
							}
						},
						{
							"origin": [0.3636, 23.54541, 3.33162],
							"size": [0.3182, 0.3182, 0.44558],
							"pivot": [1, 24.5, 3.77721],
							"rotation": [180, 0, 135],
							"uv": {
								"north": {"uv": [46, 54], "uv_size": [0.5, 0.5]},
								"south": {"uv": [54, 46], "uv_size": [0.5, 0.5]},
								"west": {"uv": [48, 54], "uv_size": [0.5, 0.5]},
								"up": {"uv": [54, 48], "uv_size": [0.5, 0.5]}
							}
						},
						{
							"origin": [1.9, 22.25, 3.77721],
							"size": [4.2, 0.45, 0.44558],
							"uv": {
								"north": {"uv": [17, 12], "uv_size": [4, 0.5]},
								"south": {"uv": [2, 29], "uv_size": [4, 0.5]},
								"up": {"uv": [29, 6], "uv_size": [4, 0.5]},
								"down": {"uv": [29, 8.5], "uv_size": [4, -0.5]}
							}
						},
						{
							"origin": [6.3636, 21.74541, 3.77721],
							"size": [0.3182, 0.3182, 0.44558],
							"pivot": [7, 22.7, 4.22279],
							"rotation": [0, 0, 45],
							"uv": {
								"north": {"uv": [55, 6], "uv_size": [0.5, 0.5]},
								"south": {"uv": [14, 55], "uv_size": [0.5, 0.5]},
								"west": {"uv": [16, 55], "uv_size": [0.5, 0.5]},
								"up": {"uv": [55, 18], "uv_size": [0.5, 0.5]}
							}
						},
						{
							"origin": [0.3636, 21.74541, 3.33162],
							"size": [0.3182, 0.3182, 0.44558],
							"pivot": [1, 22.7, 3.77721],
							"rotation": [180, 0, 135],
							"uv": {
								"north": {"uv": [46, 54], "uv_size": [0.5, 0.5]},
								"south": {"uv": [54, 46], "uv_size": [0.5, 0.5]},
								"west": {"uv": [48, 54], "uv_size": [0.5, 0.5]},
								"up": {"uv": [54, 48], "uv_size": [0.5, 0.5]}
							}
						}
					]
				},
				{
					"name": "left_hand",
					"parent": "left_mace",
					"pivot": [5.5, 11, 7]
				},
				{
					"name": "lefthand_pos",
					"parent": "left_hand",
					"pivot": [0, 0, 7],
					"rotation": [0, 180, 0],
					"cubes": [
						{
							"origin": [-7, 0, 5],
							"size": [3, 12, 4],
							"uv": {
								"north": {"uv": [13, 13], "uv_size": [3, 12]},
								"east": {"uv": [10, 0], "uv_size": [4, 12]},
								"south": {"uv": [15, 0], "uv_size": [3, 12]},
								"west": {"uv": [0, 13], "uv_size": [4, 12]},
								"up": {"uv": [0, 26], "uv_size": [3, 4]},
								"down": {"uv": [4, 30], "uv_size": [3, -4]}
							}
						}
					]
				},
				{
					"name": "positioning",
					"pivot": [3, 4, 0]
				},
				{
					"name": "thirdperson_hand",
					"parent": "positioning",
					"pivot": [-4, 4, 4]
				},
				{
					"name": "ground",
					"parent": "positioning",
					"pivot": [0, 0, 0]
				},
				{
					"name": "fixed",
					"parent": "positioning",
					"pivot": [0, 6, 0],
					"rotation": [0, 90, 0]
				},
				{
					"name": "view",
					"pivot": [0, 0, 0]
				},
				{
					"name": "idle_view",
					"parent": "view",
					"pivot": [-1.3778, 9.0075, 16],
					"rotation": [0, 0, -9]
				},
				{
					"name": "iron_view",
					"parent": "view",
					"pivot": [-4, 8.02881, 14.58308],
					"rotation": [0.75, 0, 0]
				},
				{
					"name": "refit_view",
					"parent": "view",
					"pivot": [10, 6, 0],
					"rotation": [0, 90, 0]
				},
				{
					"name": "refit_extended_mag_view",
					"parent": "view",
					"pivot": [1, 8, 6],
					"rotation": [10, 50, 0]
				},
				{
					"name": "camera",
					"pivot": [-1.3778, 9.0075, 16],
					"rotation": [0, 0, -9]
				}
			]
		}
	]
}