{
	"format_version": "1.12.0",
	"minecraft:geometry": [
		{
			"description": {
				"identifier": "geometry.unknown",
				"texture_width": 128,
				"texture_height": 128,
				"visible_bounds_width": 9,
				"visible_bounds_height": 6,
				"visible_bounds_offset": [0, 2, 0]
			},
			"bones": [
				{
					"name": "root",
					"pivot": [0, 15, 23]
				},
				{
					"name": "right_gun",
					"parent": "root",
					"pivot": [6.5, 16.5, 25]
				},
				{
					"name": "gun",
					"parent": "right_gun",
					"pivot": [0, 0, 0]
				},
				{
					"name": "body",
					"parent": "gun",
					"pivot": [0, -0.1875, 0],
					"cubes": [
						{
							"origin": [-1.69165, 16.4375, -3.75182],
							"size": [0.9375, 2, 10],
							"pivot": [-1.69165, 16.4375, 6.24818],
							"rotation": [-4.0822, 0.32794, 43.39807],
							"uv": {
								"south": {"uv": [79, 73], "uv_size": [1, 2]},
								"down": {"uv": [12, 69], "uv_size": [1, -10]}
							}
						},
						{
							"origin": [-1.69165, 16.4375, 6.24818],
							"size": [0.9375, 1, 16.3125],
							"pivot": [-1.69165, 16.4375, 6.24818],
							"rotation": [-2.08414, 2.32583, 43.30791],
							"uv": {
								"north": {"uv": [86, 69], "uv_size": [1, 1]},
								"east": {"uv": [50, 51], "uv_size": [16.5, 1]},
								"south": {"uv": [86, 71], "uv_size": [1, 1]},
								"up": {"uv": [0, 48], "uv_size": [1, 16.5]},
								"down": {"uv": [2, 64.5], "uv_size": [1, -16.5]}
							}
						},
						{
							"origin": [-1.69165, 16.75, -9.25182],
							"size": [2, 1.8125, 15.5],
							"pivot": [-1.69165, 16.5625, 6.24818],
							"rotation": [0, -2.3, 0],
							"uv": {
								"north": {"uv": [76, 54], "uv_size": [-2, 2]},
								"east": {"uv": [44.5, 33], "uv_size": [-15.5, 2]},
								"south": {"uv": [76, 57], "uv_size": [-2, 2]},
								"up": {"uv": [14, 36], "uv_size": [-2, 15.5]}
							}
						},
						{
							"origin": [-1, 16.0625, -9.3125],
							"size": [2, 1.9375, 31.8125],
							"pivot": [0, 13.0625, 1],
							"rotation": [-3, 0, 0],
							"uv": {
								"north": {"uv": [73, 60], "uv_size": [2, 2]},
								"east": {"uv": [0, 0], "uv_size": [32, 2]},
								"west": {"uv": [0, 3], "uv_size": [32, 2]},
								"down": {"uv": [3, 38], "uv_size": [2, -32]}
							}
						},
						{
							"origin": [-0.93619, 15.85555, 37.81672],
							"size": [1.87238, 1.1875, 3.1875],
							"pivot": [0.93619, 15.85555, 41.00422],
							"rotation": [72, 0, 0],
							"uv": {
								"east": {"uv": [12, 31], "uv_size": [4, 1]},
								"west": {"uv": [56, 20], "uv_size": [4, 1]},
								"down": {"uv": [65, 17], "uv_size": [2, -4]}
							}
						},
						{
							"origin": [-0.93619, 15.85555, 40.31672],
							"size": [1.87238, 1, 0.68749],
							"pivot": [0.93619, 15.85555, 41.00422],
							"rotation": [39.5, 0, 0],
							"uv": {
								"east": {"uv": [34, 92], "uv_size": [0.5, 1]},
								"south": {"uv": [77, 79], "uv_size": [2, 1]},
								"west": {"uv": [43, 92], "uv_size": [0.5, 1]},
								"up": {"uv": [86, 73], "uv_size": [2, 0.5]}
							}
						},
						{
							"origin": [-0.61136, 9.85726, 37.58783],
							"size": [0.91022, 1.87816, 1.02219],
							"pivot": [-0.61136, 9.85726, 38.61002],
							"rotation": [-40.64887, -5.89065, -6.81647],
							"uv": {
								"east": {"uv": [2, 80], "uv_size": [1, 2]},
								"south": {"uv": [6, 80], "uv_size": [1, 2]},
								"west": {"uv": [80, 8], "uv_size": [1, 2]}
							}
						},
						{
							"origin": [-0.5, 14.58472, 30.42365],
							"size": [1, 3, 10],
							"pivot": [0.5, 17.58472, 30.42365],
							"rotation": [-5.6081, 2.24637, -2.73015],
							"uv": {
								"west": {"uv": [24, 22], "uv_size": [10, 3.5]},
								"up": {"uv": [59, 56], "uv_size": [1, 10]}
							}
						},
						{
							"origin": [-0.25571, 9.83437, 29.45464],
							"size": [1, 3, 10.25],
							"pivot": [-1.25571, 12.83437, 39.45464],
							"rotation": [-20.48284, 0.83428, 2.35677],
							"uv": {
								"west": {"uv": [45, 26], "uv_size": [-10, 3]},
								"down": {"uv": [24, 74], "uv_size": [-1, -10]}
							}
						},
						{
							"origin": [-0.75, 13.25405, 21.55875],
							"size": [1.5, 3, 8.5],
							"pivot": [-0.75, 16.25405, 30.05875],
							"rotation": [-13, 0, 0],
							"uv": {
								"north": {"uv": [52, 71], "uv_size": [1.5, 3]},
								"east": {"uv": [42, 36], "uv_size": [8.5, 3]},
								"west": {"uv": [42, 40], "uv_size": [8.5, 3]},
								"up": {"uv": [53, 12], "uv_size": [1.5, 8.5]},
								"down": {"uv": [50, 61.5], "uv_size": [1.5, -8.5]}
							}
						},
						{
							"origin": [-0.625, 11.23726, 26.05049],
							"size": [1.25, 2, 3],
							"pivot": [-0.25, 11.91035, 25.41076],
							"rotation": [74.5, 0, 0],
							"uv": {
								"east": {"uv": [69, 44], "uv_size": [3, 2]},
								"west": {"uv": [69, 51], "uv_size": [3, 2]},
								"down": {"uv": [63, 74], "uv_size": [1.5, -3]}
							}
						},
						{
							"origin": [-0.6875, 8.23726, 26.48799],
							"size": [1.375, 1.8125, 6],
							"pivot": [-0.25, 8.91035, 25.84826],
							"rotation": [94.5, 0, 0],
							"uv": {
								"east": {"uv": [53, 53], "uv_size": [6, 2]},
								"south": {"uv": [76, 51], "uv_size": [1.5, 2]},
								"west": {"uv": [39, 54], "uv_size": [6, 2]},
								"up": {"uv": [63, 64], "uv_size": [1.5, 6]},
								"down": {"uv": [65, 6], "uv_size": [1.5, -6]}
							}
						},
						{
							"origin": [-0.625, 12.83381, 24.94469],
							"size": [1.25, 0.8125, 2],
							"pivot": [-0.25, 12.66035, 25.53576],
							"rotation": [142, 0, 0],
							"uv": {
								"east": {"uv": [80, 24], "uv_size": [2, 1]},
								"south": {"uv": [9, 83], "uv_size": [1.5, 1]},
								"west": {"uv": [80, 26], "uv_size": [2, 1]},
								"up": {"uv": [76, 65], "uv_size": [1.5, 2]}
							}
						},
						{
							"origin": [-0.6875, 10.02131, 25.25719],
							"size": [1.375, 0.8125, 1.8125],
							"pivot": [-0.25, 9.84785, 25.84826],
							"rotation": [-171.5, 0, 0],
							"uv": {
								"north": {"uv": [83, 11], "uv_size": [1.5, 1]},
								"east": {"uv": [80, 38], "uv_size": [2, 1]},
								"west": {"uv": [80, 40], "uv_size": [2, 1]}
							}
						},
						{
							"origin": [-0.65625, 8.14759, 26.57857],
							"size": [1.3125, 0.8125, 0.9375],
							"pivot": [-0.75, 8.96009, 26.57857],
							"rotation": [-150, 0, 0],
							"uv": {
								"east": {"uv": [86, 84], "uv_size": [1, 1]},
								"west": {"uv": [85, 86], "uv_size": [1, 1]},
								"up": {"uv": [12, 83], "uv_size": [1.5, 1]}
							}
						},
						{
							"origin": [-0.67187, 7.67884, 25.76668],
							"size": [1.34375, 0.8125, 1.3125],
							"pivot": [-0.75, 8.49134, 25.76668],
							"rotation": [171, 0, 0],
							"uv": {
								"east": {"uv": [15, 83], "uv_size": [1.5, 1]},
								"west": {"uv": [18, 83], "uv_size": [1.5, 1]},
								"up": {"uv": [79, 67], "uv_size": [1.5, 1.5]}
							}
						},
						{
							"origin": [-0.65625, 7.86634, 25.45418],
							"size": [1.3125, 2.8125, 0.9375],
							"pivot": [-0.75, 9.67884, 25.45418],
							"rotation": [178, 0, 0],
							"uv": {
								"east": {"uv": [45, 77], "uv_size": [1, 3]},
								"south": {"uv": [66, 71], "uv_size": [1.5, 3]},
								"west": {"uv": [54, 77], "uv_size": [1, 3]}
							}
						},
						{
							"origin": [-0.5, 15.58472, 26.67365],
							"size": [1, 2, 3.75],
							"pivot": [0.5, 17.58472, 30.42365],
							"rotation": [9.5, 0, 0],
							"uv": {
								"west": {"uv": [68, 0], "uv_size": [3.5, 2]},
								"up": {"uv": [75, 70], "uv_size": [1, 3.5]}
							}
						},
						{
							"origin": [-1.6604, 16.4375, 5.62318],
							"size": [3.3125, 2, 16.9375],
							"pivot": [-1.69165, 16.4375, 6.24818],
							"rotation": [-3.5, 0, 0],
							"uv": {
								"north": {"uv": [68, 3], "uv_size": [3.5, 2]},
								"east": {"uv": [17, 27], "uv_size": [17, 2]},
								"south": {"uv": [68, 13], "uv_size": [3.5, 2]},
								"west": {"uv": [17, 30], "uv_size": [17, 2]},
								"up": {"uv": [6, 6], "uv_size": [3.5, 17]}
							}
						},
						{
							"origin": [-1.69165, 16.5625, 6.24818],
							"size": [3.375, 2, 4.25],
							"uv": {
								"north": {"uv": [52, 68], "uv_size": [3.5, 2]},
								"east": {"uv": [57, 44], "uv_size": [4.5, 2]},
								"south": {"uv": [66, 68], "uv_size": [3.5, 2]},
								"west": {"uv": [58, 22], "uv_size": [4.5, 2]},
								"up": {"uv": [53, 6], "uv_size": [3.5, 4.5]}
							}
						},
						{
							"origin": [0.30835, 16.5625, 10.49818],
							"size": [1.375, 2, 9.4375],
							"uv": {
								"east": {"uv": [50, 0], "uv_size": [9.5, 2]},
								"south": {"uv": [77, 54], "uv_size": [1.5, 2]},
								"west": {"uv": [50, 3], "uv_size": [9.5, 2]},
								"up": {"uv": [21, 53], "uv_size": [1.5, 9.5]},
								"down": {"uv": [24, 62.5], "uv_size": [1.5, -9.5]}
							}
						},
						{
							"origin": [-1.81007, 15.37135, 22.70593],
							"size": [0.88377, 2.10212, 4.5],
							"pivot": [-1.6763, 17.43385, 22.70594],
							"rotation": [-28.92123, 6.11155, -18.24099],
							"uv": {
								"north": {"uv": [68, 80], "uv_size": [-1, 2]},
								"east": {"uv": [69.5, 10], "uv_size": [-4.5, 2]},
								"west": {"uv": [69.5, 7], "uv_size": [-4.5, 2]},
								"down": {"uv": [60, 76.5], "uv_size": [-1, -4.5]}
							}
						},
						{
							"origin": [0.75415, 16.4375, 6.24818],
							"size": [0.9375, 1, 16.3125],
							"pivot": [1.69165, 16.4375, 6.24818],
							"rotation": [-2.08414, -2.32583, -43.30791],
							"uv": {
								"north": {"uv": [87, 69], "uv_size": [-1, 1]},
								"south": {"uv": [87, 71], "uv_size": [-1, 1]},
								"west": {"uv": [66.5, 51], "uv_size": [-16.5, 1]},
								"up": {"uv": [1, 48], "uv_size": [-1, 16.5]},
								"down": {"uv": [3, 64.5], "uv_size": [-1, -16.5]}
							}
						},
						{
							"origin": [-0.30835, 16.75, -9.25182],
							"size": [2, 1.8125, 15.5],
							"pivot": [1.69165, 16.5625, 6.24818],
							"rotation": [0, 2.3, 0],
							"uv": {
								"north": {"uv": [74, 54], "uv_size": [2, 2]},
								"south": {"uv": [74, 57], "uv_size": [2, 2]},
								"west": {"uv": [29, 33], "uv_size": [15.5, 2]},
								"up": {"uv": [12, 36], "uv_size": [2, 15.5]}
							}
						},
						{
							"origin": [0.75415, 16.4375, -3.75182],
							"size": [0.9375, 2, 10],
							"pivot": [1.69165, 16.4375, 6.24818],
							"rotation": [-4.0822, -0.32794, -43.39807],
							"uv": {
								"south": {"uv": [80, 73], "uv_size": [-1, 2]},
								"down": {"uv": [13, 69], "uv_size": [-1, -10]}
							}
						},
						{
							"origin": [-0.5, 14.58472, 30.42365],
							"size": [1, 3, 10],
							"pivot": [-0.5, 17.58472, 30.42365],
							"rotation": [-5.6081, -2.24637, 2.73015],
							"uv": {
								"east": {"uv": [34, 22], "uv_size": [-10, 3.5]},
								"up": {"uv": [60, 56], "uv_size": [-1, 10]}
							}
						},
						{
							"origin": [0.81665, 17.32854, 23.15235],
							"size": [0.875, 1, 4.5],
							"pivot": [1.69165, 18.32854, 23.15235],
							"rotation": [-25.3929, -15.55256, -0.312],
							"uv": {
								"north": {"uv": [4, 87], "uv_size": [1, 1]},
								"west": {"uv": [71, 68], "uv_size": [4.5, 1]},
								"up": {"uv": [69, 71], "uv_size": [1, 4.5]}
							}
						},
						{
							"origin": [0.9263, 15.37135, 22.70593],
							"size": [0.88377, 2.10212, 4.5],
							"pivot": [1.6763, 17.43385, 22.70594],
							"rotation": [-28.92123, -6.11155, 18.24099],
							"uv": {
								"north": {"uv": [67, 80], "uv_size": [1, 2]},
								"east": {"uv": [65, 7], "uv_size": [4.5, 2]},
								"west": {"uv": [65, 10], "uv_size": [4.5, 2]},
								"down": {"uv": [59, 76.5], "uv_size": [1, -4.5]}
							}
						},
						{
							"origin": [-1.69165, 17.43792, 19.9336],
							"size": [3.3833, 0.89062, 3.21875],
							"uv": {
								"north": {"uv": [75, 8], "uv_size": [3.5, 1]},
								"east": {"uv": [12, 24], "uv_size": [3, 1]},
								"south": {"uv": [75, 10], "uv_size": [3.5, 1]},
								"west": {"uv": [77, 32], "uv_size": [3, 1]},
								"up": {"uv": [56, 12], "uv_size": [3.5, 3]},
								"down": {"uv": [56, 19], "uv_size": [3.5, -3]}
							}
						},
						{
							"origin": [-1.68335, 18.3125, 19.06068],
							"size": [0.5, 0.25, 2.375],
							"uv": {
								"north": {"uv": [26, 95], "uv_size": [0.5, 0.5]},
								"east": {"uv": [86, 38], "uv_size": [2.5, 0.5]},
								"south": {"uv": [28, 95], "uv_size": [0.5, 0.5]},
								"west": {"uv": [45, 86], "uv_size": [2.5, 0.5]},
								"up": {"uv": [53, 86], "uv_size": [0.5, 2.5]}
							}
						},
						{
							"origin": [-1.68335, 18.375, 18.68568],
							"size": [0.5, 0.1875, 0.375],
							"pivot": [-1.68335, 18.5625, 19.06068],
							"rotation": [45, 0, 0],
							"uv": {
								"north": {"uv": [100, 22], "uv_size": [0.5, 0.5]},
								"east": {"uv": [100, 26], "uv_size": [0.5, 0.5]},
								"south": {"uv": [100, 28], "uv_size": [0.5, 0.5]},
								"west": {"uv": [100, 30], "uv_size": [0.5, 0.5]},
								"up": {"uv": [32, 100], "uv_size": [0.5, 0.5]}
							}
						},
						{
							"origin": [-1.69165, 18.375, 10.49818],
							"size": [0.5, 0.1875, 0.375],
							"pivot": [-1.69165, 18.5625, 10.49818],
							"rotation": [-45, 0, 0],
							"uv": {
								"north": {"uv": [100, 40], "uv_size": [0.5, 0.5]},
								"east": {"uv": [41, 100], "uv_size": [0.5, 0.5]},
								"south": {"uv": [100, 42], "uv_size": [0.5, 0.5]},
								"west": {"uv": [46, 100], "uv_size": [0.5, 0.5]},
								"up": {"uv": [100, 47], "uv_size": [0.5, 0.5]}
							}
						},
						{
							"origin": [-0.74429, 9.83437, 29.45464],
							"size": [1, 3, 10.25],
							"pivot": [1.25571, 12.83437, 39.45464],
							"rotation": [-20.48284, -0.83428, -2.35677],
							"uv": {
								"east": {"uv": [35, 26], "uv_size": [10, 3]},
								"down": {"uv": [23, 74], "uv_size": [1, -10]}
							}
						},
						{
							"origin": [-1.68335, 16.3125, 10.49818],
							"size": [1.375, 2, 9.4375],
							"uv": {
								"north": {"uv": [79, 49], "uv_size": [1.5, 2]},
								"east": {"uv": [22, 50], "uv_size": [9.5, 2]},
								"south": {"uv": [79, 64], "uv_size": [1.5, 2]},
								"west": {"uv": [39, 51], "uv_size": [9.5, 2]},
								"up": {"uv": [27, 53], "uv_size": [1.5, 9.5]},
								"down": {"uv": [30, 62.5], "uv_size": [1.5, -9.5]}
							}
						},
						{
							"origin": [-1.69165, 17.32854, 23.15235],
							"size": [0.875, 1, 4.5],
							"pivot": [-1.69165, 18.32854, 23.15235],
							"rotation": [-25.3929, 15.55256, 0.312],
							"uv": {
								"north": {"uv": [5, 87], "uv_size": [-1, 1]},
								"east": {"uv": [75.5, 68], "uv_size": [-4.5, 1]},
								"up": {"uv": [70, 71], "uv_size": [-1, 4.5]}
							}
						},
						{
							"origin": [-0.4375, 15.58472, 30.42365],
							"size": [0.9375, 2, 10],
							"pivot": [0.5, 17.58472, 30.42365],
							"rotation": [-11.39638, 0.5538, -7.75744],
							"uv": {
								"west": {"uv": [44.5, 44], "uv_size": [-10.5, 2]}
							}
						},
						{
							"origin": [-0.17665, 13.20408, 30.02848],
							"size": [0.9375, 2.4375, 10],
							"pivot": [0.76085, 15.64158, 30.02848],
							"rotation": [-10.9486, 3.23044, 5.73814],
							"uv": {
								"west": {"uv": [30, 36], "uv_size": [10.5, 2.5]}
							}
						},
						{
							"origin": [-0.5, 16.20972, 26.61115],
							"size": [1, 1.375, 3.8125],
							"pivot": [-0.5, 17.58472, 30.42365],
							"rotation": [9.35825, -1.64233, 9.86557],
							"uv": {
								"north": {"uv": [87, 15], "uv_size": [-1, 1.5]},
								"east": {"uv": [74, 38], "uv_size": [-4, 1.5]},
								"up": {"uv": [7, 75], "uv_size": [-1, 4]}
							}
						},
						{
							"origin": [-0.5, 16.20972, 26.61115],
							"size": [1, 1.375, 3.8125],
							"pivot": [0.5, 17.58472, 30.42365],
							"rotation": [9.35825, 1.64233, -9.86557],
							"uv": {
								"north": {"uv": [86, 15], "uv_size": [1, 1.5]},
								"west": {"uv": [70, 38], "uv_size": [4, 1.5]},
								"up": {"uv": [6, 75], "uv_size": [1, 4]}
							}
						},
						{
							"origin": [-0.5, 15.58472, 30.42365],
							"size": [0.9375, 2, 10],
							"pivot": [-0.5, 17.58472, 30.42365],
							"rotation": [-11.39638, -0.5538, 7.75744],
							"uv": {
								"east": {"uv": [34, 44], "uv_size": [10.5, 2]}
							}
						},
						{
							"origin": [-0.76085, 13.20408, 30.02848],
							"size": [0.9375, 2.4375, 10],
							"pivot": [-0.76085, 15.64158, 30.02848],
							"rotation": [-10.9486, -3.23044, -5.73814],
							"uv": {
								"east": {"uv": [40.5, 36], "uv_size": [-10.5, 2.5]}
							}
						},
						{
							"origin": [-0.29886, 9.85726, 37.58783],
							"size": [0.91022, 1.87816, 1.02219],
							"pivot": [0.61136, 9.85726, 38.61002],
							"rotation": [-40.64887, 5.89065, 6.81647],
							"uv": {
								"east": {"uv": [43, 82], "uv_size": [1, 2]},
								"south": {"uv": [82, 49], "uv_size": [1, 2]},
								"west": {"uv": [82, 52], "uv_size": [1, 2]}
							}
						},
						{
							"origin": [-0.93619, 11.25728, 39.82703],
							"size": [1.84136, 0.53782, 1.796],
							"pivot": [0.90517, 11.25728, 39.82703],
							"rotation": [82, 0, 0],
							"uv": {
								"north": {"uv": [2, 5], "uv_size": [-2, 0.5]},
								"east": {"uv": [7, 2], "uv_size": [-2, 0.5]},
								"west": {"uv": [4, 5], "uv_size": [-2, 0.5]},
								"up": {"uv": [7, 25], "uv_size": [-2, 2]},
								"down": {"uv": [9, 27], "uv_size": [-2, -2]}
							}
						}
					]
				},
				{
					"name": "receiver",
					"parent": "gun",
					"pivot": [0, 0, 0]
				},
				{
					"name": "octagon1",
					"parent": "receiver",
					"pivot": [0, 18.5625, -14],
					"cubes": [
						{
							"origin": [-0.32004, 17.78799, -40.56128],
							"size": [0.64008, 1.5453, 38.43934],
							"pivot": [0, 18.56064, -13.77608],
							"rotation": [0, 0, 45],
							"uv": {
								"north": {"uv": [75, 90], "uv_size": [0.5, 1.5]},
								"up": {"uv": [4, 39], "uv_size": [0.5, 38.5]},
								"down": {"uv": [33, 85.5], "uv_size": [0.5, -38.5]}
							}
						},
						{
							"origin": [-0.32004, 17.78799, -40.56128],
							"size": [0.64008, 1.5453, 38.43934],
							"uv": {
								"north": {"uv": [77, 90], "uv_size": [0.5, 1.5]},
								"up": {"uv": [35, 47], "uv_size": [0.5, 38.5]},
								"down": {"uv": [37, 85.5], "uv_size": [0.5, -38.5]}
							}
						},
						{
							"origin": [-0.77265, 18.2406, -40.56128],
							"size": [1.5453, 0.64008, 38.43934],
							"pivot": [0, 18.56064, -13.77608],
							"rotation": [0, 0, 45],
							"uv": {
								"north": {"uv": [79, 90], "uv_size": [1.5, 0.5]},
								"east": {"uv": [46, 28], "uv_size": [38.5, 0.5]},
								"west": {"uv": [47, 30], "uv_size": [38.5, 0.5]}
							}
						},
						{
							"origin": [-0.77265, 18.2406, -40.56128],
							"size": [1.5453, 0.64008, 38.43934],
							"uv": {
								"north": {"uv": [82, 90], "uv_size": [1.5, 0.5]},
								"east": {"uv": [39, 47], "uv_size": [38.5, 0.5]},
								"west": {"uv": [39, 49], "uv_size": [38.5, 0.5]}
							}
						}
					]
				},
				{
					"name": "octagon4",
					"parent": "receiver",
					"pivot": [0, 18.5625, -6.9375],
					"cubes": [
						{
							"origin": [-0.41421, 17.5625, -8.4375],
							"size": [0.82843, 2, 2],
							"pivot": [0, 18.5625, -6.9375],
							"rotation": [0, 0, 45],
							"uv": {
								"north": {"uv": [82, 58], "uv_size": [1, 2]},
								"south": {"uv": [82, 61], "uv_size": [1, 2]},
								"up": {"uv": [82, 64], "uv_size": [1, 2]}
							}
						},
						{
							"origin": [-0.41421, 17.5625, -8.4375],
							"size": [0.82843, 2, 2],
							"uv": {
								"north": {"uv": [82, 67], "uv_size": [1, 2]},
								"south": {"uv": [82, 74], "uv_size": [1, 2]},
								"up": {"uv": [79, 82], "uv_size": [1, 2]}
							}
						},
						{
							"origin": [-1, 18.14829, -8.4375],
							"size": [2, 0.82843, 2],
							"pivot": [0, 18.5625, -6.9375],
							"rotation": [0, 0, 45],
							"uv": {
								"north": {"uv": [82, 14], "uv_size": [2, 1]},
								"east": {"uv": [82, 18], "uv_size": [2, 1]},
								"south": {"uv": [81, 82], "uv_size": [2, 1]}
							}
						},
						{
							"origin": [-1, 18.14829, -8.4375],
							"size": [2, 0.82843, 2],
							"uv": {
								"north": {"uv": [0, 83], "uv_size": [2, 1]},
								"east": {"uv": [83, 2], "uv_size": [2, 1]},
								"south": {"uv": [3, 83], "uv_size": [2, 1]},
								"west": {"uv": [83, 4], "uv_size": [2, 1]}
							}
						},
						{
							"origin": [-1.25, 16.17609, -8.4375],
							"size": [2.5, 2.58532, 2],
							"uv": {
								"north": {"uv": [57, 68], "uv_size": [2.5, 2.5]},
								"east": {"uv": [45, 70], "uv_size": [2, 2.5]},
								"south": {"uv": [39, 69], "uv_size": [2.5, 2.5]},
								"west": {"uv": [70, 60], "uv_size": [2, 2.5]},
								"up": {"uv": [71, 6], "uv_size": [2.5, 2]},
								"down": {"uv": [71, 11], "uv_size": [2.5, -2]}
							}
						},
						{
							"origin": [-0.5, 15.80109, -7.9375],
							"size": [1, 0.5, 1],
							"pivot": [0, 15.80109, -7.4375],
							"rotation": [0, 45, 0],
							"uv": {
								"north": {"uv": [15, 95], "uv_size": [1, 0.5]},
								"east": {"uv": [17, 95], "uv_size": [1, 0.5]},
								"south": {"uv": [19, 95], "uv_size": [1, 0.5]},
								"west": {"uv": [21, 95], "uv_size": [1, 0.5]},
								"up": {"uv": [88, 58], "uv_size": [1, 1]},
								"down": {"uv": [60, 89], "uv_size": [1, -1]}
							}
						}
					]
				},
				{
					"name": "octagon5",
					"parent": "receiver",
					"pivot": [0, 18.5625, -37.96875],
					"cubes": [
						{
							"origin": [-0.35788, 17.6985, -39.14],
							"size": [0.71576, 1.728, 1.416],
							"uv": {
								"north": {"uv": [12, 92], "uv_size": [0.5, 1.5]},
								"south": {"uv": [92, 17], "uv_size": [0.5, 1.5]},
								"up": {"uv": [92, 20], "uv_size": [0.5, 1.5]},
								"down": {"uv": [92, 30.5], "uv_size": [0.5, -1.5]}
							}
						},
						{
							"origin": [-0.35788, 17.6985, -39.14],
							"size": [0.71576, 1.728, 1.416],
							"pivot": [0, 18.5625, -38],
							"rotation": [0, 0, 45],
							"uv": {
								"north": {"uv": [91, 81], "uv_size": [0.5, 1.5]},
								"south": {"uv": [92, 0], "uv_size": [0.5, 1.5]},
								"up": {"uv": [92, 5], "uv_size": [0.5, 1.5]},
								"down": {"uv": [92, 9.5], "uv_size": [0.5, -1.5]}
							}
						},
						{
							"origin": [-0.864, 18.20462, -39.14],
							"size": [1.728, 0.71576, 1.416],
							"pivot": [0, 18.5625, -38],
							"rotation": [0, 0, 45],
							"uv": {
								"north": {"uv": [91, 69], "uv_size": [1.5, 0.5]},
								"east": {"uv": [91, 71], "uv_size": [1.5, 0.5]},
								"south": {"uv": [91, 77], "uv_size": [1.5, 0.5]},
								"west": {"uv": [91, 79], "uv_size": [1.5, 0.5]}
							}
						},
						{
							"origin": [-0.864, 18.20462, -39.14],
							"size": [1.728, 0.71576, 1.416],
							"uv": {
								"north": {"uv": [91, 42], "uv_size": [1.5, 0.5]},
								"east": {"uv": [91, 60], "uv_size": [1.5, 0.5]},
								"south": {"uv": [61, 91], "uv_size": [1.5, 0.5]},
								"west": {"uv": [91, 67], "uv_size": [1.5, 0.5]}
							}
						},
						{
							"origin": [-0.19891, 18.82867, -38.81463],
							"size": [0.39782, 1, 1.1875],
							"pivot": [0, 18.82867, -38.56463],
							"rotation": [15, 0, 0],
							"uv": {
								"east": {"uv": [16, 87], "uv_size": [1, 1]},
								"south": {"uv": [92, 44], "uv_size": [0.5, 1]},
								"west": {"uv": [18, 87], "uv_size": [1, 1]},
								"down": {"uv": [48, 93], "uv_size": [0.5, -1]}
							}
						},
						{
							"origin": [-0.19891, 19.03724, -39.10539],
							"size": [0.39782, 1, 1.1875],
							"uv": {
								"north": {"uv": [92, 48], "uv_size": [0.5, 1]},
								"east": {"uv": [87, 18], "uv_size": [1, 1]},
								"south": {"uv": [50, 92], "uv_size": [0.5, 1]},
								"west": {"uv": [87, 20], "uv_size": [1, 1]},
								"up": {"uv": [92, 50], "uv_size": [0.5, 1]}
							}
						},
						{
							"origin": [-0.07391, 19.88937, -38.84505],
							"size": [0.15, 0.5, 0.625],
							"pivot": [0.01141, 20.38937, -38.84505],
							"rotation": [7.38, -1.38481, 9.90462],
							"uv": {
								"north": {"uv": [100, 0], "uv_size": [0.5, 0.5]},
								"east": {"uv": [2, 100], "uv_size": [0.5, 0.5]},
								"south": {"uv": [100, 2], "uv_size": [0.5, 0.5]},
								"west": {"uv": [100, 4], "uv_size": [0.5, 0.5]},
								"up": {"uv": [6, 100], "uv_size": [0.5, 0.5]},
								"down": {"uv": [100, 6.5], "uv_size": [0.5, -0.5]}
							}
						},
						{
							"origin": [-0.07609, 19.88937, -38.84505],
							"size": [0.15, 0.5, 0.625],
							"pivot": [-0.01141, 20.38937, -38.84505],
							"rotation": [7.38, 1.38481, -9.90462],
							"uv": {
								"north": {"uv": [8, 100], "uv_size": [0.5, 0.5]},
								"east": {"uv": [100, 8], "uv_size": [0.5, 0.5]},
								"south": {"uv": [100, 16], "uv_size": [0.5, 0.5]},
								"west": {"uv": [100, 18], "uv_size": [0.5, 0.5]},
								"up": {"uv": [100, 20], "uv_size": [0.5, 0.5]},
								"down": {"uv": [22, 100.5], "uv_size": [0.5, -0.5]}
							}
						}
					]
				},
				{
					"name": "hexadecagon3",
					"parent": "receiver",
					"pivot": [0, 19, 26.0625],
					"cubes": [
						{
							"origin": [-0.19891, 17.5625, -2.6875],
							"size": [0.39782, 2, 5.75],
							"pivot": [0, 18.5625, 2.0625],
							"rotation": [0, 0, -22.5],
							"uv": {
								"north": {"uv": [87, 24], "uv_size": [0.5, 2]},
								"up": {"uv": [77, 72], "uv_size": [0.5, 6]}
							}
						},
						{
							"origin": [-0.19891, 17.5625, -2.6875],
							"size": [0.39782, 2, 5.75],
							"uv": {
								"north": {"uv": [33, 87], "uv_size": [0.5, 2]},
								"up": {"uv": [78, 38], "uv_size": [0.5, 6]}
							}
						},
						{
							"origin": [-0.69891, 19.5603, 2.05398],
							"size": [1.39782, 0.1875, 0.625],
							"pivot": [0.69891, 19.8103, 2.42898],
							"rotation": [-105, 0, 0],
							"uv": {
								"north": {"uv": [88, 60], "uv_size": [1.5, 0.5]},
								"east": {"uv": [30, 95], "uv_size": [0.5, 0.5]},
								"south": {"uv": [88, 67], "uv_size": [1.5, 0.5]},
								"west": {"uv": [32, 95], "uv_size": [0.5, 0.5]},
								"up": {"uv": [88, 69], "uv_size": [1.5, 0.5]},
								"down": {"uv": [88, 71.5], "uv_size": [1.5, -0.5]}
							}
						},
						{
							"origin": [0.48859, 19.98289, 2.54221],
							"size": [0.27282, 0.1875, 0.3125],
							"pivot": [0.69891, 20.23289, 2.54221],
							"rotation": [-90, 15, 90],
							"uv": {
								"north": {"uv": [95, 34], "uv_size": [0.5, 0.5]},
								"east": {"uv": [36, 95], "uv_size": [0.5, 0.5]},
								"up": {"uv": [95, 36], "uv_size": [0.5, 0.5]},
								"down": {"uv": [38, 95.5], "uv_size": [0.5, -0.5]}
							}
						},
						{
							"origin": [0.75497, 19.98289, 2.60221],
							"size": [0.39782, 0.1875, 0.3125],
							"pivot": [0.69891, 20.23289, 2.54221],
							"rotation": [-79.73922, 11.00072, 133.49069],
							"uv": {
								"south": {"uv": [95, 38], "uv_size": [0.5, 0.5]},
								"up": {"uv": [40, 95], "uv_size": [0.5, 0.5]},
								"down": {"uv": [95, 40.5], "uv_size": [0.5, -0.5]}
							}
						},
						{
							"origin": [-0.69891, 19.3125, -1.8125],
							"size": [1.39782, 0.5625, 4],
							"uv": {
								"east": {"uv": [80, 78], "uv_size": [4, 0.5]},
								"south": {"uv": [74, 88], "uv_size": [1.5, 0.5]},
								"west": {"uv": [80, 80], "uv_size": [4, 0.5]},
								"up": {"uv": [0, 70], "uv_size": [1.5, 4]},
								"down": {"uv": [6, 74], "uv_size": [1.5, -4]}
							}
						},
						{
							"origin": [-0.76141, 19.5625, 1.375],
							"size": [1.71032, 0.4375, 0.5625],
							"uv": {
								"north": {"uv": [77, 88], "uv_size": [1.5, 0.5]},
								"east": {"uv": [44, 95], "uv_size": [0.5, 0.5]},
								"south": {"uv": [88, 77], "uv_size": [1.5, 0.5]},
								"west": {"uv": [95, 46], "uv_size": [0.5, 0.5]},
								"up": {"uv": [88, 79], "uv_size": [1.5, 0.5]},
								"down": {"uv": [80, 88.5], "uv_size": [1.5, -0.5]}
							}
						},
						{
							"origin": [-0.69891, 19.125, -1.4375],
							"size": [0.27282, 0.5, 0.5],
							"pivot": [0.69891, 19.75, -0.6875],
							"rotation": [-45, 0, 0],
							"uv": {
								"north": {"uv": [95.5, 80], "uv_size": [-0.5, 0.5]},
								"east": {"uv": [95.5, 84], "uv_size": [-0.5, 0.5]},
								"west": {"uv": [95.5, 82], "uv_size": [-0.5, 0.5]},
								"up": {"uv": [86.5, 95], "uv_size": [-0.5, 0.5]}
							}
						},
						{
							"origin": [-0.4942, 19.3125, -2.30671],
							"size": [0.98841, 0.5625, 0.98841],
							"pivot": [0, 19.59375, -1.8125],
							"rotation": [0, 45, 0],
							"uv": {
								"north": {"uv": [52, 92], "uv_size": [1, 0.5]},
								"east": {"uv": [92, 52], "uv_size": [1, 0.5]},
								"west": {"uv": [54, 92], "uv_size": [1, 0.5]},
								"up": {"uv": [87, 30], "uv_size": [1, 1]},
								"down": {"uv": [35, 88], "uv_size": [1, -1]}
							}
						},
						{
							"origin": [-0.19891, 17.5625, -2.6875],
							"size": [0.39782, 2, 5.75],
							"pivot": [0, 18.5625, 2.0625],
							"rotation": [0, 0, 22.5],
							"uv": {
								"north": {"uv": [37, 87], "uv_size": [0.5, 2]},
								"up": {"uv": [56, 78], "uv_size": [0.5, 6]}
							}
						},
						{
							"origin": [-0.19891, 17.5625, -2.6875],
							"size": [0.39782, 2, 5.75],
							"pivot": [0, 18.5625, 2.0625],
							"rotation": [0, 0, 45],
							"uv": {
								"north": {"uv": [39, 87], "uv_size": [0.5, 2]},
								"up": {"uv": [78, 57], "uv_size": [0.5, 6]}
							}
						},
						{
							"origin": [-1, 18.36359, -2.6875],
							"size": [2, 0.39782, 5.75],
							"pivot": [0, 18.5625, 2.0625],
							"rotation": [0, 0, -22.5],
							"uv": {
								"north": {"uv": [87, 40], "uv_size": [2, 0.5]},
								"west": {"uv": [78, 20], "uv_size": [6, 0.5]}
							}
						},
						{
							"origin": [-1, 18.36359, -2.6875],
							"size": [2, 0.39782, 5.75],
							"uv": {
								"north": {"uv": [55, 87], "uv_size": [2, 0.5]},
								"east": {"uv": [78, 45], "uv_size": [6, 0.5]},
								"south": {"uv": [64, 87], "uv_size": [2, 0.5]},
								"west": {"uv": [79, 0], "uv_size": [6, 0.5]}
							}
						},
						{
							"origin": [-1, 18.36359, -2.6875],
							"size": [2, 0.39782, 5.75],
							"pivot": [0, 18.5625, 2.0625],
							"rotation": [0, 0, 22.5],
							"uv": {
								"north": {"uv": [71, 87], "uv_size": [2, 0.5]},
								"east": {"uv": [79, 47], "uv_size": [6, 0.5]}
							}
						},
						{
							"origin": [-0.19891, 17.5625, -2.6875],
							"size": [0.39782, 2, 5.75],
							"pivot": [0, 18.5625, 2.0625],
							"rotation": [0, 0, -45],
							"uv": {
								"north": {"uv": [41, 87], "uv_size": [0.5, 2]},
								"up": {"uv": [58, 78], "uv_size": [0.5, 6]}
							}
						},
						{
							"origin": [0.63641, 19.98289, 1.14439],
							"size": [0.27282, 0.1875, 0.3125],
							"pivot": [0.69891, 20.23289, 2.54221],
							"rotation": [-90, -15, -90],
							"uv": {
								"north": {"uv": [59, 95], "uv_size": [0.5, 0.5]},
								"west": {"uv": [61, 95], "uv_size": [0.5, 0.5]},
								"up": {"uv": [95, 64], "uv_size": [0.5, 0.5]},
								"down": {"uv": [68, 95.5], "uv_size": [0.5, -0.5]}
							}
						},
						{
							"origin": [1.18938, 19.98289, 1.57163],
							"size": [0.39782, 0.1875, 0.3125],
							"pivot": [0.69891, 20.23289, 2.54221],
							"rotation": [-79.73922, -11.00072, -133.49069],
							"uv": {
								"south": {"uv": [72, 95], "uv_size": [0.5, 0.5]},
								"up": {"uv": [74, 95], "uv_size": [0.5, 0.5]},
								"down": {"uv": [76, 95.5], "uv_size": [0.5, -0.5]}
							}
						},
						{
							"origin": [0.42609, 19.125, -1.4375],
							"size": [0.27282, 0.5, 0.5],
							"pivot": [-0.69891, 19.75, -0.6875],
							"rotation": [-45, 0, 0],
							"uv": {
								"north": {"uv": [95, 80], "uv_size": [0.5, 0.5]},
								"east": {"uv": [95, 82], "uv_size": [0.5, 0.5]},
								"west": {"uv": [95, 84], "uv_size": [0.5, 0.5]},
								"up": {"uv": [86, 95], "uv_size": [0.5, 0.5]}
							}
						},
						{
							"origin": [-1.84098, 19.5875, 1.8125],
							"size": [1.5625, 0.375, 1.1875],
							"pivot": [-0.27848, 19.9625, 3],
							"rotation": [23.93845, -0.12533, -44.95796],
							"uv": {
								"north": {"uv": [88, 81], "uv_size": [1.5, 0.5]},
								"east": {"uv": [56, 92], "uv_size": [1, 0.5]},
								"south": {"uv": [83, 88], "uv_size": [1.5, 0.5]},
								"west": {"uv": [92, 62], "uv_size": [1, 0.5]},
								"up": {"uv": [83, 34], "uv_size": [1.5, 1]},
								"down": {"uv": [83, 37], "uv_size": [1.5, -1]}
							}
						},
						{
							"origin": [0.27848, 19.5875, 1.8125],
							"size": [1.5625, 0.375, 1.1875],
							"pivot": [0.27848, 19.9625, 3],
							"rotation": [23.93845, 0.12533, 44.95796],
							"uv": {
								"north": {"uv": [88, 83], "uv_size": [1.5, 0.5]},
								"east": {"uv": [64, 92], "uv_size": [1, 0.5]},
								"south": {"uv": [86, 88], "uv_size": [1.5, 0.5]},
								"west": {"uv": [66, 92], "uv_size": [1, 0.5]},
								"up": {"uv": [83, 38], "uv_size": [1.5, 1]},
								"down": {"uv": [39, 84], "uv_size": [1.5, -1]}
							}
						}
					]
				},
				{
					"name": "hexadecagon4",
					"parent": "receiver",
					"pivot": [0, -0.4375, 0.5],
					"cubes": [
						{
							"origin": [-0.29837, 17.0625, 6.25],
							"size": [0.59674, 3, 4.0625],
							"uv": {
								"north": {"uv": [49, 83], "uv_size": [0.5, 3]},
								"south": {"uv": [65, 83], "uv_size": [0.5, 3]},
								"up": {"uv": [75, 80], "uv_size": [0.5, 4]}
							}
						},
						{
							"origin": [-1.5, 18.26413, 6.25],
							"size": [3, 0.59674, 4.0625],
							"uv": {
								"north": {"uv": [83, 40], "uv_size": [3, 0.5]},
								"east": {"uv": [81, 16], "uv_size": [4, 0.5]},
								"south": {"uv": [71, 83], "uv_size": [3, 0.5]},
								"west": {"uv": [81, 32], "uv_size": [4, 0.5]}
							}
						},
						{
							"origin": [-0.29837, 17.0625, 6.25],
							"size": [0.59674, 3, 4.0625],
							"pivot": [0, 18.5625, 20.5],
							"rotation": [0, 0, 45],
							"uv": {
								"north": {"uv": [67, 83], "uv_size": [0.5, 3]},
								"south": {"uv": [84, 6], "uv_size": [0.5, 3]},
								"up": {"uv": [45, 81], "uv_size": [0.5, 4]}
							}
						},
						{
							"origin": [-0.29837, 17.0625, 6.25],
							"size": [0.59674, 3, 4.0625],
							"pivot": [0, 18.5625, 20.5],
							"rotation": [0, 0, 22.5],
							"uv": {
								"north": {"uv": [21, 84], "uv_size": [0.5, 3]},
								"south": {"uv": [23, 84], "uv_size": [0.5, 3]},
								"up": {"uv": [47, 81], "uv_size": [0.5, 4]}
							}
						},
						{
							"origin": [-0.29837, 17.0625, 6.25],
							"size": [0.59674, 3, 4.0625],
							"pivot": [0, 18.5625, 20.5],
							"rotation": [0, 0, -22.5],
							"uv": {
								"north": {"uv": [25, 84], "uv_size": [0.5, 3]},
								"south": {"uv": [27, 84], "uv_size": [0.5, 3]},
								"up": {"uv": [54, 81], "uv_size": [0.5, 4]}
							}
						},
						{
							"origin": [-0.29837, 17.0625, 6.25],
							"size": [0.59674, 3, 4.0625],
							"pivot": [0, 18.5625, 20.5],
							"rotation": [0, 0, -45],
							"uv": {
								"north": {"uv": [29, 84], "uv_size": [0.5, 3]},
								"south": {"uv": [31, 84], "uv_size": [0.5, 3]},
								"up": {"uv": [69, 81], "uv_size": [0.5, 4]}
							}
						},
						{
							"origin": [-1.5, 18.26413, 6.25],
							"size": [3, 0.59674, 4.0625],
							"pivot": [0, 18.5625, 20.5],
							"rotation": [0, 0, 22.5],
							"uv": {
								"north": {"uv": [84, 42], "uv_size": [3, 0.5]},
								"east": {"uv": [81, 70], "uv_size": [4, 0.5]},
								"south": {"uv": [84, 49], "uv_size": [3, 0.5]}
							}
						},
						{
							"origin": [-1.5, 18.26413, 6.25],
							"size": [3, 0.59674, 4.0625],
							"pivot": [0, 18.5625, 20.5],
							"rotation": [0, 0, -22.5],
							"uv": {
								"north": {"uv": [84, 51], "uv_size": [3, 0.5]},
								"south": {"uv": [84, 53], "uv_size": [3, 0.5]},
								"west": {"uv": [81, 72], "uv_size": [4, 0.5]}
							}
						}
					]
				},
				{
					"name": "hexadecagon6",
					"parent": "receiver",
					"pivot": [0, 19, 38.9375],
					"cubes": [
						{
							"origin": [-0.27848, 17.1625, 3],
							"size": [0.55695, 2.8, 18.375],
							"uv": {
								"north": {"uv": [51, 84], "uv_size": [0.5, 3]},
								"south": {"uv": [84, 55], "uv_size": [0.5, 3]},
								"up": {"uv": [29, 64], "uv_size": [0.5, 18.5]}
							}
						},
						{
							"origin": [-0.27848, 17.1625, 19.0625],
							"size": [0.55695, 2.8, 2.3125],
							"pivot": [0, 18.5625, 14.9375],
							"rotation": [0, 0, -45],
							"uv": {
								"north": {"uv": [84, 59], "uv_size": [0.5, 3]},
								"east": {"uv": [65, 53], "uv_size": [2.5, 3]},
								"south": {"uv": [60, 84], "uv_size": [0.5, 3]},
								"west": {"uv": [65, 57], "uv_size": [2.5, 3]},
								"up": {"uv": [86, 55], "uv_size": [0.5, 2.5]}
							}
						},
						{
							"origin": [-0.27848, 17.1625, 19.0625],
							"size": [0.55695, 2.8, 2.3125],
							"pivot": [0, 18.5625, 14.9375],
							"rotation": [0, 0, -22.5],
							"uv": {
								"north": {"uv": [62, 84], "uv_size": [0.5, 3]},
								"east": {"uv": [0, 66], "uv_size": [2.5, 3]},
								"south": {"uv": [84, 63], "uv_size": [0.5, 3]},
								"west": {"uv": [6, 66], "uv_size": [2.5, 3]},
								"up": {"uv": [86, 59], "uv_size": [0.5, 2.5]}
							}
						},
						{
							"origin": [-0.79304, 19.51186, 19.0625],
							"size": [0.49445, 0.2375, 0.25],
							"pivot": [-0.79304, 19.74936, 19.0625],
							"rotation": [0, 37.5, -22.5],
							"uv": {
								"north": {"uv": [95, 89], "uv_size": [0.5, 0.5]},
								"east": {"uv": [95, 93], "uv_size": [0.5, 0.5]},
								"south": {"uv": [95, 95], "uv_size": [0.5, 0.5]},
								"west": {"uv": [96, 0], "uv_size": [0.5, 0.5]},
								"up": {"uv": [2, 96], "uv_size": [0.5, 0.5]},
								"down": {"uv": [96, 2.5], "uv_size": [0.5, -0.5]}
							}
						},
						{
							"origin": [-1.45688, 18.58649, 19.07571],
							"size": [0.49445, 0.2375, 0.25],
							"pivot": [-1.41321, 18.77634, 19.0625],
							"rotation": [90, 47.5, 90],
							"uv": {
								"north": {"uv": [96, 4], "uv_size": [0.5, 0.5]},
								"east": {"uv": [6, 96], "uv_size": [0.5, 0.5]},
								"south": {"uv": [96, 6], "uv_size": [0.5, 0.5]},
								"west": {"uv": [8, 96], "uv_size": [0.5, 0.5]},
								"up": {"uv": [96, 8], "uv_size": [0.5, 0.5]},
								"down": {"uv": [96, 16.5], "uv_size": [0.5, -0.5]}
							}
						},
						{
							"origin": [-1.45688, 18.58649, 10.23679],
							"size": [0.49445, 0.2375, 0.25],
							"pivot": [-1.41321, 18.77634, 10.5],
							"rotation": [-90, -47.5, 90],
							"uv": {
								"north": {"uv": [96, 18], "uv_size": [0.5, 0.5]},
								"east": {"uv": [96, 20], "uv_size": [0.5, 0.5]},
								"south": {"uv": [96, 22], "uv_size": [0.5, 0.5]},
								"west": {"uv": [23, 96], "uv_size": [0.5, 0.5]},
								"up": {"uv": [96, 27], "uv_size": [0.5, 0.5]},
								"down": {"uv": [96, 29.5], "uv_size": [0.5, -0.5]}
							}
						},
						{
							"origin": [-0.79304, 19.51186, 10.25],
							"size": [0.49445, 0.2375, 0.25],
							"pivot": [-0.79304, 19.74936, 10.5],
							"rotation": [0, -37.5, -22.5],
							"uv": {
								"north": {"uv": [96, 31], "uv_size": [0.5, 0.5]},
								"east": {"uv": [34, 96], "uv_size": [0.5, 0.5]},
								"south": {"uv": [42, 96], "uv_size": [0.5, 0.5]},
								"west": {"uv": [96, 42], "uv_size": [0.5, 0.5]},
								"up": {"uv": [96, 44], "uv_size": [0.5, 0.5]},
								"down": {"uv": [46, 96.5], "uv_size": [0.5, -0.5]}
							}
						},
						{
							"origin": [-0.52293, 19.725, 10.5],
							"size": [0.24445, 0.2375, 8.5625],
							"pivot": [-0.27848, 19.9625, 21.4375],
							"rotation": [0, 0, -22.5],
							"uv": {
								"east": {"uv": [73, 2], "uv_size": [8.5, 0.5]},
								"up": {"uv": [19, 73], "uv_size": [0.5, 8.5]},
								"down": {"uv": [39, 81.5], "uv_size": [0.5, -8.5]}
							}
						},
						{
							"origin": [-0.27848, 17.1625, 2.98438],
							"size": [0.55695, 2.8, 18.51563],
							"pivot": [0, 18.5625, 14.9375],
							"rotation": [0, 0, 22.5],
							"uv": {
								"north": {"uv": [84, 74], "uv_size": [0.5, 3]},
								"east": {"uv": [24, 6], "uv_size": [18.5, 3]},
								"south": {"uv": [77, 84], "uv_size": [0.5, 3]},
								"west": {"uv": [24, 10], "uv_size": [18.5, 3]},
								"up": {"uv": [31, 64], "uv_size": [0.5, 18.5]}
							}
						},
						{
							"origin": [-0.27848, 17.1625, 2.98438],
							"size": [0.55695, 2.8, 18.64063],
							"pivot": [0, 18.5625, 14.9375],
							"rotation": [0, 0, 45],
							"uv": {
								"north": {"uv": [81, 84], "uv_size": [0.5, 3]},
								"east": {"uv": [24, 14], "uv_size": [18.5, 3]},
								"south": {"uv": [84, 82], "uv_size": [0.5, 3]},
								"west": {"uv": [24, 18], "uv_size": [18.5, 3]},
								"up": {"uv": [61, 64], "uv_size": [0.5, 18.5]}
							}
						},
						{
							"origin": [-1.4, 18.28402, 2.98438],
							"size": [2.8, 0.55695, 18.76563],
							"pivot": [0, 18.5625, 14.9375],
							"rotation": [0, 0, -22.5],
							"uv": {
								"north": {"uv": [84, 67], "uv_size": [3, 0.5]},
								"south": {"uv": [0, 85], "uv_size": [3, 0.5]},
								"west": {"uv": [52, 42], "uv_size": [19, 0.5]},
								"up": {"uv": [16, 6], "uv_size": [3, 19]},
								"down": {"uv": [20, 25], "uv_size": [3, -19]}
							}
						},
						{
							"origin": [0.9, 18.28402, 2.98438],
							"size": [0.5, 0.55695, 18.76563],
							"uv": {
								"north": {"uv": [48, 96], "uv_size": [0.5, 0.5]},
								"east": {"uv": [57, 25], "uv_size": [19, 0.5]},
								"south": {"uv": [96, 48], "uv_size": [0.5, 0.5]},
								"west": {"uv": [57, 32], "uv_size": [19, 0.5]},
								"up": {"uv": [25, 64], "uv_size": [0.5, 19]},
								"down": {"uv": [27, 83], "uv_size": [0.5, -19]}
							}
						},
						{
							"origin": [-1.4, 18.28402, 19.0625],
							"size": [2.8, 0.55695, 2.3125],
							"pivot": [0, 18.5625, 14.9375],
							"rotation": [0, 0, 22.5],
							"uv": {
								"north": {"uv": [4, 85], "uv_size": [3, 0.5]},
								"east": {"uv": [86, 46], "uv_size": [2.5, 0.5]},
								"south": {"uv": [8, 85], "uv_size": [3, 0.5]},
								"up": {"uv": [45, 66], "uv_size": [3, 2.5]},
								"down": {"uv": [66, 63.5], "uv_size": [3, -2.5]}
							}
						},
						{
							"origin": [-0.27848, 17.1625, 3],
							"size": [0.55695, 2.8, 7.5],
							"pivot": [0, 18.5625, 4],
							"rotation": [0, 0, -45],
							"uv": {
								"north": {"uv": [12, 85], "uv_size": [0.5, 3]},
								"east": {"uv": [44, 6], "uv_size": [7.5, 3]},
								"south": {"uv": [14, 85], "uv_size": [0.5, 3]},
								"west": {"uv": [44, 10], "uv_size": [7.5, 3]},
								"up": {"uv": [21, 75], "uv_size": [0.5, 7.5]}
							}
						},
						{
							"origin": [-1.4, 18.28402, 3],
							"size": [2.8, 0.55695, 7.5],
							"pivot": [0, 18.5625, 4],
							"rotation": [0, 0, 22.5],
							"uv": {
								"north": {"uv": [85, 13], "uv_size": [3, 0.5]},
								"east": {"uv": [73, 14], "uv_size": [7.5, 0.5]},
								"south": {"uv": [16, 85], "uv_size": [3, 0.5]},
								"up": {"uv": [0, 39], "uv_size": [3, 7.5]},
								"down": {"uv": [18, 51.5], "uv_size": [3, -7.5]}
							}
						},
						{
							"origin": [-0.27848, 17.1625, 3],
							"size": [0.55695, 2.8, 7.5],
							"pivot": [0, 18.5625, 4],
							"rotation": [0, 0, -22.5],
							"uv": {
								"north": {"uv": [85, 18], "uv_size": [0.5, 3]},
								"east": {"uv": [44, 14], "uv_size": [7.5, 3]},
								"south": {"uv": [85, 24], "uv_size": [0.5, 3]},
								"west": {"uv": [44, 18], "uv_size": [7.5, 3]},
								"up": {"uv": [23, 75], "uv_size": [0.5, 7.5]}
							}
						},
						{
							"origin": [-1.4, 18.22152, 10.5],
							"size": [0.5, 0.30696, 8.5625],
							"uv": {
								"north": {"uv": [99, 45], "uv_size": [0.5, 0.5]},
								"east": {"uv": [73, 4], "uv_size": [8.5, 0.5]},
								"south": {"uv": [99, 54], "uv_size": [0.5, 0.5]},
								"west": {"uv": [73, 12], "uv_size": [8.5, 0.5]},
								"up": {"uv": [41, 73], "uv_size": [0.5, 8.5]},
								"down": {"uv": [73, 78.5], "uv_size": [0.5, -8.5]}
							}
						},
						{
							"origin": [-1.4, 18.28402, 19.0625],
							"size": [0.5, 0.55696, 2.3125],
							"uv": {
								"north": {"uv": [58, 99], "uv_size": [0.5, 0.5]},
								"east": {"uv": [86, 63], "uv_size": [2.5, 0.5]},
								"south": {"uv": [99, 58], "uv_size": [0.5, 0.5]},
								"west": {"uv": [86, 65], "uv_size": [2.5, 0.5]},
								"down": {"uv": [69, 88.5], "uv_size": [0.5, -2.5]}
							}
						},
						{
							"origin": [-1.4, 18.28402, 2.98438],
							"size": [0.5, 0.55696, 7.51562],
							"uv": {
								"north": {"uv": [56, 99], "uv_size": [0.5, 0.5]},
								"east": {"uv": [74, 34], "uv_size": [7.5, 0.5]},
								"south": {"uv": [99, 56], "uv_size": [0.5, 0.5]},
								"west": {"uv": [75, 6], "uv_size": [7.5, 0.5]},
								"up": {"uv": [52, 75], "uv_size": [0.5, 7.5]},
								"down": {"uv": [63, 82.5], "uv_size": [0.5, -7.5]}
							}
						}
					]
				},
				{
					"name": "octagon3",
					"parent": "receiver",
					"pivot": [-0.37279, 13.6424, 24.17394],
					"cubes": [
						{
							"origin": [-0.49779, 14.9674, 21.11144],
							"size": [0.99558, 0.1125, 2.75],
							"pivot": [-0.37279, 15.0799, 21.73644],
							"rotation": [176.5, 0, 0],
							"uv": {
								"east": {"uv": [39, 85], "uv_size": [3, 0.5]},
								"south": {"uv": [70, 92], "uv_size": [1, 0.5]},
								"west": {"uv": [85, 44], "uv_size": [3, 0.5]},
								"up": {"uv": [4, 79], "uv_size": [1, 3]}
							}
						},
						{
							"origin": [-0.24779, 14.4049, 22.67394],
							"size": [0.49558, 0.2375, 1.5625],
							"pivot": [-0.37279, 14.6424, 23.29894],
							"rotation": [-97, 0, 0],
							"uv": {
								"east": {"uv": [0, 89], "uv_size": [1.5, 0.5]},
								"west": {"uv": [3, 89], "uv_size": [1.5, 0.5]},
								"down": {"uv": [62, 89.5], "uv_size": [0.5, -1.5]}
							}
						},
						{
							"origin": [-0.24779, 13.53978, 22.74124],
							"size": [0.49558, 0.175, 0.5],
							"pivot": [0.24779, 13.53978, 22.86624],
							"rotation": [-137.5, 0, 0],
							"uv": {
								"north": {"uv": [50, 96], "uv_size": [0.5, 0.5]},
								"east": {"uv": [96, 50], "uv_size": [0.5, 0.5]},
								"south": {"uv": [52, 96], "uv_size": [0.5, 0.5]},
								"west": {"uv": [96, 52], "uv_size": [0.5, 0.5]},
								"up": {"uv": [54, 96], "uv_size": [0.5, 0.5]},
								"down": {"uv": [96, 60.5], "uv_size": [0.5, -0.5]}
							}
						},
						{
							"origin": [-0.24779, 14.0924, 22.79894],
							"size": [0.49558, 0.2375, 1.5625],
							"pivot": [-0.37279, 14.3299, 23.42394],
							"rotation": [-111, 0, 0],
							"uv": {
								"east": {"uv": [6, 89], "uv_size": [1.5, 0.5]},
								"south": {"uv": [96, 62], "uv_size": [0.5, 0.5]},
								"west": {"uv": [9, 89], "uv_size": [1.5, 0.5]},
								"up": {"uv": [12, 89], "uv_size": [0.5, 1.5]},
								"down": {"uv": [89, 13.5], "uv_size": [0.5, -1.5]}
							}
						},
						{
							"origin": [-0.49779, 14.4674, 22.92394],
							"size": [0.99558, 0.1125, 2.75],
							"pivot": [-0.37279, 14.5799, 23.54894],
							"rotation": [169, 0, 0],
							"uv": {
								"east": {"uv": [56, 85], "uv_size": [3, 0.5]},
								"west": {"uv": [71, 85], "uv_size": [3, 0.5]},
								"up": {"uv": [15, 79], "uv_size": [1, 3]}
							}
						},
						{
							"origin": [-0.49779, 12.90834, 19.51507],
							"size": [0.99558, 0.1125, 2.125],
							"pivot": [0.49779, 13.02084, 21.64007],
							"rotation": [171, 0, 0],
							"uv": {
								"north": {"uv": [92, 73], "uv_size": [1, 0.5]},
								"east": {"uv": [87, 86], "uv_size": [2, 0.5]},
								"south": {"uv": [92, 75], "uv_size": [1, 0.5]},
								"west": {"uv": [88, 4], "uv_size": [2, 0.5]},
								"up": {"uv": [77, 81], "uv_size": [1, 2]},
								"down": {"uv": [82, 10], "uv_size": [1, -2]}
							}
						},
						{
							"origin": [-0.49779, 13.5924, 21.42394],
							"size": [0.99558, 1.175, 1.25],
							"pivot": [-0.37279, 14.7674, 21.86144],
							"rotation": [-143.5, 0, 0],
							"uv": {
								"east": {"uv": [85, 78], "uv_size": [1.5, 1]},
								"south": {"uv": [49, 87], "uv_size": [1, 1]},
								"west": {"uv": [85, 80], "uv_size": [1.5, 1]},
								"up": {"uv": [43, 85], "uv_size": [1, 1.5]}
							}
						},
						{
							"origin": [-0.49779, 14.5299, 21.54894],
							"size": [0.99558, 0.1125, 0.875],
							"pivot": [-0.37279, 14.6424, 21.29894],
							"rotation": [-91, 0, 0],
							"uv": {
								"north": {"uv": [79, 92], "uv_size": [1, 0.5]},
								"east": {"uv": [81, 92], "uv_size": [1, 0.5]},
								"south": {"uv": [83, 92], "uv_size": [1, 0.5]},
								"west": {"uv": [85, 92], "uv_size": [1, 0.5]},
								"up": {"uv": [58, 87], "uv_size": [1, 1]},
								"down": {"uv": [67, 88], "uv_size": [1, -1]}
							}
						},
						{
							"origin": [-0.49779, 13.75649, 21.36529],
							"size": [0.99558, 0.1125, 0.6875],
							"pivot": [-0.37279, 13.86899, 20.99029],
							"rotation": [-46.5, 0, 0],
							"uv": {
								"north": {"uv": [92, 87], "uv_size": [1, 0.5]},
								"east": {"uv": [63, 96], "uv_size": [0.5, 0.5]},
								"south": {"uv": [90, 92], "uv_size": [1, 0.5]},
								"west": {"uv": [65, 96], "uv_size": [0.5, 0.5]},
								"up": {"uv": [92, 92], "uv_size": [1, 0.5]},
								"down": {"uv": [0, 93.5], "uv_size": [1, -0.5]}
							}
						},
						{
							"origin": [-0.49779, 13.36452, 24.41474],
							"size": [0.99558, 0.14375, 1.0625],
							"pivot": [-0.37279, 13.50827, 24.41474],
							"rotation": [-129.5, 0, 0],
							"uv": {
								"east": {"uv": [5, 93], "uv_size": [1, 0.5]},
								"south": {"uv": [93, 11], "uv_size": [1, 0.5]},
								"west": {"uv": [93, 13], "uv_size": [1, 0.5]},
								"up": {"uv": [88, 6], "uv_size": [1, 1]},
								"down": {"uv": [88, 9], "uv_size": [1, -1]}
							}
						},
						{
							"origin": [-0.49779, 13.0299, 24.11144],
							"size": [0.99558, 0.425, 1.25],
							"pivot": [-0.37279, 13.4549, 24.17394],
							"rotation": [105.5, 0, 0],
							"uv": {
								"north": {"uv": [14, 93], "uv_size": [1, 0.5]},
								"east": {"uv": [14, 89], "uv_size": [1.5, 0.5]},
								"west": {"uv": [17, 89], "uv_size": [1.5, 0.5]},
								"up": {"uv": [75, 85], "uv_size": [1, 1.5]}
							}
						},
						{
							"origin": [-1.4, 18.09097, 21.75001],
							"size": [2.8, 0.4375, 0.4375],
							"uv": {
								"north": {"uv": [86, 0], "uv_size": [3, 0.5]},
								"east": {"uv": [96, 66], "uv_size": [0.5, 0.5]},
								"west": {"uv": [96, 68], "uv_size": [0.5, 0.5]},
								"up": {"uv": [86, 2], "uv_size": [3, 0.5]}
							}
						},
						{
							"origin": [-1.4, 18.09097, 22.18751],
							"size": [2.8, 0.4375, 0.4375],
							"pivot": [1.4, 18.52847, 22.18751],
							"rotation": [-17.5, 0, 0],
							"uv": {
								"east": {"uv": [60, 99], "uv_size": [0.5, 0.5]},
								"south": {"uv": [86, 22], "uv_size": [3, 0.5]},
								"west": {"uv": [99, 64], "uv_size": [0.5, 0.5]},
								"up": {"uv": [86, 28], "uv_size": [3, 0.5]}
							}
						},
						{
							"origin": [0.37064, 17.83507, 23.21302],
							"size": [0.375, 0.5, 1.74338],
							"pivot": [0.74564, 18.33507, 23.22863],
							"rotation": [-26.9839, -2.6814, 0.2437],
							"uv": {
								"east": {"uv": [18.5, 91], "uv_size": [-1.5, 0.5]},
								"south": {"uv": [99.5, 80], "uv_size": [-0.5, 0.5]},
								"west": {"uv": [15.5, 91], "uv_size": [-1.5, 0.5]},
								"up": {"uv": [24.5, 91], "uv_size": [-0.5, 1.5]}
							}
						},
						{
							"origin": [0.27959, 17.05, 24.74239],
							"size": [0.375, 0.5, 0.54027],
							"pivot": [0.63326, 17.55039, 24.7734],
							"rotation": [-16.7308, -43.7612, 11.7451],
							"uv": {
								"north": {"uv": [99.5, 82], "uv_size": [-0.5, 0.5]},
								"east": {"uv": [86.5, 99], "uv_size": [-0.5, 0.5]},
								"west": {"uv": [99.5, 84], "uv_size": [-0.5, 0.5]},
								"up": {"uv": [99.5, 88], "uv_size": [-0.5, 0.5]}
							}
						},
						{
							"origin": [0.01276, 16.97304, 25.17052],
							"size": [0.31935, 0.5004, 0.5765],
							"pivot": [0.32526, 17.47304, 25.13352],
							"rotation": [-90, -78, 90],
							"uv": {
								"east": {"uv": [99, 92], "uv_size": [0.5, 0.5]},
								"west": {"uv": [94, 99], "uv_size": [0.5, 0.5]},
								"up": {"uv": [99, 94], "uv_size": [0.5, 0.5]}
							}
						},
						{
							"origin": [1.23859, 18.375, 20],
							"size": [0.33532, 0.5625, 1.5],
							"uv": {
								"north": {"uv": [96, 70], "uv_size": [0.5, 0.5]},
								"south": {"uv": [96, 72], "uv_size": [0.5, 0.5]},
								"west": {"uv": [89, 30], "uv_size": [1.5, 0.5]},
								"up": {"uv": [35, 89], "uv_size": [0.5, 1.5]},
								"down": {"uv": [49, 90.5], "uv_size": [0.5, -1.5]}
							}
						},
						{
							"origin": [0.49378, 17.95941, 21.29226],
							"size": [0.90622, 0.4375, 1.3125],
							"pivot": [1.4, 18.39691, 22.60476],
							"rotation": [-7.80465, 43.50632, -5.39853],
							"uv": {
								"north": {"uv": [12, 95], "uv_size": [-1, 0.5]},
								"east": {"uv": [6.5, 91], "uv_size": [-1.5, 0.5]},
								"south": {"uv": [96, 12], "uv_size": [-1, 0.5]},
								"west": {"uv": [92.5, 3], "uv_size": [-1.5, 0.5]},
								"up": {"uv": [87, 32], "uv_size": [-1, 1.5]}
							}
						},
						{
							"origin": [-0.65459, 17.05, 24.74239],
							"size": [0.375, 0.5, 0.54027],
							"pivot": [-0.63326, 17.55039, 24.7734],
							"rotation": [-16.7308, 43.7612, -11.7451],
							"uv": {
								"north": {"uv": [99, 82], "uv_size": [0.5, 0.5]},
								"east": {"uv": [99, 84], "uv_size": [0.5, 0.5]},
								"west": {"uv": [86, 99], "uv_size": [0.5, 0.5]},
								"up": {"uv": [99, 88], "uv_size": [0.5, 0.5]}
							}
						},
						{
							"origin": [-0.74564, 17.83507, 23.21302],
							"size": [0.375, 0.5, 1.74338],
							"pivot": [-0.74564, 18.33507, 23.22863],
							"rotation": [-26.9839, 2.6814, -0.2437],
							"uv": {
								"east": {"uv": [14, 91], "uv_size": [1.5, 0.5]},
								"south": {"uv": [99, 80], "uv_size": [0.5, 0.5]},
								"west": {"uv": [17, 91], "uv_size": [1.5, 0.5]},
								"up": {"uv": [24, 91], "uv_size": [0.5, 1.5]}
							}
						},
						{
							"origin": [-1.4, 17.95941, 21.29226],
							"size": [0.90622, 0.4375, 1.3125],
							"pivot": [-1.4, 18.39691, 22.60476],
							"rotation": [-7.80465, -43.50632, 5.39853],
							"uv": {
								"north": {"uv": [11, 95], "uv_size": [1, 0.5]},
								"east": {"uv": [91, 3], "uv_size": [1.5, 0.5]},
								"south": {"uv": [95, 12], "uv_size": [1, 0.5]},
								"west": {"uv": [5, 91], "uv_size": [1.5, 0.5]},
								"up": {"uv": [86, 32], "uv_size": [1, 1.5]}
							}
						},
						{
							"origin": [0.06471, 17.3924, 24.42394],
							"size": [0.375, 0.1875, 0.375],
							"pivot": [0.00221, 15.8924, 24.36144],
							"rotation": [0, -45, 0],
							"uv": {
								"north": {"uv": [0, 2], "uv_size": [0.5, 0.5]},
								"east": {"uv": [1, 2], "uv_size": [0.5, 0.5]},
								"south": {"uv": [2, 2], "uv_size": [0.5, 0.5]},
								"west": {"uv": [3, 2], "uv_size": [0.5, 0.5]},
								"up": {"uv": [4, 2], "uv_size": [0.5, 0.5]}
							}
						}
					]
				},
				{
					"name": "bolt",
					"parent": "gun",
					"pivot": [0, 18.5, -0.125]
				},
				{
					"name": "fix",
					"parent": "bolt",
					"pivot": [0, 19, 44.875],
					"cubes": [
						{
							"origin": [-0.12316, 19.14061, 22.62811],
							"size": [0.93382, 0.15628, 0.625],
							"pivot": [0, 19, 22.14061],
							"rotation": [0, 0, 4],
							"uv": {
								"north": {"uv": [93, 15], "uv_size": [1, 0.5]},
								"east": {"uv": [96, 74], "uv_size": [0.5, 0.5]},
								"south": {"uv": [16, 93], "uv_size": [1, 0.5]},
								"up": {"uv": [18, 93], "uv_size": [1, 0.5]},
								"down": {"uv": [20, 93.5], "uv_size": [1, -0.5]}
							}
						},
						{
							"origin": [0.84029, 19.00801, 22.62811],
							"size": [0.30584, 0.15657, 0.625],
							"pivot": [0.21047, 18.86769, 22.14061],
							"rotation": [0, 0, -7],
							"uv": {
								"north": {"uv": [96, 76], "uv_size": [0.5, 0.5]},
								"south": {"uv": [78, 96], "uv_size": [0.5, 0.5]},
								"west": {"uv": [96, 78], "uv_size": [0.5, 0.5]},
								"up": {"uv": [80, 96], "uv_size": [0.5, 0.5]},
								"down": {"uv": [82, 96.5], "uv_size": [0.5, -0.5]}
							}
						},
						{
							"origin": [-0.04051, 18.36114, 21.9375],
							"size": [0.74632, 0.25, 1.28125],
							"pivot": [0.70581, 18.61114, 23.21875],
							"rotation": [0, 0, 41],
							"uv": {
								"south": {"uv": [95.5, 25], "uv_size": [-0.5, 1]},
								"up": {"uv": [32.5, 92], "uv_size": [-0.5, 1.5]}
							}
						},
						{
							"origin": [0.01386, 17.41919, 21.9375],
							"size": [0.2968, 1.41161, 1.28125],
							"pivot": [0.25, 18.375, 22.1875],
							"rotation": [0, 0, 90],
							"uv": {
								"south": {"uv": [8, 91], "uv_size": [0.5, 1.5]},
								"up": {"uv": [10, 91], "uv_size": [0.5, 1.5]},
								"down": {"uv": [91, 13.5], "uv_size": [0.5, -1.5]}
							}
						},
						{
							"origin": [-0.70581, 18.36114, 21.9375],
							"size": [0.74632, 0.25, 1.28125],
							"pivot": [-0.70581, 18.61114, 23.21875],
							"rotation": [0, 0, -41],
							"uv": {
								"south": {"uv": [95, 25], "uv_size": [0.5, 1]},
								"up": {"uv": [32, 92], "uv_size": [0.5, 1.5]}
							}
						}
					]
				},
				{
					"name": "octagon7",
					"parent": "fix",
					"pivot": [0, 18.51969, 23.0042],
					"cubes": [
						{
							"origin": [-0.0965, 18.99393, 22.53202],
							"size": [0.19299, 0.46592, 0.68842],
							"pivot": [0, 19.22689, 23.02498],
							"rotation": [0, 0, 45],
							"uv": {
								"south": {"uv": [48, 100], "uv_size": [0.5, 0.5]},
								"up": {"uv": [100, 49], "uv_size": [0.5, 0.5]},
								"down": {"uv": [50, 100.5], "uv_size": [0.5, -0.5]}
							}
						},
						{
							"origin": [-0.0965, 18.99393, 22.53202],
							"size": [0.19299, 0.46592, 0.68842],
							"uv": {
								"south": {"uv": [100, 51], "uv_size": [0.5, 0.5]},
								"up": {"uv": [52, 100], "uv_size": [0.5, 0.5]},
								"down": {"uv": [54, 100.5], "uv_size": [0.5, -0.5]}
							}
						},
						{
							"origin": [-0.23296, 19.1304, 22.53202],
							"size": [0.46592, 0.19299, 0.68842],
							"pivot": [0, 19.22689, 23.02498],
							"rotation": [0, 0, 45],
							"uv": {
								"east": {"uv": [100, 60], "uv_size": [0.5, 0.5]},
								"south": {"uv": [62, 100], "uv_size": [0.5, 0.5]},
								"west": {"uv": [100, 62], "uv_size": [0.5, 0.5]}
							}
						},
						{
							"origin": [-0.23296, 19.1304, 22.53202],
							"size": [0.46592, 0.19299, 0.68842],
							"uv": {
								"east": {"uv": [64, 100], "uv_size": [0.5, 0.5]},
								"south": {"uv": [100, 66], "uv_size": [0.5, 0.5]},
								"west": {"uv": [68, 100], "uv_size": [0.5, 0.5]}
							}
						}
					]
				},
				{
					"name": "pin",
					"parent": "fix",
					"pivot": [-0.0013, 18.53996, 23.24219],
					"cubes": [
						{
							"origin": [-0.00076, 18.3375, 23.82805],
							"size": [0.24632, 0.25, 0.07823],
							"pivot": [0.30806, 18.7125, 23.875],
							"rotation": [0, 0, 45],
							"uv": {
								"east": {"uv": [84, 96], "uv_size": [0.5, 0.5]},
								"south": {"uv": [96, 86], "uv_size": [0.5, 0.5]},
								"west": {"uv": [88, 96], "uv_size": [0.5, 0.5]},
								"up": {"uv": [90, 96], "uv_size": [0.5, 0.5]},
								"down": {"uv": [96, 91.5], "uv_size": [0.5, -0.5]}
							}
						},
						{
							"origin": [-0.15701, 17.72811, 23.14061],
							"size": [0.30882, 1, 0.68753],
							"uv": {
								"east": {"uv": [88, 10], "uv_size": [1, 1]},
								"south": {"uv": [26, 93], "uv_size": [0.5, 1]},
								"west": {"uv": [88, 15], "uv_size": [1, 1]},
								"down": {"uv": [93, 27], "uv_size": [0.5, -1]}
							}
						}
					]
				},
				{
					"name": "octagon6",
					"parent": "pin",
					"pivot": [0, 17.60939, 23.5],
					"cubes": [
						{
							"origin": [-0.14497, 18.32189, 23.18122],
							"size": [0.28995, 0.7, 0.7],
							"pivot": [0, 18.67189, 23.53122],
							"rotation": [0, 0, 45],
							"uv": {
								"south": {"uv": [100, 68], "uv_size": [0.5, 0.5]},
								"up": {"uv": [100, 70], "uv_size": [0.5, 0.5]},
								"down": {"uv": [100, 72.5], "uv_size": [0.5, -0.5]}
							}
						},
						{
							"origin": [-0.14497, 18.32189, 23.18122],
							"size": [0.28995, 0.7, 0.7],
							"uv": {
								"south": {"uv": [100, 74], "uv_size": [0.5, 0.5]},
								"up": {"uv": [100, 76], "uv_size": [0.5, 0.5]},
								"down": {"uv": [77, 100.5], "uv_size": [0.5, -0.5]}
							}
						},
						{
							"origin": [-0.35, 18.52692, 23.18122],
							"size": [0.7, 0.28995, 0.7],
							"pivot": [0, 18.67189, 23.53122],
							"rotation": [0, 0, 45],
							"uv": {
								"east": {"uv": [100, 78], "uv_size": [0.5, 0.5]},
								"south": {"uv": [79, 100], "uv_size": [0.5, 0.5]},
								"west": {"uv": [81, 100], "uv_size": [0.5, 0.5]}
							}
						},
						{
							"origin": [-0.35, 18.52692, 23.18122],
							"size": [0.7, 0.28995, 0.7],
							"uv": {
								"east": {"uv": [83, 100], "uv_size": [0.5, 0.5]},
								"south": {"uv": [100, 86], "uv_size": [0.5, 0.5]},
								"west": {"uv": [88, 100], "uv_size": [0.5, 0.5]}
							}
						}
					]
				},
				{
					"name": "octagon",
					"parent": "fix",
					"pivot": [0, 19, 45.875],
					"cubes": [
						{
							"origin": [-0.37279, 17.6625, 21.8125],
							"size": [0.74558, 1.8, 0.75],
							"pivot": [0, 18.5625, 21.875],
							"rotation": [0, 0, 45],
							"uv": {
								"north": {"uv": [28, 88], "uv_size": [0.5, 2]},
								"south": {"uv": [30, 88], "uv_size": [0.5, 2]},
								"up": {"uv": [38, 93], "uv_size": [0.5, 1]},
								"down": {"uv": [93, 39], "uv_size": [0.5, -1]}
							}
						},
						{
							"origin": [-0.9, 18.18971, 21.8125],
							"size": [1.8, 0.74558, 0.75],
							"pivot": [0, 18.5625, 21.875],
							"rotation": [0, 0, 45],
							"uv": {
								"north": {"uv": [88, 32], "uv_size": [2, 0.5]},
								"east": {"uv": [40, 93], "uv_size": [1, 0.5]},
								"south": {"uv": [88, 34], "uv_size": [2, 0.5]},
								"west": {"uv": [93, 40], "uv_size": [1, 0.5]}
							}
						},
						{
							"origin": [-0.9, 18.18971, 21.8125],
							"size": [1.8, 0.74558, 0.75],
							"uv": {
								"north": {"uv": [88, 36], "uv_size": [2, 0.5]},
								"east": {"uv": [45, 93], "uv_size": [1, 0.5]},
								"south": {"uv": [88, 42], "uv_size": [2, 0.5]},
								"west": {"uv": [93, 46], "uv_size": [1, 0.5]}
							}
						},
						{
							"origin": [-0.37279, 17.6625, 21.8125],
							"size": [0.74558, 1.8, 0.75],
							"uv": {
								"north": {"uv": [24, 88], "uv_size": [0.5, 2]},
								"south": {"uv": [26, 88], "uv_size": [0.5, 2]},
								"up": {"uv": [36, 93], "uv_size": [0.5, 1]},
								"down": {"uv": [93, 37], "uv_size": [0.5, -1]}
							}
						}
					]
				},
				{
					"name": "rotate",
					"parent": "bolt",
					"pivot": [0, 18.5625, 8.875],
					"cubes": [
						{
							"origin": [-0.24816, 18.1875, 21],
							"size": [0.4375, 0.9375, 0.875],
							"pivot": [-0.31066, 19.25, 21.875],
							"rotation": [0, 90, 0],
							"uv": {
								"north": {"uv": [28, 93], "uv_size": [0.5, 1]},
								"east": {"uv": [20, 88], "uv_size": [1, 1]},
								"west": {"uv": [22, 88], "uv_size": [1, 1]},
								"up": {"uv": [30, 93], "uv_size": [0.5, 1]},
								"down": {"uv": [93, 35], "uv_size": [0.5, -1]}
							}
						},
						{
							"origin": [-1.12316, 18.625, 20.5],
							"size": [0.4375, 0.4375, 1.375],
							"pivot": [-1.18566, 19.0625, 21.875],
							"rotation": [0, 90, -8.5],
							"uv": {
								"east": {"uv": [85, 90], "uv_size": [1.5, 0.5]},
								"west": {"uv": [90, 85], "uv_size": [1.5, 0.5]},
								"up": {"uv": [88, 90], "uv_size": [0.5, 1.5]}
							}
						},
						{
							"origin": [-1.18566, 18.25, 20.4375],
							"size": [0.4375, 0.375, 1.375],
							"pivot": [-1.18566, 18.25, 21.8125],
							"rotation": [0, 90, 8.5],
							"uv": {
								"east": {"uv": [90, 90], "uv_size": [1.5, 0.5]},
								"west": {"uv": [0, 91], "uv_size": [1.5, 0.5]},
								"down": {"uv": [3, 92.5], "uv_size": [0.5, -1.5]}
							}
						},
						{
							"origin": [-0.31066, 17.8125, 9.9375],
							"size": [0.62132, 1.5, 11.9375],
							"pivot": [0, 18.5625, 20.875],
							"rotation": [0, 0, 45],
							"uv": {
								"north": {"uv": [55, 89], "uv_size": [0.5, 1.5]},
								"south": {"uv": [57, 89], "uv_size": [0.5, 1.5]},
								"up": {"uv": [43, 69], "uv_size": [0.5, 12]},
								"down": {"uv": [9, 82], "uv_size": [0.5, -12]}
							}
						},
						{
							"origin": [-0.31066, 17.8125, 9.9375],
							"size": [0.62132, 1.5, 11.9375],
							"uv": {
								"north": {"uv": [66, 89], "uv_size": [0.5, 1.5]},
								"south": {"uv": [71, 89], "uv_size": [0.5, 1.5]},
								"up": {"uv": [11, 70], "uv_size": [0.5, 12]},
								"down": {"uv": [13, 82], "uv_size": [0.5, -12]}
							}
						},
						{
							"origin": [-0.75, 18.25184, 9.9375],
							"size": [1.5, 0.62132, 11.9375],
							"pivot": [0, 18.5625, 20.875],
							"rotation": [0, 0, 45],
							"uv": {
								"north": {"uv": [89, 44], "uv_size": [1.5, 0.5]},
								"east": {"uv": [65, 20], "uv_size": [12, 0.5]},
								"south": {"uv": [89, 73], "uv_size": [1.5, 0.5]},
								"west": {"uv": [68, 16], "uv_size": [12, 0.5]}
							}
						},
						{
							"origin": [-0.75, 18.25184, 9.9375],
							"size": [1.5, 0.62132, 11.9375],
							"uv": {
								"north": {"uv": [89, 75], "uv_size": [1.5, 0.5]},
								"east": {"uv": [70, 22], "uv_size": [12, 0.5]},
								"south": {"uv": [89, 88], "uv_size": [1.5, 0.5]},
								"west": {"uv": [70, 36], "uv_size": [12, 0.5]}
							}
						},
						{
							"origin": [-0.60228, 18.73003, 11.125],
							"size": [0.5, 0.25, 0.25],
							"pivot": [-0.35228, 18.91753, 11.3125],
							"rotation": [-45, 0, 45],
							"uv": {
								"east": {"uv": [4, 5], "uv_size": [0.5, 0.5]}
							}
						},
						{
							"origin": [-0.60228, 18.73003, 10.625],
							"size": [0.5, 0.25, 0.25],
							"pivot": [-0.35228, 18.91753, 10.8125],
							"rotation": [-45, 0, 45],
							"uv": {
								"east": {"uv": [4, 5], "uv_size": [0.5, 0.5]}
							}
						},
						{
							"origin": [-0.60228, 18.73003, 11.625],
							"size": [0.5, 0.25, 0.25],
							"pivot": [-0.35228, 18.91753, 11.8125],
							"rotation": [-45, 0, 45],
							"uv": {
								"east": {"uv": [4, 5], "uv_size": [0.5, 0.5]}
							}
						}
					]
				},
				{
					"name": "octagon2",
					"parent": "rotate",
					"pivot": [-3.0625, 18.65625, 21.5625],
					"rotation": [0, 0, 0],
					"cubes": [
						{
							"origin": [-3.31795, 18.39745, 20.93742],
							"size": [0.5, 0.51777, 1.25],
							"pivot": [-3.0625, 18.65625, 21.5625],
							"rotation": [-45, 0, 0],
							"uv": {
								"north": {"uv": [14, 99], "uv_size": [0.5, 0.5]},
								"east": {"uv": [90, 54], "uv_size": [1.5, 0.5]},
								"south": {"uv": [99, 14], "uv_size": [0.5, 0.5]},
								"west": {"uv": [90, 56], "uv_size": [1.5, 0.5]}
							}
						},
						{
							"origin": [-3.31795, 18.39749, 20.9375],
							"size": [0.5, 0.51777, 1.25],
							"uv": {
								"north": {"uv": [16, 99], "uv_size": [0.5, 0.5]},
								"south": {"uv": [18, 99], "uv_size": [0.5, 0.5]}
							}
						},
						{
							"origin": [-3.33152, 18.39749, 20.94136],
							"size": [0.53033, 0.51777, 1.24372],
							"pivot": [-3.0625, 18.65625, 21.5625],
							"rotation": [0, -45, 0],
							"uv": {
								"north": {"uv": [37, 99], "uv_size": [0.5, 0.5]},
								"south": {"uv": [99, 38], "uv_size": [0.5, 0.5]},
								"up": {"uv": [93, 94], "uv_size": [0.5, 1]},
								"down": {"uv": [0, 96], "uv_size": [0.5, -1]}
							}
						},
						{
							"origin": [-3.32381, 18.39749, 20.94764],
							"size": [0.53033, 0.51777, 1.24372],
							"pivot": [-3.0625, 18.65625, 21.5625],
							"rotation": [0, -135, 0],
							"uv": {
								"north": {"uv": [39, 99], "uv_size": [0.5, 0.5]},
								"south": {"uv": [44, 99], "uv_size": [0.5, 0.5]},
								"up": {"uv": [4, 95], "uv_size": [0.5, 1]},
								"down": {"uv": [95, 11], "uv_size": [0.5, -1]}
							}
						},
						{
							"origin": [-3.31795, 18.03133, 21.30353],
							"size": [0.5, 1.25, 0.51777],
							"pivot": [-3.0625, 18.65625, 21.5625],
							"rotation": [-45, 0, 0],
							"uv": {
								"east": {"uv": [59, 90], "uv_size": [0.5, 1.5]},
								"west": {"uv": [90, 62], "uv_size": [0.5, 1.5]},
								"up": {"uv": [20, 99], "uv_size": [0.5, 0.5]},
								"down": {"uv": [24, 99.5], "uv_size": [0.5, -0.5]}
							}
						},
						{
							"origin": [-3.31795, 18.03137, 21.30362],
							"size": [0.5, 1.25, 0.51777],
							"uv": {
								"up": {"uv": [99, 24], "uv_size": [0.5, 0.5]},
								"down": {"uv": [26, 99.5], "uv_size": [0.5, -0.5]}
							}
						},
						{
							"origin": [-3.3125, 18.03519, 21.30739],
							"size": [0.5, 1.25, 0.51777],
							"pivot": [-3.0625, 18.65625, 21.5625],
							"rotation": [0, -90, -45],
							"uv": {
								"east": {"uv": [68, 90], "uv_size": [0.5, 1.5]},
								"west": {"uv": [73, 90], "uv_size": [0.5, 1.5]},
								"up": {"uv": [35, 99], "uv_size": [0.5, 0.5]},
								"down": {"uv": [99, 36.5], "uv_size": [0.5, -0.5]}
							}
						},
						{
							"origin": [-3.3125, 18.39749, 20.94295],
							"size": [0.5, 0.51777, 1.25],
							"pivot": [-3.0625, 18.65625, 21.5625],
							"rotation": [0, -90, 0],
							"uv": {
								"north": {"uv": [99, 32], "uv_size": [0.5, 0.5]},
								"south": {"uv": [99, 34], "uv_size": [0.5, 0.5]}
							}
						},
						{
							"origin": [-3.3125, 18.40131, 20.94127],
							"size": [0.5, 0.51777, 1.25],
							"pivot": [-3.0625, 18.65625, 21.5625],
							"rotation": [0, -90, -45],
							"uv": {
								"north": {"uv": [28, 99], "uv_size": [0.5, 0.5]},
								"east": {"uv": [90, 58], "uv_size": [1.5, 0.5]},
								"south": {"uv": [30, 99], "uv_size": [0.5, 0.5]},
								"west": {"uv": [90, 65], "uv_size": [1.5, 0.5]}
							}
						}
					]
				},
				{
					"name": "attachments",
					"parent": "gun",
					"pivot": [0, 0, 0]
				},
				{
					"name": "mount",
					"parent": "attachments",
					"pivot": [8, 9.1875, -1.1875]
				},
				{
					"name": "bone",
					"parent": "mount",
					"pivot": [8, 9.1875, -1.1875],
					"cubes": [
						{
							"origin": [-0.3643, 20.26088, 12.64063],
							"size": [0.177, 0.177, 0.25],
							"pivot": [-0.375, 20.25018, 9.51563],
							"rotation": [0, 0, -45],
							"uv": {
								"north": {"uv": [6, 98], "uv_size": [0.5, 0.5]},
								"east": {"uv": [98, 6], "uv_size": [0.5, 0.5]},
								"south": {"uv": [8, 98], "uv_size": [0.5, 0.5]},
								"up": {"uv": [98, 8], "uv_size": [0.5, 0.5]}
							}
						},
						{
							"origin": [0.1873, 20.26088, 12.64063],
							"size": [0.177, 0.177, 0.25],
							"pivot": [0.375, 20.25018, 9.51563],
							"rotation": [0, 0, 45],
							"uv": {
								"north": {"uv": [98, 0], "uv_size": [0.5, 0.5]},
								"south": {"uv": [2, 98], "uv_size": [0.5, 0.5]},
								"west": {"uv": [98, 2], "uv_size": [0.5, 0.5]},
								"up": {"uv": [98, 4], "uv_size": [0.5, 0.5]}
							}
						},
						{
							"origin": [-0.375, 20.39063, 12.64063],
							"size": [0.75, 0.125, 0.25],
							"uv": {
								"north": {"uv": [42, 94], "uv_size": [1, 0.5]},
								"south": {"uv": [94, 42], "uv_size": [1, 0.5]},
								"up": {"uv": [94, 44], "uv_size": [1, 0.5]}
							}
						},
						{
							"origin": [-0.3643, 20.26088, 13.14063],
							"size": [0.177, 0.177, 1],
							"pivot": [-0.375, 20.25018, 10.76563],
							"rotation": [0, 0, -45],
							"uv": {
								"north": {"uv": [97, 95], "uv_size": [0.5, 0.5]},
								"east": {"uv": [94, 32], "uv_size": [1, 0.5]},
								"south": {"uv": [96, 97], "uv_size": [0.5, 0.5]},
								"up": {"uv": [34, 94], "uv_size": [0.5, 1]}
							}
						},
						{
							"origin": [0.1873, 20.26088, 13.14063],
							"size": [0.177, 0.177, 1],
							"pivot": [0.375, 20.25018, 10.76563],
							"rotation": [0, 0, 45],
							"uv": {
								"north": {"uv": [97, 93], "uv_size": [0.5, 0.5]},
								"south": {"uv": [94, 97], "uv_size": [0.5, 0.5]},
								"west": {"uv": [94, 28], "uv_size": [1, 0.5]},
								"up": {"uv": [94, 30], "uv_size": [0.5, 1]}
							}
						},
						{
							"origin": [-0.375, 20.39063, 13.14063],
							"size": [0.75, 0.125, 1],
							"uv": {
								"north": {"uv": [94, 23], "uv_size": [1, 0.5]},
								"south": {"uv": [24, 94], "uv_size": [1, 0.5]},
								"up": {"uv": [88, 50], "uv_size": [1, 1]}
							}
						},
						{
							"origin": [-0.3643, 20.26088, 10.64063],
							"size": [0.177, 0.177, 0.25],
							"pivot": [-0.375, 20.25018, 7.51563],
							"rotation": [0, 0, -45],
							"uv": {
								"north": {"uv": [97, 82], "uv_size": [0.5, 0.5]},
								"east": {"uv": [97, 84], "uv_size": [0.5, 0.5]},
								"south": {"uv": [86, 97], "uv_size": [0.5, 0.5]},
								"up": {"uv": [97, 88], "uv_size": [0.5, 0.5]}
							}
						},
						{
							"origin": [0.1873, 20.26088, 10.64063],
							"size": [0.177, 0.177, 0.25],
							"pivot": [0.375, 20.25018, 7.51563],
							"rotation": [0, 0, 45],
							"uv": {
								"north": {"uv": [72, 97], "uv_size": [0.5, 0.5]},
								"south": {"uv": [74, 97], "uv_size": [0.5, 0.5]},
								"west": {"uv": [76, 97], "uv_size": [0.5, 0.5]},
								"up": {"uv": [97, 80], "uv_size": [0.5, 0.5]}
							}
						},
						{
							"origin": [-0.375, 20.39063, 10.64063],
							"size": [0.75, 0.125, 0.25],
							"uv": {
								"north": {"uv": [94, 17], "uv_size": [1, 0.5]},
								"south": {"uv": [94, 19], "uv_size": [1, 0.5]},
								"up": {"uv": [94, 21], "uv_size": [1, 0.5]}
							}
						},
						{
							"origin": [-0.3643, 20.26088, 11.14063],
							"size": [0.177, 0.177, 1.25],
							"pivot": [-0.375, 20.25018, 9.01563],
							"rotation": [0, 0, -45],
							"uv": {
								"north": {"uv": [97, 64], "uv_size": [0.5, 0.5]},
								"east": {"uv": [90, 38], "uv_size": [1.5, 0.5]},
								"south": {"uv": [67, 97], "uv_size": [0.5, 0.5]},
								"up": {"uv": [39, 90], "uv_size": [0.5, 1.5]}
							}
						},
						{
							"origin": [0.1873, 20.26088, 11.14063],
							"size": [0.177, 0.177, 1.25],
							"pivot": [0.375, 20.25018, 9.01563],
							"rotation": [0, 0, 45],
							"uv": {
								"north": {"uv": [97, 58], "uv_size": [0.5, 0.5]},
								"south": {"uv": [60, 97], "uv_size": [0.5, 0.5]},
								"west": {"uv": [32, 90], "uv_size": [1.5, 0.5]},
								"up": {"uv": [37, 90], "uv_size": [0.5, 1.5]}
							}
						},
						{
							"origin": [-0.375, 20.39063, 11.14063],
							"size": [0.75, 0.125, 1.25],
							"uv": {
								"north": {"uv": [94, 8], "uv_size": [1, 0.5]},
								"south": {"uv": [9, 94], "uv_size": [1, 0.5]},
								"up": {"uv": [86, 4], "uv_size": [1, 1.5]}
							}
						},
						{
							"origin": [-0.375, 20.39063, 9.64063],
							"size": [0.75, 0.125, 0.75],
							"uv": {
								"north": {"uv": [94, 6], "uv_size": [1, 0.5]},
								"south": {"uv": [7, 94], "uv_size": [1, 0.5]},
								"up": {"uv": [88, 48], "uv_size": [1, 1]}
							}
						},
						{
							"origin": [0.1873, 20.26088, 9.64063],
							"size": [0.177, 0.177, 0.75],
							"pivot": [0.375, 20.25018, 7.01563],
							"rotation": [0, 0, 45],
							"uv": {
								"north": {"uv": [97, 56], "uv_size": [0.5, 0.5]},
								"south": {"uv": [58, 97], "uv_size": [0.5, 0.5]},
								"west": {"uv": [94, 2], "uv_size": [1, 0.5]},
								"up": {"uv": [94, 4], "uv_size": [0.5, 1]}
							}
						},
						{
							"origin": [-0.3643, 20.26088, 9.64063],
							"size": [0.177, 0.177, 0.75],
							"pivot": [-0.375, 20.25018, 7.01563],
							"rotation": [0, 0, -45],
							"uv": {
								"north": {"uv": [97, 54], "uv_size": [0.5, 0.5]},
								"east": {"uv": [94, 0], "uv_size": [1, 0.5]},
								"south": {"uv": [56, 97], "uv_size": [0.5, 0.5]},
								"up": {"uv": [2, 94], "uv_size": [0.5, 1]}
							}
						},
						{
							"origin": [-0.375, 20.39063, 9.14063],
							"size": [0.75, 0.125, 0.25],
							"uv": {
								"north": {"uv": [93, 85], "uv_size": [1, 0.5]},
								"south": {"uv": [87, 93], "uv_size": [1, 0.5]},
								"up": {"uv": [93, 89], "uv_size": [1, 0.5]}
							}
						},
						{
							"origin": [0.1873, 20.26088, 9.14063],
							"size": [0.177, 0.177, 0.25],
							"pivot": [0.375, 20.25018, 6.01563],
							"rotation": [0, 0, 45],
							"uv": {
								"north": {"uv": [97, 39], "uv_size": [0.5, 0.5]},
								"south": {"uv": [40, 97], "uv_size": [0.5, 0.5]},
								"west": {"uv": [44, 97], "uv_size": [0.5, 0.5]},
								"up": {"uv": [97, 46], "uv_size": [0.5, 0.5]}
							}
						},
						{
							"origin": [-0.3643, 20.26088, 9.14063],
							"size": [0.177, 0.177, 0.25],
							"pivot": [-0.375, 20.25018, 6.01563],
							"rotation": [0, 0, -45],
							"uv": {
								"north": {"uv": [97, 35], "uv_size": [0.5, 0.5]},
								"east": {"uv": [36, 97], "uv_size": [0.5, 0.5]},
								"south": {"uv": [97, 37], "uv_size": [0.5, 0.5]},
								"up": {"uv": [38, 97], "uv_size": [0.5, 0.5]}
							}
						},
						{
							"origin": [-0.375, 20.39063, 7.64063],
							"size": [0.75, 0.125, 1.25],
							"uv": {
								"north": {"uv": [93, 81], "uv_size": [1, 0.5]},
								"south": {"uv": [93, 83], "uv_size": [1, 0.5]},
								"up": {"uv": [79, 85], "uv_size": [1, 1.5]}
							}
						},
						{
							"origin": [-0.3643, 20.26088, 7.14063],
							"size": [0.177, 0.177, 0.25],
							"pivot": [-0.375, 20.25018, 4.01563],
							"rotation": [0, 0, -45],
							"uv": {
								"north": {"uv": [27, 97], "uv_size": [0.5, 0.5]},
								"east": {"uv": [29, 97], "uv_size": [0.5, 0.5]},
								"south": {"uv": [31, 97], "uv_size": [0.5, 0.5]},
								"up": {"uv": [97, 33], "uv_size": [0.5, 0.5]}
							}
						},
						{
							"origin": [0.1873, 20.26088, 7.14063],
							"size": [0.177, 0.177, 0.25],
							"pivot": [0.375, 20.25018, 4.01563],
							"rotation": [0, 0, 45],
							"uv": {
								"north": {"uv": [18, 97], "uv_size": [0.5, 0.5]},
								"south": {"uv": [20, 97], "uv_size": [0.5, 0.5]},
								"west": {"uv": [97, 24], "uv_size": [0.5, 0.5]},
								"up": {"uv": [25, 97], "uv_size": [0.5, 0.5]}
							}
						},
						{
							"origin": [-0.375, 20.39063, 7.14063],
							"size": [0.75, 0.125, 0.25],
							"uv": {
								"north": {"uv": [72, 93], "uv_size": [1, 0.5]},
								"south": {"uv": [74, 93], "uv_size": [1, 0.5]},
								"up": {"uv": [76, 93], "uv_size": [1, 0.5]}
							}
						},
						{
							"origin": [0.1873, 20.26088, 7.64063],
							"size": [0.177, 0.177, 1.25],
							"pivot": [0.375, 20.25018, 5.51563],
							"rotation": [0, 0, 45],
							"uv": {
								"north": {"uv": [97, 14], "uv_size": [0.5, 0.5]},
								"south": {"uv": [16, 97], "uv_size": [0.5, 0.5]},
								"west": {"uv": [90, 27], "uv_size": [1.5, 0.5]},
								"up": {"uv": [22, 90], "uv_size": [0.5, 1.5]}
							}
						},
						{
							"origin": [-0.3643, 20.26088, 7.64063],
							"size": [0.177, 0.177, 1.25],
							"pivot": [-0.375, 20.25018, 5.51563],
							"rotation": [0, 0, -45],
							"uv": {
								"north": {"uv": [97, 12], "uv_size": [0.5, 0.5]},
								"east": {"uv": [90, 15], "uv_size": [1.5, 0.5]},
								"south": {"uv": [14, 97], "uv_size": [0.5, 0.5]},
								"up": {"uv": [90, 21], "uv_size": [0.5, 1.5]}
							}
						},
						{
							"origin": [-0.375, 20.39063, 5.89063],
							"size": [0.75, 0.125, 1],
							"uv": {
								"north": {"uv": [93, 64], "uv_size": [1, 0.5]},
								"south": {"uv": [68, 93], "uv_size": [1, 0.5]},
								"up": {"uv": [47, 88], "uv_size": [1, 1]}
							}
						},
						{
							"origin": [0.1873, 20.26088, 5.89063],
							"size": [0.177, 0.177, 1],
							"pivot": [0.375, 20.25018, 3.26563],
							"rotation": [0, 0, 45],
							"uv": {
								"north": {"uv": [97, 10], "uv_size": [0.5, 0.5]},
								"south": {"uv": [12, 97], "uv_size": [0.5, 0.5]},
								"west": {"uv": [60, 93], "uv_size": [1, 0.5]},
								"up": {"uv": [62, 93], "uv_size": [0.5, 1]}
							}
						},
						{
							"origin": [-0.3643, 20.26088, 5.89063],
							"size": [0.177, 0.177, 1],
							"pivot": [-0.375, 20.25018, 3.26563],
							"rotation": [0, 0, -45],
							"uv": {
								"north": {"uv": [4, 97], "uv_size": [0.5, 0.5]},
								"east": {"uv": [58, 93], "uv_size": [1, 0.5]},
								"south": {"uv": [10, 97], "uv_size": [0.5, 0.5]},
								"up": {"uv": [93, 58], "uv_size": [0.5, 1]}
							}
						},
						{
							"origin": [-0.375, 20.07813, 5.89063],
							"size": [0.75, 0.3125, 15.5],
							"uv": {
								"north": {"uv": [93, 54], "uv_size": [1, 0.5]},
								"east": {"uv": [57, 34], "uv_size": [15.5, 0.5]},
								"south": {"uv": [93, 56], "uv_size": [1, 0.5]},
								"west": {"uv": [65, 18], "uv_size": [15.5, 0.5]},
								"down": {"uv": [15, 68.5], "uv_size": [1, -15.5]}
							}
						},
						{
							"origin": [-0.3643, 20.26088, 14.89063],
							"size": [0.177, 0.177, 1.25],
							"pivot": [-0.375, 20.25018, 12.76563],
							"rotation": [0, 0, -45],
							"uv": {
								"north": {"uv": [12, 99], "uv_size": [0.5, 0.5]},
								"east": {"uv": [51, 90], "uv_size": [1.5, 0.5]},
								"south": {"uv": [99, 12], "uv_size": [0.5, 0.5]},
								"up": {"uv": [90, 51], "uv_size": [0.5, 1.5]}
							}
						},
						{
							"origin": [0.1873, 20.26088, 14.89063],
							"size": [0.177, 0.177, 1.25],
							"pivot": [0.375, 20.25018, 12.76563],
							"rotation": [0, 0, 45],
							"uv": {
								"north": {"uv": [10, 99], "uv_size": [0.5, 0.5]},
								"south": {"uv": [99, 10], "uv_size": [0.5, 0.5]},
								"west": {"uv": [90, 46], "uv_size": [1.5, 0.5]},
								"up": {"uv": [90, 48], "uv_size": [0.5, 1.5]}
							}
						},
						{
							"origin": [-0.375, 20.39063, 14.39063],
							"size": [0.75, 0.125, 0.25],
							"uv": {
								"north": {"uv": [89, 94], "uv_size": [1, 0.5]},
								"south": {"uv": [91, 94], "uv_size": [1, 0.5]},
								"up": {"uv": [94, 91], "uv_size": [1, 0.5]}
							}
						},
						{
							"origin": [0.1873, 20.26088, 14.39063],
							"size": [0.177, 0.177, 0.25],
							"pivot": [0.375, 20.25018, 11.26563],
							"rotation": [0, 0, 45],
							"uv": {
								"north": {"uv": [92, 98], "uv_size": [0.5, 0.5]},
								"south": {"uv": [98, 97], "uv_size": [0.5, 0.5]},
								"west": {"uv": [0, 99], "uv_size": [0.5, 0.5]},
								"up": {"uv": [4, 99], "uv_size": [0.5, 0.5]}
							}
						},
						{
							"origin": [-0.3643, 20.26088, 14.39063],
							"size": [0.177, 0.177, 0.25],
							"pivot": [-0.375, 20.25018, 11.26563],
							"rotation": [0, 0, -45],
							"uv": {
								"north": {"uv": [98, 86], "uv_size": [0.5, 0.5]},
								"east": {"uv": [88, 98], "uv_size": [0.5, 0.5]},
								"south": {"uv": [90, 98], "uv_size": [0.5, 0.5]},
								"up": {"uv": [98, 90], "uv_size": [0.5, 0.5]}
							}
						},
						{
							"origin": [-0.375, 20.39063, 14.89063],
							"size": [0.75, 0.125, 1.25],
							"uv": {
								"north": {"uv": [84, 94], "uv_size": [1, 0.5]},
								"south": {"uv": [94, 87], "uv_size": [1, 0.5]},
								"up": {"uv": [86, 10], "uv_size": [1, 1.5]}
							}
						},
						{
							"origin": [-0.3643, 20.26088, 16.39063],
							"size": [0.177, 0.177, 0.25],
							"pivot": [-0.375, 20.25018, 13.26563],
							"rotation": [0, 0, -45],
							"uv": {
								"north": {"uv": [98, 78], "uv_size": [0.5, 0.5]},
								"east": {"uv": [80, 98], "uv_size": [0.5, 0.5]},
								"south": {"uv": [82, 98], "uv_size": [0.5, 0.5]},
								"up": {"uv": [84, 98], "uv_size": [0.5, 0.5]}
							}
						},
						{
							"origin": [0.1873, 20.26088, 16.39063],
							"size": [0.177, 0.177, 0.25],
							"pivot": [0.375, 20.25018, 13.26563],
							"rotation": [0, 0, 45],
							"uv": {
								"north": {"uv": [98, 72], "uv_size": [0.5, 0.5]},
								"south": {"uv": [98, 74], "uv_size": [0.5, 0.5]},
								"west": {"uv": [98, 76], "uv_size": [0.5, 0.5]},
								"up": {"uv": [78, 98], "uv_size": [0.5, 0.5]}
							}
						},
						{
							"origin": [-0.375, 20.39063, 16.39063],
							"size": [0.75, 0.125, 0.25],
							"uv": {
								"north": {"uv": [94, 78], "uv_size": [1, 0.5]},
								"south": {"uv": [80, 94], "uv_size": [1, 0.5]},
								"up": {"uv": [82, 94], "uv_size": [1, 0.5]}
							}
						},
						{
							"origin": [-0.3643, 20.26088, 16.89063],
							"size": [0.177, 0.177, 0.75],
							"pivot": [-0.375, 20.25018, 14.26563],
							"rotation": [0, 0, -45],
							"uv": {
								"north": {"uv": [69, 98], "uv_size": [0.5, 0.5]},
								"east": {"uv": [94, 76], "uv_size": [1, 0.5]},
								"south": {"uv": [98, 70], "uv_size": [0.5, 0.5]},
								"up": {"uv": [78, 94], "uv_size": [0.5, 1]}
							}
						},
						{
							"origin": [0.1873, 20.26088, 16.89063],
							"size": [0.177, 0.177, 0.75],
							"pivot": [0.375, 20.25018, 14.26563],
							"rotation": [0, 0, 45],
							"uv": {
								"north": {"uv": [98, 66], "uv_size": [0.5, 0.5]},
								"south": {"uv": [98, 68], "uv_size": [0.5, 0.5]},
								"west": {"uv": [94, 72], "uv_size": [1, 0.5]},
								"up": {"uv": [94, 74], "uv_size": [0.5, 1]}
							}
						},
						{
							"origin": [-0.375, 20.39063, 16.89063],
							"size": [0.75, 0.125, 0.75],
							"uv": {
								"north": {"uv": [70, 94], "uv_size": [1, 0.5]},
								"south": {"uv": [94, 70], "uv_size": [1, 0.5]},
								"up": {"uv": [88, 52], "uv_size": [1, 1]}
							}
						},
						{
							"origin": [-0.375, 20.39063, 18.39063],
							"size": [0.75, 0.125, 1.25],
							"uv": {
								"north": {"uv": [94, 66], "uv_size": [1, 0.5]},
								"south": {"uv": [94, 68], "uv_size": [1, 0.5]},
								"up": {"uv": [86, 7], "uv_size": [1, 1.5]}
							}
						},
						{
							"origin": [0.1873, 20.26088, 18.39063],
							"size": [0.177, 0.177, 1.25],
							"pivot": [0.375, 20.25018, 16.26563],
							"rotation": [0, 0, 45],
							"uv": {
								"north": {"uv": [98, 62], "uv_size": [0.5, 0.5]},
								"south": {"uv": [64, 98], "uv_size": [0.5, 0.5]},
								"west": {"uv": [43, 90], "uv_size": [1.5, 0.5]},
								"up": {"uv": [46, 90], "uv_size": [0.5, 1.5]}
							}
						},
						{
							"origin": [-0.3643, 20.26088, 18.39063],
							"size": [0.177, 0.177, 1.25],
							"pivot": [-0.375, 20.25018, 16.26563],
							"rotation": [0, 0, -45],
							"uv": {
								"north": {"uv": [98, 60], "uv_size": [0.5, 0.5]},
								"east": {"uv": [90, 40], "uv_size": [1.5, 0.5]},
								"south": {"uv": [62, 98], "uv_size": [0.5, 0.5]},
								"up": {"uv": [41, 90], "uv_size": [0.5, 1.5]}
							}
						},
						{
							"origin": [-0.375, 20.39063, 17.89063],
							"size": [0.75, 0.125, 0.25],
							"uv": {
								"north": {"uv": [94, 62], "uv_size": [1, 0.5]},
								"south": {"uv": [64, 94], "uv_size": [1, 0.5]},
								"up": {"uv": [66, 94], "uv_size": [1, 0.5]}
							}
						},
						{
							"origin": [0.1873, 20.26088, 17.89063],
							"size": [0.177, 0.177, 0.25],
							"pivot": [0.375, 20.25018, 14.76563],
							"rotation": [0, 0, 45],
							"uv": {
								"north": {"uv": [98, 50], "uv_size": [0.5, 0.5]},
								"south": {"uv": [52, 98], "uv_size": [0.5, 0.5]},
								"west": {"uv": [98, 52], "uv_size": [0.5, 0.5]},
								"up": {"uv": [54, 98], "uv_size": [0.5, 0.5]}
							}
						},
						{
							"origin": [-0.3643, 20.26088, 17.89063],
							"size": [0.177, 0.177, 0.25],
							"pivot": [-0.375, 20.25018, 14.76563],
							"rotation": [0, 0, -45],
							"uv": {
								"north": {"uv": [46, 98], "uv_size": [0.5, 0.5]},
								"east": {"uv": [48, 98], "uv_size": [0.5, 0.5]},
								"south": {"uv": [98, 48], "uv_size": [0.5, 0.5]},
								"up": {"uv": [50, 98], "uv_size": [0.5, 0.5]}
							}
						},
						{
							"origin": [-0.5, 20.39063, 5.89063],
							"size": [1, 0.001, 15.5],
							"uv": {
								"north": {"uv": [17, 26], "uv_size": [1, 0]},
								"east": {"uv": [57, 27], "uv_size": [15.5, 0]},
								"south": {"uv": [19, 26], "uv_size": [1, 0]},
								"west": {"uv": [99, 96], "uv_size": [15.5, 0]},
								"up": {"uv": [17, 53], "uv_size": [1, 15.5]},
								"down": {"uv": [19, 68.5], "uv_size": [1, -15.5]}
							}
						},
						{
							"origin": [-0.375, 20.39063, 20.39063],
							"size": [0.75, 0.125, 1],
							"uv": {
								"north": {"uv": [55, 94], "uv_size": [1, 0.5]},
								"south": {"uv": [94, 60], "uv_size": [1, 0.5]},
								"up": {"uv": [51, 88], "uv_size": [1, 1]}
							}
						},
						{
							"origin": [0.1873, 20.26088, 20.39063],
							"size": [0.177, 0.177, 1],
							"pivot": [0.375, 20.25018, 18.01563],
							"rotation": [0, 0, 45],
							"uv": {
								"north": {"uv": [42, 98], "uv_size": [0.5, 0.5]},
								"south": {"uv": [98, 43], "uv_size": [0.5, 0.5]},
								"west": {"uv": [94, 52], "uv_size": [1, 0.5]},
								"up": {"uv": [53, 94], "uv_size": [0.5, 1]}
							}
						},
						{
							"origin": [-0.3643, 20.26088, 20.39063],
							"size": [0.177, 0.177, 1],
							"pivot": [-0.375, 20.25018, 18.01563],
							"rotation": [0, 0, -45],
							"uv": {
								"north": {"uv": [33, 98], "uv_size": [0.5, 0.5]},
								"east": {"uv": [94, 50], "uv_size": [1, 0.5]},
								"south": {"uv": [98, 41], "uv_size": [0.5, 0.5]},
								"up": {"uv": [51, 94], "uv_size": [0.5, 1]}
							}
						},
						{
							"origin": [-0.375, 20.39063, 19.89063],
							"size": [0.75, 0.125, 0.25],
							"uv": {
								"north": {"uv": [47, 94], "uv_size": [1, 0.5]},
								"south": {"uv": [94, 48], "uv_size": [1, 0.5]},
								"up": {"uv": [49, 94], "uv_size": [1, 0.5]}
							}
						},
						{
							"origin": [0.1873, 20.26088, 19.89063],
							"size": [0.177, 0.177, 0.25],
							"pivot": [0.375, 20.25018, 16.76563],
							"rotation": [0, 0, 45],
							"uv": {
								"north": {"uv": [98, 22], "uv_size": [0.5, 0.5]},
								"south": {"uv": [98, 26], "uv_size": [0.5, 0.5]},
								"west": {"uv": [98, 28], "uv_size": [0.5, 0.5]},
								"up": {"uv": [98, 30], "uv_size": [0.5, 0.5]}
							}
						},
						{
							"origin": [-0.3643, 20.26088, 19.89063],
							"size": [0.177, 0.177, 0.25],
							"pivot": [-0.375, 20.25018, 16.76563],
							"rotation": [0, 0, -45],
							"uv": {
								"north": {"uv": [98, 16], "uv_size": [0.5, 0.5]},
								"east": {"uv": [98, 18], "uv_size": [0.5, 0.5]},
								"south": {"uv": [98, 20], "uv_size": [0.5, 0.5]},
								"up": {"uv": [22, 98], "uv_size": [0.5, 0.5]}
							}
						}
					]
				},
				{
					"name": "scope_pos",
					"parent": "mount",
					"pivot": [0, 20.52, 17.6875]
				},
				{
					"name": "muzzle_pos",
					"parent": "attachments",
					"pivot": [0, 18.5625, -40.5625]
				},
				{
					"name": "grip_pos",
					"parent": "attachments",
					"pivot": [0, 15.875, -7.4375]
				},
				{
					"name": "constraint",
					"parent": "attachments",
					"pivot": [0, 20.41224, -38.51164]
				},
				{
					"name": "muzzle_flash",
					"parent": "gun",
					"pivot": [0, 18.5625, -40.5625]
				},
				{
					"name": "right_hand",
					"parent": "right_gun",
					"pivot": [-5.5, 26.5, 25]
				},
				{
					"name": "righthand_pos",
					"parent": "right_hand",
					"pivot": [0, 15, 25],
					"rotation": [0, 180, 0],
					"cubes": [
						{
							"origin": [4, 15, 23],
							"size": [3, 12, 4],
							"uv": {
								"north": {"uv": [54, 12], "uv_size": [3, 12]},
								"east": {"uv": [42, 48], "uv_size": [4, 12]},
								"south": {"uv": [24, 56], "uv_size": [3, 12]},
								"west": {"uv": [47, 48], "uv_size": [4, 12]},
								"up": {"uv": [87, 12], "uv_size": [3, 4]},
								"down": {"uv": [87, 28], "uv_size": [3, -4]}
							}
						}
					]
				},
				{
					"name": "left_mag",
					"parent": "root",
					"pivot": [-6.5, 16.5, 25]
				},
				{
					"name": "bullet",
					"parent": "left_mag",
					"pivot": [-0.25, 18.75, 6.5],
					"rotation": [90, 0, 0],
					"cubes": [
						{
							"origin": [-0.4375, 14.75, 6.0625],
							"size": [0.875, 4.5, 0.875],
							"uv": {
								"north": {"uv": [50, 74], "uv_size": [1, 4]},
								"east": {"uv": [74, 63], "uv_size": [1, 4]},
								"south": {"uv": [0, 75], "uv_size": [1, 4]},
								"west": {"uv": [2, 75], "uv_size": [1, 4]},
								"up": {"uv": [43, 88], "uv_size": [1, 1]},
								"down": {"uv": [45, 89], "uv_size": [1, -1]}
							}
						},
						{
							"origin": [-0.3125, 19.25, 6.1875],
							"size": [0.625, 1.5, 0.625],
							"uv": {
								"north": {"uv": [90, 0], "uv_size": [0.5, 1.5]},
								"east": {"uv": [90, 6], "uv_size": [0.5, 1.5]},
								"south": {"uv": [90, 9], "uv_size": [0.5, 1.5]},
								"west": {"uv": [20, 90], "uv_size": [0.5, 1.5]},
								"up": {"uv": [92, 96], "uv_size": [0.5, 0.5]},
								"down": {"uv": [0, 97.5], "uv_size": [0.5, -0.5]}
							}
						}
					]
				},
				{
					"name": "left_hand",
					"parent": "left_mag",
					"pivot": [5.5, 26.5, 25]
				},
				{
					"name": "lefthand_pos",
					"parent": "left_hand",
					"pivot": [0, 15, 25],
					"rotation": [0, 180, 0],
					"cubes": [
						{
							"origin": [-7, 15, 23],
							"size": [3, 12, 4],
							"uv": {
								"north": {"uv": [57, 12], "uv_size": [-3, 12]},
								"east": {"uv": [51, 48], "uv_size": [-4, 12]},
								"south": {"uv": [27, 56], "uv_size": [-3, 12]},
								"west": {"uv": [46, 48], "uv_size": [-4, 12]},
								"up": {"uv": [90, 12], "uv_size": [-3, 4]},
								"down": {"uv": [90, 28], "uv_size": [-3, -4]}
							}
						}
					]
				},
				{
					"name": "positioning",
					"pivot": [0, 0, 0]
				},
				{
					"name": "idle_view",
					"parent": "positioning",
					"pivot": [4, 22, 30],
					"rotation": [0, 0, -2.5]
				},
				{
					"name": "iron_view",
					"parent": "positioning",
					"pivot": [0, 20.4375, 28]
				},
				{
					"name": "ground",
					"parent": "positioning",
					"pivot": [0, 11, 10],
					"rotation": [5, 0, 0]
				},
				{
					"name": "thirdperson_hand",
					"parent": "positioning",
					"pivot": [0, 13.75, 23]
				},
				{
					"name": "fixed",
					"parent": "positioning",
					"pivot": [0, 17, 10],
					"rotation": [0, 90, 0]
				},
				{
					"name": "views",
					"pivot": [46, 19, 3],
					"rotation": [0, 90, 0]
				},
				{
					"name": "refit_view",
					"parent": "views",
					"pivot": [50, 19, -5]
				},
				{
					"name": "refit_grip_view",
					"parent": "views",
					"pivot": [43, 6, -28],
					"rotation": [-20, -45, 0]
				},
				{
					"name": "refit_scope_view",
					"parent": "views",
					"pivot": [25, 26, -54],
					"rotation": [-159.7539, -29.89668, 177.99354]
				},
				{
					"name": "refit_muzzle_view",
					"parent": "views",
					"pivot": [97, 20, -27],
					"rotation": [2.59289, 22.48265, -2.1575]
				},
				{
					"name": "camera",
					"pivot": [4, 22, 30],
					"rotation": [0, 0, -2.5]
				}
			]
		}
	]
}