{
	"format_version": "1.12.0",
	"minecraft:geometry": [
		{
			"description": {
				"identifier": "geometry.unknown",
				"texture_width": 128,
				"texture_height": 128,
				"visible_bounds_width": 151,
				"visible_bounds_height": 52,
				"visible_bounds_offset": [0, 25, 0]
			},
			"bones": [
				{
					"name": "root",
					"pivot": [-8, 4, -4]
				},
				{
					"name": "right_gun",
					"parent": "root",
					"pivot": [0, 0, 0]
				},
				{
					"name": "gun",
					"parent": "right_gun",
					"pivot": [0, 0, 8]
				},
				{
					"name": "tube",
					"parent": "gun",
					"pivot": [-8, 0, 8]
				},
				{
					"name": "bone",
					"parent": "tube",
					"pivot": [-8, 5, -33.375],
					"cubes": [
						{
							"origin": [-3.9375, 4.625, -23.375],
							"size": [0.75, 0.75, 0.75],
							"pivot": [-3.5625, 5, -23],
							"rotation": [0, -45, 0],
							"uv": {
								"north": {"uv": [57, 50], "uv_size": [1, 1]},
								"east": {"uv": [67, 48], "uv_size": [1, 1]},
								"south": {"uv": [15, 72], "uv_size": [1, 1]},
								"west": {"uv": [26, 84], "uv_size": [1, 1]},
								"up": {"uv": [28, 84], "uv_size": [1, 1]},
								"down": {"uv": [30, 85], "uv_size": [1, -1]}
							}
						},
						{
							"origin": [-6.4375, 4.625, -23.375],
							"size": [0.75, 0.75, 0.75],
							"pivot": [-6.0625, 5, -23],
							"rotation": [0, -45, 0],
							"uv": {
								"north": {"uv": [84, 76], "uv_size": [1, 1]},
								"east": {"uv": [84, 78], "uv_size": [1, 1]},
								"south": {"uv": [82, 84], "uv_size": [1, 1]},
								"west": {"uv": [84, 84], "uv_size": [1, 1]},
								"up": {"uv": [85, 4], "uv_size": [1, 1]},
								"down": {"uv": [85, 7], "uv_size": [1, -1]}
							}
						},
						{
							"origin": [-12.9375, 4.625, -23.375],
							"size": [0.75, 0.75, 0.75],
							"pivot": [-12.5625, 5, -23],
							"rotation": [0, -45, 0],
							"uv": {
								"north": {"uv": [85, 31], "uv_size": [1, 1]},
								"east": {"uv": [85, 35], "uv_size": [1, 1]},
								"south": {"uv": [85, 41], "uv_size": [1, 1]},
								"west": {"uv": [85, 43], "uv_size": [1, 1]},
								"up": {"uv": [85, 45], "uv_size": [1, 1]},
								"down": {"uv": [85, 63], "uv_size": [1, -1]}
							}
						},
						{
							"origin": [-10.4375, 4.625, -23.375],
							"size": [0.75, 0.75, 0.75],
							"pivot": [-10.0625, 5, -23],
							"rotation": [0, -45, 0],
							"uv": {
								"north": {"uv": [17, 85], "uv_size": [1, 1]},
								"east": {"uv": [19, 85], "uv_size": [1, 1]},
								"south": {"uv": [85, 20], "uv_size": [1, 1]},
								"west": {"uv": [85, 22], "uv_size": [1, 1]},
								"up": {"uv": [85, 24], "uv_size": [1, 1]},
								"down": {"uv": [85, 30], "uv_size": [1, -1]}
							}
						},
						{
							"origin": [-8.1875, 4.125, -25.1875],
							"size": [0.375, 1.75, 0.375],
							"pivot": [-8, 5, -25],
							"rotation": [0, -45, 0],
							"uv": {
								"north": {"uv": [65, 85], "uv_size": [0.5, 2]},
								"east": {"uv": [67, 85], "uv_size": [0.5, 2]},
								"south": {"uv": [73, 85], "uv_size": [0.5, 2]},
								"west": {"uv": [75, 85], "uv_size": [0.5, 2]},
								"up": {"uv": [40, 88], "uv_size": [0.5, 0.5]},
								"down": {"uv": [42, 88.5], "uv_size": [0.5, -0.5]}
							}
						},
						{
							"origin": [-14, 4.6875, -23.75],
							"size": [12, 0.625, 1.5],
							"uv": {
								"north": {"uv": [74, 13], "uv_size": [12, 0.5]},
								"east": {"uv": [44, 86], "uv_size": [1.5, 0.5]},
								"south": {"uv": [75, 0], "uv_size": [12, 0.5]},
								"west": {"uv": [47, 86], "uv_size": [1.5, 0.5]},
								"up": {"uv": [4, 21], "uv_size": [12, 1.5]},
								"down": {"uv": [22, 15.5], "uv_size": [12, -1.5]}
							}
						},
						{
							"origin": [-10.25, 4.25, 10],
							"size": [4.5, 1.5, 1.5],
							"pivot": [-8, 5, 10.75],
							"rotation": [-45, 0, 0],
							"uv": {
								"north": {"uv": [62, 69], "uv_size": [4.5, 1.5]},
								"east": {"uv": [49, 30], "uv_size": [1.5, 1.5]},
								"south": {"uv": [69, 66], "uv_size": [4.5, 1.5]},
								"west": {"uv": [29, 50], "uv_size": [1.5, 1.5]},
								"up": {"uv": [68, 69], "uv_size": [4.5, 1.5]},
								"down": {"uv": [70, 29.5], "uv_size": [4.5, -1.5]}
							}
						},
						{
							"origin": [-8.87316, 4.125, 12.9375],
							"size": [1.74632, 1.75, 0.875],
							"uv": {
								"north": {"uv": [44, 22], "uv_size": [1.5, 2]},
								"east": {"uv": [9, 39], "uv_size": [1, 2]},
								"south": {"uv": [19, 46], "uv_size": [1.5, 2]},
								"west": {"uv": [32, 42], "uv_size": [1, 2]},
								"up": {"uv": [81, 76], "uv_size": [1.5, 1]},
								"down": {"uv": [81, 79], "uv_size": [1.5, -1]}
							}
						},
						{
							"origin": [-11.25, 4.5, 10.25],
							"size": [6, 1, 1],
							"uv": {
								"north": {"uv": [70, 35], "uv_size": [6, 1]},
								"east": {"uv": [32, 84], "uv_size": [1, 1]},
								"south": {"uv": [72, 52], "uv_size": [6, 1]},
								"west": {"uv": [34, 84], "uv_size": [1, 1]},
								"up": {"uv": [72, 64], "uv_size": [6, 1]},
								"down": {"uv": [74, 5], "uv_size": [6, -1]}
							}
						},
						{
							"origin": [-11, 4.75, 3.5],
							"size": [0.5, 0.5, 0.5],
							"pivot": [-11, 5.25, 4],
							"rotation": [0, -45, 0],
							"uv": {
								"east": {"uv": [87, 29], "uv_size": [0.5, 0.5]},
								"west": {"uv": [87, 31], "uv_size": [0.5, 0.5]},
								"up": {"uv": [87, 33], "uv_size": [0.5, 0.5]},
								"down": {"uv": [87, 35.5], "uv_size": [0.5, -0.5]}
							}
						},
						{
							"origin": [-10.64645, 4.75, 2.39645],
							"size": [0.5, 0.5, 1.25],
							"pivot": [-10.64645, 5.25, 3.64645],
							"rotation": [0, -90, 0],
							"uv": {
								"north": {"uv": [87, 37], "uv_size": [0.5, 0.5]},
								"east": {"uv": [77, 85], "uv_size": [1.5, 0.5]},
								"west": {"uv": [4, 86], "uv_size": [1.5, 0.5]},
								"up": {"uv": [7, 86], "uv_size": [0.5, 1.5]},
								"down": {"uv": [86, 9.5], "uv_size": [0.5, -1.5]}
							}
						},
						{
							"origin": [-11, 4.75, 4],
							"size": [0.5, 0.5, 6.25],
							"uv": {
								"east": {"uv": [77, 35], "uv_size": [6.5, 0.5]},
								"west": {"uv": [77, 45], "uv_size": [6.5, 0.5]},
								"up": {"uv": [77, 72], "uv_size": [0.5, 6.5]},
								"down": {"uv": [74, 83.5], "uv_size": [0.5, -6.5]}
							}
						},
						{
							"origin": [-8.4375, 4.5625, -33],
							"size": [0.875, 0.875, 7.5],
							"pivot": [-8, 5, -33.375],
							"rotation": [0, 0, 45],
							"uv": {
								"east": {"uv": [64, 20], "uv_size": [7.5, 1]},
								"west": {"uv": [67, 7], "uv_size": [7.5, 1]},
								"up": {"uv": [27, 66], "uv_size": [1, 7.5]},
								"down": {"uv": [3, 74.5], "uv_size": [1, -7.5]}
							}
						}
					]
				},
				{
					"name": "octagon",
					"parent": "tube",
					"pivot": [-8, 5, 4],
					"cubes": [
						{
							"origin": [-8.31066, 4.25, -25.5],
							"size": [0.62132, 1.5, 38.5],
							"pivot": [-8, 5, 4],
							"rotation": [0, 0, 45],
							"uv": {
								"north": {"uv": [9, 86], "uv_size": [0.5, 1.5]},
								"up": {"uv": [18, 6], "uv_size": [0.5, 38.5]},
								"down": {"uv": [20, 44.5], "uv_size": [0.5, -38.5]}
							}
						},
						{
							"origin": [-8.31066, 4.25, -25.5],
							"size": [0.62132, 1.5, 38.5],
							"uv": {
								"north": {"uv": [15, 86], "uv_size": [0.5, 1.5]},
								"up": {"uv": [0, 21], "uv_size": [0.5, 38.5]},
								"down": {"uv": [2, 59.5], "uv_size": [0.5, -38.5]}
							}
						},
						{
							"origin": [-8.75, 4.68934, -25.5],
							"size": [1.5, 0.62132, 38.5],
							"pivot": [-8, 5, 4],
							"rotation": [0, 0, 45],
							"uv": {
								"north": {"uv": [86, 11], "uv_size": [1.5, 0.5]},
								"east": {"uv": [22, 6], "uv_size": [38.5, 0.5]},
								"west": {"uv": [22, 8], "uv_size": [38.5, 0.5]}
							}
						},
						{
							"origin": [-8.75, 4.68934, -25.5],
							"size": [1.5, 0.62132, 38.5],
							"uv": {
								"north": {"uv": [86, 17], "uv_size": [1.5, 0.5]},
								"east": {"uv": [22, 10], "uv_size": [38.5, 0.5]},
								"west": {"uv": [22, 12], "uv_size": [38.5, 0.5]}
							}
						}
					]
				},
				{
					"name": "octagon2",
					"parent": "tube",
					"pivot": [-8, 5, -6],
					"cubes": [
						{
							"origin": [-8.31066, 4.25, -35.5],
							"size": [0.62132, 1.5, 2.5],
							"pivot": [-8, 5, -6],
							"rotation": [0, 0, 45],
							"uv": {
								"north": {"uv": [26, 86], "uv_size": [0.5, 1.5]},
								"south": {"uv": [86, 26], "uv_size": [0.5, 1.5]},
								"up": {"uv": [50, 82], "uv_size": [0.5, 2.5]},
								"down": {"uv": [0, 85.5], "uv_size": [0.5, -2.5]}
							}
						},
						{
							"origin": [-8.31066, 4.25, -35.5],
							"size": [0.62132, 1.5, 2.5],
							"uv": {
								"north": {"uv": [28, 86], "uv_size": [0.5, 1.5]},
								"south": {"uv": [30, 86], "uv_size": [0.5, 1.5]},
								"up": {"uv": [83, 22], "uv_size": [0.5, 2.5]},
								"down": {"uv": [83, 31.5], "uv_size": [0.5, -2.5]}
							}
						},
						{
							"origin": [-8.5, 5.3125, -35.25],
							"size": [1, 0.75, 0.375],
							"uv": {
								"north": {"uv": [84, 60], "uv_size": [1, 1]},
								"east": {"uv": [87, 4], "uv_size": [0.5, 1]},
								"south": {"uv": [61, 84], "uv_size": [1, 1]},
								"west": {"uv": [87, 6], "uv_size": [0.5, 1]},
								"up": {"uv": [11, 87], "uv_size": [1, 0.5]}
							}
						},
						{
							"origin": [-8.75, 4.68934, -35.5],
							"size": [1.5, 0.62132, 2.5],
							"pivot": [-8, 5, -6],
							"rotation": [0, 0, 45],
							"uv": {
								"north": {"uv": [32, 86], "uv_size": [1.5, 0.5]},
								"east": {"uv": [83, 15], "uv_size": [2.5, 0.5]},
								"south": {"uv": [35, 86], "uv_size": [1.5, 0.5]},
								"west": {"uv": [83, 33], "uv_size": [2.5, 0.5]}
							}
						},
						{
							"origin": [-8.75, 4.68934, -35.5],
							"size": [1.5, 0.62132, 2.5],
							"uv": {
								"north": {"uv": [38, 86], "uv_size": [1.5, 0.5]},
								"east": {"uv": [83, 37], "uv_size": [2.5, 0.5]},
								"south": {"uv": [41, 86], "uv_size": [1.5, 0.5]},
								"west": {"uv": [83, 39], "uv_size": [2.5, 0.5]}
							}
						}
					]
				},
				{
					"name": "octagon3",
					"parent": "tube",
					"pivot": [-8, 5, -36],
					"cubes": [
						{
							"origin": [-8.41421, 4, -38.25],
							"size": [0.82843, 0.25, 2.75],
							"pivot": [-8, 5, -36],
							"rotation": [0, 0, 45],
							"uv": {
								"north": {"uv": [86, 64], "uv_size": [1, 0.5]},
								"south": {"uv": [86, 66], "uv_size": [1, 0.5]},
								"up": {"uv": [16, 38], "uv_size": [1, 3]},
								"down": {"uv": [78, 11], "uv_size": [1, -3]}
							}
						},
						{
							"origin": [-8.41421, 4, -38.25],
							"size": [0.82843, 0.25, 2.75],
							"uv": {
								"north": {"uv": [69, 86], "uv_size": [1, 0.5]},
								"south": {"uv": [86, 70], "uv_size": [1, 0.5]},
								"up": {"uv": [29, 78], "uv_size": [1, 3]},
								"down": {"uv": [78, 33], "uv_size": [1, -3]}
							}
						},
						{
							"origin": [-8.41421, 5.75, -38.25],
							"size": [0.82843, 0.25, 2.75],
							"pivot": [-8, 5, -36],
							"rotation": [0, 0, 45],
							"uv": {
								"north": {"uv": [71, 86], "uv_size": [1, 0.5]},
								"south": {"uv": [86, 72], "uv_size": [1, 0.5]},
								"up": {"uv": [31, 78], "uv_size": [1, 3]},
								"down": {"uv": [33, 81], "uv_size": [1, -3]}
							}
						},
						{
							"origin": [-8.41421, 5.75, -38.25],
							"size": [0.82843, 0.25, 2.75],
							"uv": {
								"north": {"uv": [86, 74], "uv_size": [1, 0.5]},
								"south": {"uv": [86, 76], "uv_size": [1, 0.5]},
								"up": {"uv": [35, 78], "uv_size": [1, 3]},
								"down": {"uv": [37, 81], "uv_size": [1, -3]}
							}
						},
						{
							"origin": [-7.25, 4.58579, -38.25],
							"size": [0.25, 0.82843, 2.75],
							"pivot": [-8, 5, -36],
							"rotation": [0, 0, 45],
							"uv": {
								"north": {"uv": [86, 78], "uv_size": [0.5, 1]},
								"east": {"uv": [39, 25], "uv_size": [3, 1]},
								"south": {"uv": [86, 80], "uv_size": [0.5, 1]},
								"west": {"uv": [58, 4], "uv_size": [3, 1]}
							}
						},
						{
							"origin": [-7.25, 4.58579, -38.25],
							"size": [0.25, 0.82843, 2.75],
							"uv": {
								"north": {"uv": [82, 86], "uv_size": [0.5, 1]},
								"east": {"uv": [0, 61], "uv_size": [3, 1]},
								"south": {"uv": [86, 82], "uv_size": [0.5, 1]},
								"west": {"uv": [5, 63], "uv_size": [3, 1]}
							}
						},
						{
							"origin": [-9, 4.58579, -38.25],
							"size": [0.25, 0.82843, 2.75],
							"pivot": [-8, 5, -36],
							"rotation": [0, 0, 45],
							"uv": {
								"north": {"uv": [84, 86], "uv_size": [0.5, 1]},
								"east": {"uv": [69, 18], "uv_size": [3, 1]},
								"south": {"uv": [86, 84], "uv_size": [0.5, 1]},
								"west": {"uv": [69, 40], "uv_size": [3, 1]}
							}
						},
						{
							"origin": [-9, 4.58579, -38.25],
							"size": [0.25, 0.82843, 2.75],
							"uv": {
								"north": {"uv": [86, 86], "uv_size": [0.5, 1]},
								"east": {"uv": [77, 58], "uv_size": [3, 1]},
								"south": {"uv": [0, 87], "uv_size": [0.5, 1]},
								"west": {"uv": [59, 78], "uv_size": [3, 1]}
							}
						}
					]
				},
				{
					"name": "ring",
					"parent": "tube",
					"pivot": [-8, 5.875, -35.0625],
					"cubes": [
						{
							"origin": [-9.5, 5.78125, -35.15625],
							"size": [3, 0.1875, 0.1875],
							"uv": {
								"north": {"uv": [25, 82], "uv_size": [3, 0.5]},
								"south": {"uv": [82, 27], "uv_size": [3, 0.5]},
								"up": {"uv": [29, 82], "uv_size": [3, 0.5]},
								"down": {"uv": [33, 82.5], "uv_size": [3, -0.5]}
							}
						},
						{
							"origin": [-9.5, 5.78125, -33.9902],
							"size": [3, 0.1875, 0.1875],
							"uv": {
								"north": {"uv": [37, 82], "uv_size": [3, 0.5]},
								"south": {"uv": [62, 82], "uv_size": [3, 0.5]},
								"up": {"uv": [82, 80], "uv_size": [3, 0.5]},
								"down": {"uv": [82, 82.5], "uv_size": [3, -0.5]}
							}
						},
						{
							"origin": [-6.5, 5.78125, -35.15625],
							"size": [0.25, 0.1875, 0.1875],
							"pivot": [-6.5, 5.96875, -35.15625],
							"rotation": [0, -45, 0],
							"uv": {
								"north": {"uv": [87, 68], "uv_size": [0.5, 0.5]},
								"south": {"uv": [77, 87], "uv_size": [0.5, 0.5]},
								"up": {"uv": [79, 87], "uv_size": [0.5, 0.5]},
								"down": {"uv": [88, 0.5], "uv_size": [0.5, -0.5]}
							}
						},
						{
							"origin": [-6.57322, 5.78125, -34.16697],
							"size": [0.25, 0.1875, 0.1875],
							"pivot": [-6.32322, 5.96875, -33.97947],
							"rotation": [0, 45, 0],
							"uv": {
								"north": {"uv": [21, 88], "uv_size": [0.5, 0.5]},
								"south": {"uv": [23, 88], "uv_size": [0.5, 0.5]},
								"up": {"uv": [88, 25], "uv_size": [0.5, 0.5]},
								"down": {"uv": [88, 27.5], "uv_size": [0.5, -0.5]}
							}
						},
						{
							"origin": [-6.32322, 5.78125, -34.97947],
							"size": [1, 0.1875, 0.1875],
							"pivot": [-6.32322, 5.96875, -34.97947],
							"rotation": [0, -90, 0],
							"uv": {
								"north": {"uv": [13, 87], "uv_size": [1, 0.5]},
								"south": {"uv": [87, 13], "uv_size": [1, 0.5]},
								"up": {"uv": [87, 15], "uv_size": [1, 0.5]},
								"down": {"uv": [17, 87.5], "uv_size": [1, -0.5]}
							}
						},
						{
							"origin": [-9.48928, 5.78125, -34.97947],
							"size": [1, 0.1875, 0.1875],
							"pivot": [-9.48928, 5.96875, -34.97947],
							"rotation": [0, -90, 0],
							"uv": {
								"north": {"uv": [19, 87], "uv_size": [1, 0.5]},
								"south": {"uv": [87, 19], "uv_size": [1, 0.5]},
								"up": {"uv": [87, 21], "uv_size": [1, 0.5]},
								"down": {"uv": [87, 23.5], "uv_size": [1, -0.5]}
							}
						},
						{
							"origin": [-9.5, 5.78125, -35.34375],
							"size": [0.25, 0.1875, 0.1875],
							"pivot": [-9.5, 5.96875, -35.15625],
							"rotation": [0, -135, 0],
							"uv": {
								"north": {"uv": [2, 88], "uv_size": [0.5, 0.5]},
								"south": {"uv": [88, 2], "uv_size": [0.5, 0.5]},
								"up": {"uv": [4, 88], "uv_size": [0.5, 0.5]},
								"down": {"uv": [88, 8.5], "uv_size": [0.5, -0.5]}
							}
						},
						{
							"origin": [-9.67678, 5.78125, -34.16697],
							"size": [0.25, 0.1875, 0.1875],
							"pivot": [-9.67678, 5.96875, -33.97947],
							"rotation": [0, -45, 0],
							"uv": {
								"north": {"uv": [32, 88], "uv_size": [0.5, 0.5]},
								"south": {"uv": [34, 88], "uv_size": [0.5, 0.5]},
								"up": {"uv": [36, 88], "uv_size": [0.5, 0.5]},
								"down": {"uv": [38, 88.5], "uv_size": [0.5, -0.5]}
							}
						}
					]
				},
				{
					"name": "red_illuminated",
					"parent": "tube",
					"pivot": [-8, 5, -36],
					"cubes": [
						{
							"origin": [-8.3935, 4.05, -38.25],
							"size": [0.78701, 1.9, 2.75],
							"pivot": [-8, 5, -37.75],
							"rotation": [0, 0, 45],
							"uv": {
								"up": {"uv": [39, 78], "uv_size": [1, 3]},
								"down": {"uv": [51, 81], "uv_size": [1, -3]}
							}
						},
						{
							"origin": [-8.3935, 4.05, -38.25],
							"size": [0.78701, 1.9, 2.75],
							"uv": {
								"up": {"uv": [63, 78], "uv_size": [1, 3]},
								"down": {"uv": [65, 81], "uv_size": [1, -3]}
							}
						},
						{
							"origin": [-8.95, 4.6065, -38.25],
							"size": [1.9, 0.78701, 2.75],
							"pivot": [-8, 5, -37.75],
							"rotation": [0, 0, 45],
							"uv": {
								"east": {"uv": [67, 78], "uv_size": [3, 1]},
								"west": {"uv": [79, 22], "uv_size": [3, 1]}
							}
						},
						{
							"origin": [-8.95, 4.6065, -38.25],
							"size": [1.9, 0.78701, 2.75],
							"uv": {
								"east": {"uv": [79, 40], "uv_size": [3, 1]},
								"west": {"uv": [79, 42], "uv_size": [3, 1]}
							}
						}
					]
				},
				{
					"name": "bag",
					"parent": "gun",
					"pivot": [0, 2, 18]
				},
				{
					"name": "bone2",
					"parent": "bag",
					"pivot": [6.39694, 1.19264, 33.04371],
					"cubes": [
						{
							"origin": [-8, 5.20979, 25.75],
							"size": [16, 1.08042, 0.25],
							"uv": {
								"north": {"uv": [24, 0], "uv_size": [16, 1]},
								"east": {"uv": [86, 55], "uv_size": [0.5, 1]},
								"south": {"uv": [24, 2], "uv_size": [16, 1]},
								"west": {"uv": [56, 86], "uv_size": [0.5, 1]},
								"up": {"uv": [24, 4], "uv_size": [16, 0.5]},
								"down": {"uv": [41, 4.5], "uv_size": [16, -0.5]}
							}
						},
						{
							"origin": [-2.25, 5.20979, 24.875],
							"size": [4.5, 1.08042, 0.875],
							"uv": {
								"east": {"uv": [63, 84], "uv_size": [1, 1]},
								"west": {"uv": [84, 66], "uv_size": [1, 1]},
								"up": {"uv": [29, 76], "uv_size": [4.5, 1]},
								"down": {"uv": [35, 77], "uv_size": [4.5, -1]}
							}
						},
						{
							"origin": [-3.75, 0.20979, 24.5],
							"size": [7.5, 13.33042, 0.625],
							"uv": {
								"north": {"uv": [0, 0], "uv_size": [7.5, 13.5]},
								"east": {"uv": [11, 72], "uv_size": [0.5, 13.5]},
								"south": {"uv": [9, 0], "uv_size": [7.5, 13.5]},
								"west": {"uv": [13, 72], "uv_size": [0.5, 13.5]},
								"up": {"uv": [76, 62], "uv_size": [7.5, 0.5]},
								"down": {"uv": [77, 18.5], "uv_size": [7.5, -0.5]}
							}
						},
						{
							"origin": [-9, 11.70979, 24.5],
							"size": [5.25, 1.83042, 0.625],
							"pivot": [-3.75, 13.54021, 25],
							"rotation": [4.12826, -11.80888, -19.42712],
							"uv": {
								"north": {"uv": [36, 27], "uv_size": [5.5, 2]},
								"south": {"uv": [37, 30], "uv_size": [5.5, 2]},
								"up": {"uv": [79, 64], "uv_size": [5.5, 0.5]}
							}
						},
						{
							"origin": [-8.71397, 7.20979, 24.5],
							"size": [4.96397, 4.62119, 0.625],
							"pivot": [-3.75, 11.79021, 25],
							"rotation": [0, -12.5, 0],
							"uv": {
								"north": {"uv": [12, 15], "uv_size": [5, 4.5]},
								"east": {"uv": [15, 80], "uv_size": [0.5, 4.5]},
								"south": {"uv": [18, 0], "uv_size": [5, 4.5]},
								"down": {"uv": [80, 10.5], "uv_size": [5, -0.5]}
							}
						},
						{
							"origin": [-7.75, 10.45979, 24.0625],
							"size": [0.5, 0.51792, 2],
							"uv": {
								"east": {"uv": [44, 84], "uv_size": [2, 0.5]},
								"west": {"uv": [47, 84], "uv_size": [2, 0.5]},
								"up": {"uv": [84, 47], "uv_size": [0.5, 2]},
								"down": {"uv": [52, 86], "uv_size": [0.5, -2]}
							}
						},
						{
							"origin": [3.75, 7.20979, 24.5],
							"size": [4.96397, 4.62119, 0.625],
							"pivot": [3.75, 11.79021, 25],
							"rotation": [0, 12.5, 0],
							"uv": {
								"north": {"uv": [0, 15], "uv_size": [5, 4.5]},
								"south": {"uv": [6, 15], "uv_size": [5, 4.5]},
								"west": {"uv": [9, 80], "uv_size": [0.5, 4.5]},
								"down": {"uv": [80, 8.5], "uv_size": [5, -0.5]}
							}
						},
						{
							"origin": [3.75, 11.70979, 24.5],
							"size": [5.25, 1.83042, 0.625],
							"pivot": [3.75, 13.54021, 25],
							"rotation": [4.12826, 11.80888, 19.42712],
							"uv": {
								"north": {"uv": [32, 24], "uv_size": [5.5, 2]},
								"south": {"uv": [35, 14], "uv_size": [5.5, 2]},
								"up": {"uv": [79, 52], "uv_size": [5.5, 0.5]}
							}
						},
						{
							"origin": [-0.54021, 11, 30.6875],
							"size": [1.08042, 0.5, 1],
							"pivot": [0, 8, 30.4375],
							"rotation": [0, 0, -45],
							"uv": {
								"north": {"uv": [50, 86], "uv_size": [1, 0.5]},
								"east": {"uv": [86, 51], "uv_size": [1, 0.5]},
								"south": {"uv": [86, 53], "uv_size": [1, 0.5]},
								"west": {"uv": [54, 86], "uv_size": [1, 0.5]},
								"up": {"uv": [42, 84], "uv_size": [1, 1]}
							}
						},
						{
							"origin": [-0.35271, 11, 30.8125],
							"size": [0.70542, 2.5, 0.75],
							"pivot": [0, 8, 30.4375],
							"rotation": [0, 0, -22.5],
							"uv": {
								"north": {"uv": [83, 41], "uv_size": [0.5, 2.5]},
								"east": {"uv": [5, 80], "uv_size": [1, 2.5]},
								"south": {"uv": [59, 83], "uv_size": [0.5, 2.5]},
								"west": {"uv": [7, 80], "uv_size": [1, 2.5]}
							}
						},
						{
							"origin": [2.85177, 4.61281, 32.375],
							"size": [0.83042, 2.5, 0.75],
							"pivot": [2.97677, 4.61281, 33],
							"rotation": [27.5, 0, -45],
							"uv": {
								"north": {"uv": [0, 79], "uv_size": [1, 2.5]},
								"east": {"uv": [79, 68], "uv_size": [1, 2.5]},
								"south": {"uv": [79, 72], "uv_size": [1, 2.5]},
								"west": {"uv": [79, 76], "uv_size": [1, 2.5]}
							}
						},
						{
							"origin": [-0.45602, -1.45919, 32.36088],
							"size": [0.83042, 5, 0.75],
							"pivot": [-0.04081, 8.04081, 31.98588],
							"rotation": [0, 0, -45],
							"uv": {
								"north": {"uv": [45, 75], "uv_size": [1, 5]},
								"east": {"uv": [53, 75], "uv_size": [1, 5]},
								"south": {"uv": [75, 54], "uv_size": [1, 5]},
								"west": {"uv": [55, 75], "uv_size": [1, 5]}
							}
						},
						{
							"origin": [6.15875, -1.81917, 32],
							"size": [0.58042, 1, 0.75],
							"pivot": [6.15875, 1.43083, 33],
							"rotation": [-57.5, 0, -45],
							"uv": {
								"east": {"uv": [38, 84], "uv_size": [1, 1]},
								"west": {"uv": [40, 84], "uv_size": [1, 1]},
								"up": {"uv": [86, 47], "uv_size": [0.5, 1]},
								"down": {"uv": [86, 50], "uv_size": [0.5, -1]}
							}
						},
						{
							"origin": [6.39269, -1.8079, 30.13676],
							"size": [1.83042, 0.75, 1.75],
							"pivot": [7.3079, 0.6921, 31.01176],
							"rotation": [-65.74955, -22.32924, -4.856],
							"uv": {
								"north": {"uv": [80, 33], "uv_size": [2, 1]},
								"east": {"uv": [81, 50], "uv_size": [2, 1]},
								"south": {"uv": [81, 72], "uv_size": [2, 1]},
								"west": {"uv": [81, 74], "uv_size": [2, 1]},
								"up": {"uv": [4, 36], "uv_size": [2, 2]},
								"down": {"uv": [34, 40], "uv_size": [2, -2]}
							}
						},
						{
							"origin": [6.27194, -3.80736, 32.41871],
							"size": [0.83042, 5, 0.75],
							"pivot": [6.39694, 1.19264, 33.04371],
							"rotation": [-57.5, 0, -45],
							"uv": {
								"north": {"uv": [51, 72], "uv_size": [1, 5]},
								"east": {"uv": [27, 75], "uv_size": [1, 5]},
								"south": {"uv": [41, 75], "uv_size": [1, 5]},
								"west": {"uv": [43, 75], "uv_size": [1, 5]},
								"down": {"uv": [36, 85], "uv_size": [1, -1]}
							}
						},
						{
							"origin": [7.25, 10.45979, 24.0625],
							"size": [0.5, 0.51792, 2],
							"uv": {
								"east": {"uv": [84, 68], "uv_size": [2, 0.5]},
								"west": {"uv": [70, 84], "uv_size": [2, 0.5]},
								"up": {"uv": [84, 70], "uv_size": [0.5, 2]},
								"down": {"uv": [84, 75], "uv_size": [0.5, -2]}
							}
						}
					]
				},
				{
					"name": "octagon4",
					"parent": "bag",
					"pivot": [0, 8, 29],
					"cubes": [
						{
							"origin": [-1.9891, 13.75736, 26],
							"size": [3.9782, 2.48528, 6],
							"pivot": [0, 15, 29],
							"rotation": [-45, 0, 0],
							"uv": {
								"north": {"uv": [37, 33], "uv_size": [4, 2.5]},
								"south": {"uv": [37, 37], "uv_size": [4, 2.5]}
							}
						},
						{
							"origin": [-1.9891, 13.75736, 25.999],
							"size": [3.9782, 2.48528, 6.002],
							"uv": {
								"north": {"uv": [11, 38], "uv_size": [4, 2.5]},
								"south": {"uv": [38, 17], "uv_size": [4, 2.5]}
							}
						},
						{
							"origin": [-1.9891, 12, 27.75736],
							"size": [3.9782, 6, 2.48528],
							"pivot": [0, 15, 29],
							"rotation": [-45, 0, 0],
							"uv": {
								"up": {"uv": [29, 38], "uv_size": [4, 2.5]},
								"down": {"uv": [4, 41.5], "uv_size": [4, -2.5]}
							}
						},
						{
							"origin": [-1.9891, 12, 27.75736],
							"size": [3.9782, 6, 2.48528],
							"uv": {
								"up": {"uv": [39, 21], "uv_size": [4, 2.5]},
								"down": {"uv": [41, 2.5], "uv_size": [4, -2.5]}
							}
						},
						{
							"origin": [-4.66788, 13.22452, 26],
							"size": [3.9782, 2.48528, 6],
							"pivot": [-2.67878, 14.46716, 29],
							"rotation": [-45, 0, -22.5],
							"uv": {
								"north": {"uv": [22, 41], "uv_size": [4, 2.5]},
								"south": {"uv": [34, 41], "uv_size": [4, 2.5]}
							}
						},
						{
							"origin": [-4.66788, 13.22452, 26],
							"size": [3.9782, 2.48528, 6],
							"pivot": [-2.67878, 14.46716, 29],
							"rotation": [0, 0, -22.5],
							"uv": {
								"north": {"uv": [39, 41], "uv_size": [4, 2.5]},
								"south": {"uv": [9, 42], "uv_size": [4, 2.5]}
							}
						},
						{
							"origin": [-4.66788, 11.46716, 27.75736],
							"size": [3.9782, 6, 2.48528],
							"pivot": [-2.67878, 14.46716, 29],
							"rotation": [-45, 0, -22.5],
							"uv": {
								"up": {"uv": [27, 42], "uv_size": [4, 2.5]},
								"down": {"uv": [42, 35.5], "uv_size": [4, -2.5]}
							}
						},
						{
							"origin": [-4.66788, 11.46716, 27.75736],
							"size": [3.9782, 6, 2.48528],
							"pivot": [-2.67878, 14.46716, 29],
							"rotation": [0, 0, -22.5],
							"uv": {
								"up": {"uv": [42, 37], "uv_size": [4, 2.5]},
								"down": {"uv": [4, 45.5], "uv_size": [4, -2.5]}
							}
						},
						{
							"origin": [-8.45626, 7.67878, 27.75736],
							"size": [3.9782, 6, 2.48528],
							"pivot": [-6.46716, 10.67878, 29],
							"rotation": [0, 0, -67.5],
							"uv": {
								"up": {"uv": [47, 33], "uv_size": [4, 2.5]},
								"down": {"uv": [47, 39.5], "uv_size": [4, -2.5]}
							}
						},
						{
							"origin": [-8.45626, 7.67878, 27.75736],
							"size": [3.9782, 6, 2.48528],
							"pivot": [-6.46716, 10.67878, 29],
							"rotation": [-45, 0, -67.5],
							"uv": {
								"up": {"uv": [27, 46], "uv_size": [4, 2.5]},
								"down": {"uv": [4, 49.5], "uv_size": [4, -2.5]}
							}
						},
						{
							"origin": [-8.45626, 9.43614, 26],
							"size": [3.9782, 2.48528, 6],
							"pivot": [-6.46716, 10.67878, 29],
							"rotation": [0, 0, -67.5],
							"uv": {
								"north": {"uv": [9, 46], "uv_size": [4, 2.5]},
								"south": {"uv": [14, 46], "uv_size": [4, 2.5]}
							}
						},
						{
							"origin": [-8.45626, 9.43614, 26],
							"size": [3.9782, 2.48528, 6],
							"pivot": [-6.46716, 10.67878, 29],
							"rotation": [-45, 0, -67.5],
							"uv": {
								"north": {"uv": [42, 45], "uv_size": [4, 2.5]},
								"south": {"uv": [46, 0], "uv_size": [4, 2.5]}
							}
						},
						{
							"origin": [-6.93885, 9.94975, 27.75736],
							"size": [3.9782, 6, 2.48528],
							"pivot": [-4.94975, 12.94975, 29],
							"rotation": [0, 0, -45],
							"uv": {
								"up": {"uv": [32, 45], "uv_size": [4, 2.5]},
								"down": {"uv": [37, 47.5], "uv_size": [4, -2.5]}
							}
						},
						{
							"origin": [-6.93885, 9.94975, 27.75736],
							"size": [3.9782, 6, 2.48528],
							"pivot": [-4.94975, 12.94975, 29],
							"rotation": [-45, 0, -45],
							"uv": {
								"up": {"uv": [44, 41], "uv_size": [4, 2.5]},
								"down": {"uv": [22, 47.5], "uv_size": [4, -2.5]}
							}
						},
						{
							"origin": [-6.93885, 11.70711, 25.999],
							"size": [3.9782, 2.48528, 6.002],
							"pivot": [-4.94975, 12.94975, 29],
							"rotation": [0, 0, -45],
							"uv": {
								"north": {"uv": [44, 18], "uv_size": [4, 2.5]},
								"south": {"uv": [44, 29], "uv_size": [4, 2.5]}
							}
						},
						{
							"origin": [-6.93885, 11.70711, 26],
							"size": [3.9782, 2.48528, 6],
							"pivot": [-4.94975, 12.94975, 29],
							"rotation": [-45, 0, -45],
							"uv": {
								"north": {"uv": [43, 14], "uv_size": [4, 2.5]},
								"south": {"uv": [43, 25], "uv_size": [4, 2.5]}
							}
						},
						{
							"origin": [-6.93885, 1.80761, 26],
							"size": [3.9782, 2.48528, 6],
							"pivot": [-4.94975, 3.05025, 29],
							"rotation": [-45, 0, -135],
							"uv": {
								"north": {"uv": [54, 18], "uv_size": [4, 2.5]},
								"south": {"uv": [24, 54], "uv_size": [4, 2.5]}
							}
						},
						{
							"origin": [-6.93885, 1.80761, 25.999],
							"size": [3.9782, 2.48528, 6.002],
							"pivot": [-4.94975, 3.05025, 29],
							"rotation": [0, 0, -135],
							"uv": {
								"north": {"uv": [9, 54], "uv_size": [4, 2.5]},
								"south": {"uv": [14, 54], "uv_size": [4, 2.5]}
							}
						},
						{
							"origin": [-6.93885, 0.05025, 27.75736],
							"size": [3.9782, 6, 2.48528],
							"pivot": [-4.94975, 3.05025, 29],
							"rotation": [-45, 0, -135],
							"uv": {
								"up": {"uv": [44, 53], "uv_size": [4, 2.5]},
								"down": {"uv": [49, 55.5], "uv_size": [4, -2.5]}
							}
						},
						{
							"origin": [-6.93885, 0.05025, 27.75736],
							"size": [3.9782, 6, 2.48528],
							"pivot": [-4.94975, 3.05025, 29],
							"rotation": [0, 0, -135],
							"uv": {
								"up": {"uv": [34, 53], "uv_size": [4, 2.5]},
								"down": {"uv": [39, 55.5], "uv_size": [4, -2.5]}
							}
						},
						{
							"origin": [-4.66788, 0.2902, 26],
							"size": [3.9782, 2.48528, 6],
							"pivot": [-2.67878, 1.53284, 29],
							"rotation": [-45, 0, -157.5],
							"uv": {
								"north": {"uv": [53, 22], "uv_size": [4, 2.5]},
								"south": {"uv": [29, 53], "uv_size": [4, 2.5]}
							}
						},
						{
							"origin": [-4.66788, 0.2902, 26],
							"size": [3.9782, 2.48528, 6],
							"pivot": [-2.67878, 1.53284, 29],
							"rotation": [0, 0, -157.5],
							"uv": {
								"north": {"uv": [53, 14], "uv_size": [4, 2.5]},
								"south": {"uv": [19, 53], "uv_size": [4, 2.5]}
							}
						},
						{
							"origin": [-4.66788, -1.46716, 27.75736],
							"size": [3.9782, 6, 2.48528],
							"pivot": [-2.67878, 1.53284, 29],
							"rotation": [-45, 0, -157.5],
							"uv": {
								"up": {"uv": [52, 45], "uv_size": [4, 2.5]},
								"down": {"uv": [52, 51.5], "uv_size": [4, -2.5]}
							}
						},
						{
							"origin": [-4.66788, -1.46716, 27.75736],
							"size": [3.9782, 6, 2.48528],
							"pivot": [-2.67878, 1.53284, 29],
							"rotation": [0, 0, -157.5],
							"uv": {
								"up": {"uv": [52, 30], "uv_size": [4, 2.5]},
								"down": {"uv": [52, 36.5], "uv_size": [4, -2.5]}
							}
						},
						{
							"origin": [-8.45626, 2.32122, 27.75736],
							"size": [3.9782, 6, 2.48528],
							"pivot": [-6.46716, 5.32122, 29],
							"rotation": [0, 0, -112.5],
							"uv": {
								"up": {"uv": [51, 0], "uv_size": [4, 2.5]},
								"down": {"uv": [4, 53.5], "uv_size": [4, -2.5]}
							}
						},
						{
							"origin": [-8.45626, 2.32122, 27.75736],
							"size": [3.9782, 6, 2.48528],
							"pivot": [-6.46716, 5.32122, 29],
							"rotation": [-45, 0, -112.5],
							"uv": {
								"up": {"uv": [14, 50], "uv_size": [4, 2.5]},
								"down": {"uv": [24, 52.5], "uv_size": [4, -2.5]}
							}
						},
						{
							"origin": [-8.45626, 4.07858, 26],
							"size": [3.9782, 2.48528, 6],
							"pivot": [-6.46716, 5.32122, 29],
							"rotation": [0, 0, -112.5],
							"uv": {
								"north": {"uv": [47, 49], "uv_size": [4, 2.5]},
								"south": {"uv": [9, 50], "uv_size": [4, 2.5]}
							}
						},
						{
							"origin": [-8.45626, 4.07858, 26],
							"size": [3.9782, 2.48528, 6],
							"pivot": [-6.46716, 5.32122, 29],
							"rotation": [-45, 0, -112.5],
							"uv": {
								"north": {"uv": [49, 41], "uv_size": [4, 2.5]},
								"south": {"uv": [42, 49], "uv_size": [4, 2.5]}
							}
						},
						{
							"origin": [-8.9891, 5, 27.75736],
							"size": [3.9782, 6, 2.48528],
							"pivot": [-7, 8, 29],
							"rotation": [0, 0, -90],
							"uv": {
								"up": {"uv": [32, 49], "uv_size": [4, 2.5]},
								"down": {"uv": [37, 51.5], "uv_size": [4, -2.5]}
							}
						},
						{
							"origin": [-8.9891, 5, 27.75736],
							"size": [3.9782, 6, 2.48528],
							"pivot": [-7, 8, 29],
							"rotation": [-45, 0, -90],
							"uv": {
								"up": {"uv": [19, 49], "uv_size": [4, 2.5]},
								"down": {"uv": [49, 28.5], "uv_size": [4, -2.5]}
							}
						},
						{
							"origin": [-8.9891, 6.75736, 25.999],
							"size": [3.9782, 2.48528, 6.002],
							"pivot": [-7, 8, 29],
							"rotation": [0, 0, -90],
							"uv": {
								"north": {"uv": [48, 22], "uv_size": [4, 2.5]},
								"south": {"uv": [49, 18], "uv_size": [4, 2.5]}
							}
						},
						{
							"origin": [-8.9891, 6.75736, 26],
							"size": [3.9782, 2.48528, 6],
							"pivot": [-7, 8, 29],
							"rotation": [-45, 0, -90],
							"uv": {
								"north": {"uv": [47, 45], "uv_size": [4, 2.5]},
								"south": {"uv": [48, 14], "uv_size": [4, 2.5]}
							}
						},
						{
							"origin": [5.0109, 6.75736, 26],
							"size": [3.9782, 2.48528, 6],
							"pivot": [7, 8, 29],
							"rotation": [-45, 0, 90],
							"uv": {
								"north": {"uv": [54, 65], "uv_size": [4, 2.5]},
								"south": {"uv": [66, 0], "uv_size": [4, 2.5]}
							}
						},
						{
							"origin": [5.0109, 6.75736, 25.999],
							"size": [3.9782, 2.48528, 6.002],
							"pivot": [7, 8, 29],
							"rotation": [0, 0, 90],
							"uv": {
								"north": {"uv": [44, 65], "uv_size": [4, 2.5]},
								"south": {"uv": [49, 65], "uv_size": [4, 2.5]}
							}
						},
						{
							"origin": [5.0109, 5, 27.75736],
							"size": [3.9782, 6, 2.48528],
							"pivot": [7, 8, 29],
							"rotation": [-45, 0, 90],
							"uv": {
								"up": {"uv": [34, 65], "uv_size": [4, 2.5]},
								"down": {"uv": [39, 67.5], "uv_size": [4, -2.5]}
							}
						},
						{
							"origin": [5.0109, 5, 27.75736],
							"size": [3.9782, 6, 2.48528],
							"pivot": [7, 8, 29],
							"rotation": [0, 0, 90],
							"uv": {
								"up": {"uv": [19, 65], "uv_size": [4, 2.5]},
								"down": {"uv": [29, 67.5], "uv_size": [4, -2.5]}
							}
						},
						{
							"origin": [4.47806, 9.43614, 26],
							"size": [3.9782, 2.48528, 6],
							"pivot": [6.46716, 10.67878, 29],
							"rotation": [-45, 0, 67.5],
							"uv": {
								"north": {"uv": [64, 58], "uv_size": [4, 2.5]},
								"south": {"uv": [64, 62], "uv_size": [4, 2.5]}
							}
						},
						{
							"origin": [4.47806, 9.43614, 26],
							"size": [3.9782, 2.48528, 6],
							"pivot": [6.46716, 10.67878, 29],
							"rotation": [0, 0, 67.5],
							"uv": {
								"north": {"uv": [64, 50], "uv_size": [4, 2.5]},
								"south": {"uv": [64, 54], "uv_size": [4, 2.5]}
							}
						},
						{
							"origin": [4.47806, 7.67878, 27.75736],
							"size": [3.9782, 6, 2.48528],
							"pivot": [6.46716, 10.67878, 29],
							"rotation": [-45, 0, 67.5],
							"uv": {
								"up": {"uv": [64, 26], "uv_size": [4, 2.5]},
								"down": {"uv": [64, 40.5], "uv_size": [4, -2.5]}
							}
						},
						{
							"origin": [4.47806, 7.67878, 27.75736],
							"size": [3.9782, 6, 2.48528],
							"pivot": [6.46716, 10.67878, 29],
							"rotation": [0, 0, 67.5],
							"uv": {
								"up": {"uv": [63, 22], "uv_size": [4, 2.5]},
								"down": {"uv": [64, 18.5], "uv_size": [4, -2.5]}
							}
						},
						{
							"origin": [0.68968, 11.46716, 27.75736],
							"size": [3.9782, 6, 2.48528],
							"pivot": [2.67878, 14.46716, 29],
							"rotation": [0, 0, 22.5],
							"uv": {
								"up": {"uv": [0, 63], "uv_size": [4, 2.5]},
								"down": {"uv": [63, 14.5], "uv_size": [4, -2.5]}
							}
						},
						{
							"origin": [0.68968, 11.46716, 27.75736],
							"size": [3.9782, 6, 2.48528],
							"pivot": [2.67878, 14.46716, 29],
							"rotation": [-45, 0, 22.5],
							"uv": {
								"up": {"uv": [62, 46], "uv_size": [4, 2.5]},
								"down": {"uv": [59, 64.5], "uv_size": [4, -2.5]}
							}
						},
						{
							"origin": [0.68968, 13.22452, 26],
							"size": [3.9782, 2.48528, 6],
							"pivot": [2.67878, 14.46716, 29],
							"rotation": [0, 0, 22.5],
							"uv": {
								"north": {"uv": [62, 34], "uv_size": [4, 2.5]},
								"south": {"uv": [62, 42], "uv_size": [4, 2.5]}
							}
						},
						{
							"origin": [0.68968, 13.22452, 26],
							"size": [3.9782, 2.48528, 6],
							"pivot": [2.67878, 14.46716, 29],
							"rotation": [-45, 0, 22.5],
							"uv": {
								"north": {"uv": [24, 62], "uv_size": [4, 2.5]},
								"south": {"uv": [62, 30], "uv_size": [4, 2.5]}
							}
						},
						{
							"origin": [2.96065, 9.94975, 27.75736],
							"size": [3.9782, 6, 2.48528],
							"pivot": [4.94975, 12.94975, 29],
							"rotation": [0, 0, 45],
							"uv": {
								"up": {"uv": [9, 62], "uv_size": [4, 2.5]},
								"down": {"uv": [14, 64.5], "uv_size": [4, -2.5]}
							}
						},
						{
							"origin": [2.96065, 9.94975, 27.75736],
							"size": [3.9782, 6, 2.48528],
							"pivot": [4.94975, 12.94975, 29],
							"rotation": [-45, 0, 45],
							"uv": {
								"up": {"uv": [62, 4], "uv_size": [4, 2.5]},
								"down": {"uv": [62, 10.5], "uv_size": [4, -2.5]}
							}
						},
						{
							"origin": [2.96065, 11.70711, 25.999],
							"size": [3.9782, 2.48528, 6.002],
							"pivot": [4.94975, 12.94975, 29],
							"rotation": [0, 0, 45],
							"uv": {
								"north": {"uv": [49, 61], "uv_size": [4, 2.5]},
								"south": {"uv": [54, 61], "uv_size": [4, 2.5]}
							}
						},
						{
							"origin": [2.96065, 11.70711, 26],
							"size": [3.9782, 2.48528, 6],
							"pivot": [4.94975, 12.94975, 29],
							"rotation": [-45, 0, 45],
							"uv": {
								"north": {"uv": [39, 61], "uv_size": [4, 2.5]},
								"south": {"uv": [44, 61], "uv_size": [4, 2.5]}
							}
						},
						{
							"origin": [2.96065, 1.80761, 26],
							"size": [3.9782, 2.48528, 6],
							"pivot": [4.94975, 3.05025, 29],
							"rotation": [-45, 0, 135],
							"uv": {
								"north": {"uv": [29, 61], "uv_size": [4, 2.5]},
								"south": {"uv": [34, 61], "uv_size": [4, 2.5]}
							}
						},
						{
							"origin": [2.96065, 1.80761, 25.999],
							"size": [3.9782, 2.48528, 6.002],
							"pivot": [4.94975, 3.05025, 29],
							"rotation": [0, 0, 135],
							"uv": {
								"north": {"uv": [61, 0], "uv_size": [4, 2.5]},
								"south": {"uv": [19, 61], "uv_size": [4, 2.5]}
							}
						},
						{
							"origin": [2.96065, 0.05025, 27.75736],
							"size": [3.9782, 6, 2.48528],
							"pivot": [4.94975, 3.05025, 29],
							"rotation": [-45, 0, 135],
							"uv": {
								"up": {"uv": [59, 54], "uv_size": [4, 2.5]},
								"down": {"uv": [59, 60.5], "uv_size": [4, -2.5]}
							}
						},
						{
							"origin": [2.96065, 0.05025, 27.75736],
							"size": [3.9782, 6, 2.48528],
							"pivot": [4.94975, 3.05025, 29],
							"rotation": [0, 0, 135],
							"uv": {
								"up": {"uv": [59, 38], "uv_size": [4, 2.5]},
								"down": {"uv": [59, 52.5], "uv_size": [4, -2.5]}
							}
						},
						{
							"origin": [4.47806, 4.07858, 26],
							"size": [3.9782, 2.48528, 6],
							"pivot": [6.46716, 5.32122, 29],
							"rotation": [-45, 0, 112.5],
							"uv": {
								"north": {"uv": [59, 18], "uv_size": [4, 2.5]},
								"south": {"uv": [59, 26], "uv_size": [4, 2.5]}
							}
						},
						{
							"origin": [4.47806, 4.07858, 26],
							"size": [3.9782, 2.48528, 6],
							"pivot": [6.46716, 5.32122, 29],
							"rotation": [0, 0, 112.5],
							"uv": {
								"north": {"uv": [24, 58], "uv_size": [4, 2.5]},
								"south": {"uv": [4, 59], "uv_size": [4, 2.5]}
							}
						},
						{
							"origin": [4.47806, 2.32122, 27.75736],
							"size": [3.9782, 6, 2.48528],
							"pivot": [6.46716, 5.32122, 29],
							"rotation": [-45, 0, 112.5],
							"uv": {
								"up": {"uv": [58, 14], "uv_size": [4, 2.5]},
								"down": {"uv": [58, 24.5], "uv_size": [4, -2.5]}
							}
						},
						{
							"origin": [4.47806, 2.32122, 27.75736],
							"size": [3.9782, 6, 2.48528],
							"pivot": [6.46716, 5.32122, 29],
							"rotation": [0, 0, 112.5],
							"uv": {
								"up": {"uv": [9, 58], "uv_size": [4, 2.5]},
								"down": {"uv": [14, 60.5], "uv_size": [4, -2.5]}
							}
						},
						{
							"origin": [0.68968, -1.46716, 27.75736],
							"size": [3.9782, 6, 2.48528],
							"pivot": [2.67878, 1.53284, 29],
							"rotation": [0, 0, 157.5],
							"uv": {
								"up": {"uv": [49, 57], "uv_size": [4, 2.5]},
								"down": {"uv": [54, 59.5], "uv_size": [4, -2.5]}
							}
						},
						{
							"origin": [0.68968, -1.46716, 27.75736],
							"size": [3.9782, 6, 2.48528],
							"pivot": [2.67878, 1.53284, 29],
							"rotation": [-45, 0, 157.5],
							"uv": {
								"up": {"uv": [44, 57], "uv_size": [4, 2.5]},
								"down": {"uv": [57, 48.5], "uv_size": [4, -2.5]}
							}
						},
						{
							"origin": [0.68968, 0.2902, 26],
							"size": [3.9782, 2.48528, 6],
							"pivot": [2.67878, 1.53284, 29],
							"rotation": [0, 0, 157.5],
							"uv": {
								"north": {"uv": [39, 57], "uv_size": [4, 2.5]},
								"south": {"uv": [57, 42], "uv_size": [4, 2.5]}
							}
						},
						{
							"origin": [0.68968, 0.2902, 26],
							"size": [3.9782, 2.48528, 6],
							"pivot": [2.67878, 1.53284, 29],
							"rotation": [-45, 0, 157.5],
							"uv": {
								"north": {"uv": [34, 57], "uv_size": [4, 2.5]},
								"south": {"uv": [57, 34], "uv_size": [4, 2.5]}
							}
						},
						{
							"origin": [-1.9891, -2, 27.75736],
							"size": [3.9782, 6, 2.48528],
							"pivot": [0, 1, 29],
							"rotation": [0, 0, -180],
							"uv": {
								"up": {"uv": [29, 57], "uv_size": [4, 2.5]},
								"down": {"uv": [57, 32.5], "uv_size": [4, -2.5]}
							}
						},
						{
							"origin": [-1.9891, -2, 27.75736],
							"size": [3.9782, 6, 2.48528],
							"pivot": [0, 1, 29],
							"rotation": [-45, 0, -180],
							"uv": {
								"up": {"uv": [56, 0], "uv_size": [4, 2.5]},
								"down": {"uv": [19, 59.5], "uv_size": [4, -2.5]}
							}
						},
						{
							"origin": [-1.9891, -0.24264, 25.999],
							"size": [3.9782, 2.48528, 6.002],
							"pivot": [0, 1, 29],
							"rotation": [0, 0, -180],
							"uv": {
								"north": {"uv": [54, 53], "uv_size": [4, 2.5]},
								"south": {"uv": [4, 55], "uv_size": [4, 2.5]}
							}
						},
						{
							"origin": [-1.9891, -0.24264, 26],
							"size": [3.9782, 2.48528, 6],
							"pivot": [0, 1, 29],
							"rotation": [-45, 0, -180],
							"uv": {
								"north": {"uv": [54, 26], "uv_size": [4, 2.5]},
								"south": {"uv": [54, 38], "uv_size": [4, 2.5]}
							}
						}
					]
				},
				{
					"name": "octagon5",
					"parent": "bag",
					"pivot": [0, 8, 31.375],
					"cubes": [
						{
							"origin": [-1.25, 6.75736, 28.375],
							"size": [2.5, 2.48528, 6],
							"pivot": [0, 8, 31.375],
							"rotation": [-45, 0, 0],
							"uv": {
								"north": {"uv": [14, 42], "uv_size": [2.5, 2.5]},
								"east": {"uv": [7, 24], "uv_size": [6, 2.5]},
								"south": {"uv": [70, 31], "uv_size": [2.5, 2.5]},
								"west": {"uv": [25, 23], "uv_size": [6, 2.5]}
							}
						},
						{
							"origin": [-1.25, 6.75736, 28.375],
							"size": [2.5, 2.48528, 6],
							"uv": {
								"north": {"uv": [71, 0], "uv_size": [2.5, 2.5]},
								"south": {"uv": [29, 72], "uv_size": [2.5, 2.5]}
							}
						},
						{
							"origin": [-1.25, 5, 30.13236],
							"size": [2.5, 6, 2.48528],
							"pivot": [0, 8, 31.375],
							"rotation": [-45, 0, 0],
							"uv": {
								"east": {"uv": [14, 24], "uv_size": [2.5, 6]},
								"west": {"uv": [25, 27], "uv_size": [2.5, 6]},
								"up": {"uv": [33, 72], "uv_size": [2.5, 2.5]},
								"down": {"uv": [37, 74.5], "uv_size": [2.5, -2.5]}
							}
						},
						{
							"origin": [-1.25, 5, 30.13236],
							"size": [2.5, 6, 2.48528],
							"uv": {
								"up": {"uv": [47, 72], "uv_size": [2.5, 2.5]},
								"down": {"uv": [72, 50.5], "uv_size": [2.5, -2.5]}
							}
						},
						{
							"origin": [-1.24264, 6.75736, 28.3698],
							"size": [2.48528, 2.48008, 6.01041],
							"pivot": [0, 8, 31.375],
							"rotation": [0, -90, -45],
							"uv": {
								"north": {"uv": [72, 60], "uv_size": [2.5, 2.5]},
								"east": {"uv": [7, 28], "uv_size": [6, 2.5]},
								"south": {"uv": [62, 72], "uv_size": [2.5, 2.5]},
								"west": {"uv": [29, 27], "uv_size": [6, 2.5]}
							}
						},
						{
							"origin": [-1.25, 6.75736, 28.375],
							"size": [2.5, 2.48528, 6],
							"pivot": [0, 8, 31.375],
							"rotation": [0, -90, 0],
							"uv": {
								"north": {"uv": [66, 72], "uv_size": [2.5, 2.5]},
								"south": {"uv": [70, 72], "uv_size": [2.5, 2.5]}
							}
						},
						{
							"origin": [-1.23744, 6.75736, 28.3698],
							"size": [2.47487, 2.48528, 6.0052],
							"pivot": [0, 8, 31.375],
							"rotation": [-180, -45, 180],
							"uv": {
								"north": {"uv": [73, 18], "uv_size": [2.5, 2.5]},
								"south": {"uv": [23, 73], "uv_size": [2.5, 2.5]},
								"up": {"uv": [14, 31], "uv_size": [2.5, 6]},
								"down": {"uv": [29, 37], "uv_size": [2.5, -6]}
							}
						},
						{
							"origin": [-1.23744, 6.75736, 28.375],
							"size": [2.47487, 2.48528, 6.0052],
							"pivot": [0, 8, 31.375],
							"rotation": [0, -45, 0],
							"uv": {
								"north": {"uv": [73, 40], "uv_size": [2.5, 2.5]},
								"south": {"uv": [73, 44], "uv_size": [2.5, 2.5]},
								"up": {"uv": [7, 32], "uv_size": [2.5, 6]},
								"down": {"uv": [33, 37], "uv_size": [2.5, -6]}
							}
						},
						{
							"origin": [-1.24264, 4.9948, 30.13756],
							"size": [2.48528, 6.01041, 2.47487],
							"pivot": [0, 8, 31.375],
							"rotation": [0, -90, -45],
							"uv": {
								"east": {"uv": [34, 17], "uv_size": [2.5, 6]},
								"west": {"uv": [25, 34], "uv_size": [2.5, 6]},
								"up": {"uv": [74, 9], "uv_size": [2.5, 2.5]},
								"down": {"uv": [74, 33.5], "uv_size": [2.5, -2.5]}
							}
						}
					]
				},
				{
					"name": "tube2",
					"parent": "bag",
					"pivot": [-3.63301, -2.06908, 31.5],
					"cubes": [
						{
							"origin": [-11.15329, 5.66219, 18.5631],
							"size": [1.25, 1.25, 5.25],
							"pivot": [-9.90329, 5.66219, 23.8131],
							"rotation": [27.8278, 3.8982, -97.2315],
							"uv": {
								"north": {"uv": [81, 69], "uv_size": [1.5, 1.5]},
								"east": {"uv": [62, 66], "uv_size": [5.5, 1.5]},
								"south": {"uv": [70, 81], "uv_size": [1.5, 1.5]},
								"west": {"uv": [67, 4], "uv_size": [5.5, 1.5]},
								"up": {"uv": [0, 67], "uv_size": [1.5, 5.5]},
								"down": {"uv": [67, 35.5], "uv_size": [1.5, -5.5]}
							}
						},
						{
							"origin": [-15.96623, 5.57816, 20.16532],
							"size": [1.25, 1.25, 5],
							"pivot": [-14.71623, 5.57816, 25.16532],
							"rotation": [73.9143, 12.5595, -94.5884],
							"uv": {
								"north": {"uv": [81, 47], "uv_size": [1.5, 1.5]},
								"east": {"uv": [69, 37], "uv_size": [5, 1.5]},
								"south": {"uv": [53, 81], "uv_size": [1.5, 1.5]},
								"west": {"uv": [47, 69], "uv_size": [5, 1.5]},
								"up": {"uv": [69, 48], "uv_size": [1.5, 5]},
								"down": {"uv": [53, 74], "uv_size": [1.5, -5]}
							}
						},
						{
							"origin": [-20.44026, 4.39157, 18.27453],
							"size": [1.25, 1.25, 5],
							"pivot": [-19.19026, 4.39157, 23.27453],
							"rotation": [112.7831, 12.4358, -99.6856],
							"uv": {
								"north": {"uv": [56, 81], "uv_size": [1.5, 1.5]},
								"east": {"uv": [69, 54], "uv_size": [5, 1.5]},
								"south": {"uv": [81, 58], "uv_size": [1.5, 1.5]},
								"west": {"uv": [69, 57], "uv_size": [5, 1.5]},
								"up": {"uv": [56, 69], "uv_size": [1.5, 5]},
								"down": {"uv": [69, 65], "uv_size": [1.5, -5]}
							}
						},
						{
							"origin": [-20.84156, 1.47375, 14.40429],
							"size": [1.25, 1.25, 5],
							"pivot": [-20.84156, 1.47375, 19.40429],
							"rotation": [151.0669, 15.2399, -106.8507],
							"uv": {
								"north": {"uv": [44, 81], "uv_size": [1.5, 1.5]},
								"east": {"uv": [29, 69], "uv_size": [5, 1.5]},
								"south": {"uv": [47, 81], "uv_size": [1.5, 1.5]},
								"west": {"uv": [35, 69], "uv_size": [5, 1.5]},
								"up": {"uv": [41, 69], "uv_size": [1.5, 5]},
								"down": {"uv": [44, 74], "uv_size": [1.5, -5]}
							}
						},
						{
							"origin": [-21.758, 0.31667, 9.70556],
							"size": [1.25, 1.25, 5],
							"pivot": [-20.508, 0.31667, 14.70556],
							"rotation": [177.6482, 27.3692, -115.8911],
							"uv": {
								"north": {"uv": [80, 37], "uv_size": [1.5, 1.5]},
								"east": {"uv": [68, 22], "uv_size": [5, 1.5]},
								"south": {"uv": [59, 80], "uv_size": [1.5, 1.5]},
								"west": {"uv": [11, 69], "uv_size": [5, 1.5]},
								"up": {"uv": [17, 69], "uv_size": [1.5, 5]},
								"down": {"uv": [20, 74], "uv_size": [1.5, -5]}
							}
						},
						{
							"origin": [-18.25522, -0.63575, 7.54046],
							"size": [1.25, 1.25, 4],
							"pivot": [-18.25522, -0.63575, 11.54046],
							"rotation": [-147.8335, -20.8113, -37.6195],
							"uv": {
								"north": {"uv": [67, 80], "uv_size": [1.5, 1.5]},
								"east": {"uv": [74, 22], "uv_size": [4, 1.5]},
								"south": {"uv": [76, 80], "uv_size": [1.5, 1.5]},
								"west": {"uv": [74, 69], "uv_size": [4, 1.5]},
								"up": {"uv": [59, 73], "uv_size": [1.5, 4]},
								"down": {"uv": [0, 78], "uv_size": [1.5, -4]}
							}
						},
						{
							"origin": [-13.88517, -1.48624, 4.36774],
							"size": [1.25, 1.25, 5],
							"pivot": [-13.88517, -1.48624, 9.36774],
							"rotation": [-121.1994, -31.8694, -61.5355],
							"uv": {
								"north": {"uv": [80, 24], "uv_size": [1.5, 1.5]},
								"east": {"uv": [67, 45], "uv_size": [5, 1.5]},
								"south": {"uv": [80, 30], "uv_size": [1.5, 1.5]},
								"west": {"uv": [68, 12], "uv_size": [5, 1.5]},
								"up": {"uv": [5, 69], "uv_size": [1.5, 5]},
								"down": {"uv": [8, 74], "uv_size": [1.5, -5]}
							}
						},
						{
							"origin": [-10.36426, -2.225, 5.66876],
							"size": [1.25, 1.25, 5],
							"pivot": [-9.11426, -2.225, 10.66876],
							"rotation": [-63.3409, 54.5541, -58.9531],
							"uv": {
								"north": {"uv": [54, 42], "uv_size": [1.5, 1.5]},
								"east": {"uv": [67, 9], "uv_size": [5, 1.5]},
								"south": {"uv": [80, 15], "uv_size": [1.5, 1.5]},
								"west": {"uv": [67, 42], "uv_size": [5, 1.5]},
								"up": {"uv": [11, 32], "uv_size": [1.5, 5]},
								"down": {"uv": [22, 40], "uv_size": [1.5, -5]}
							}
						},
						{
							"origin": [-7.6314, -3.03034, 10.03936],
							"size": [1.25, 1.25, 5],
							"pivot": [-6.3814, -3.03034, 15.03936],
							"rotation": [-7.01169, 34.64857, -2.0671],
							"uv": {
								"north": {"uv": [52, 38], "uv_size": [1, 1.5]},
								"east": {"uv": [69, 15], "uv_size": [5, 1.5]},
								"west": {"uv": [69, 25], "uv_size": [5, 1.5]},
								"up": {"uv": [57, 75], "uv_size": [1, 5]},
								"down": {"uv": [3, 81], "uv_size": [1, -5]}
							}
						},
						{
							"origin": [-8.61664, 4.36571, 13.79507],
							"size": [1.25, 1.25, 5.5],
							"uv": {
								"east": {"uv": [5, 66], "uv_size": [5.5, 1.5]},
								"south": {"uv": [81, 66], "uv_size": [1.5, 1.5]},
								"west": {"uv": [12, 66], "uv_size": [5.5, 1.5]},
								"up": {"uv": [24, 66], "uv_size": [1.5, 5.5]},
								"down": {"uv": [59, 71.5], "uv_size": [1.5, -5.5]}
							}
						},
						{
							"origin": [-7.6314, -3.03034, 15.03936],
							"size": [1.25, 1.25, 11],
							"uv": {
								"east": {"uv": [22, 17], "uv_size": [11, 1.5]},
								"south": {"uv": [79, 80], "uv_size": [1.5, 1.5]},
								"west": {"uv": [22, 20], "uv_size": [11, 1.5]},
								"up": {"uv": [22, 23], "uv_size": [1.5, 11]},
								"down": {"uv": [4, 35], "uv_size": [1.5, -11]}
							}
						},
						{
							"origin": [-4.82051, -2.38158, 23.5],
							"size": [1.25, 1.25, 4.1875],
							"pivot": [-3.69551, -2.25658, 27.5],
							"rotation": [30, 50, 22.5],
							"uv": {
								"north": {"uv": [2, 82], "uv_size": [1.5, 1]},
								"east": {"uv": [76, 48], "uv_size": [4, 1]},
								"south": {"uv": [82, 5], "uv_size": [1.5, 1]},
								"west": {"uv": [76, 50], "uv_size": [4, 1]},
								"up": {"uv": [74, 72], "uv_size": [1.5, 4]},
								"down": {"uv": [5, 79], "uv_size": [1.5, -4]}
							}
						},
						{
							"origin": [-0.85373, -2.9426, 27.375],
							"size": [1, 1, 4],
							"pivot": [-0.05019, 7.0574, 26.875],
							"rotation": [0, 0, 22.5],
							"uv": {
								"north": {"uv": [84, 50], "uv_size": [1, 1]},
								"east": {"uv": [76, 60], "uv_size": [4, 1]},
								"south": {"uv": [54, 84], "uv_size": [1, 1]},
								"west": {"uv": [62, 76], "uv_size": [4, 1]},
								"up": {"uv": [47, 76], "uv_size": [1, 4]},
								"down": {"uv": [49, 80], "uv_size": [1, -4]}
							}
						},
						{
							"origin": [-4.88301, -2.06908, 31.5],
							"size": [1, 1, 3.25],
							"pivot": [-3.88301, -2.06908, 31.5],
							"rotation": [78.14994, -0.71999, 61.11453],
							"uv": {
								"north": {"uv": [84, 54], "uv_size": [1, 1]},
								"east": {"uv": [67, 76], "uv_size": [3.5, 1]},
								"south": {"uv": [56, 84], "uv_size": [1, 1]},
								"west": {"uv": [77, 20], "uv_size": [3.5, 1]},
								"up": {"uv": [72, 76], "uv_size": [1, 3.5]},
								"down": {"uv": [23, 80.5], "uv_size": [1, -3.5]}
							}
						},
						{
							"origin": [-7.58873, -4.12277, 20.28936],
							"size": [1.25, 3.5, 1],
							"pivot": [-6.96373, -2.37277, 20.78936],
							"rotation": [0, 0, -40],
							"uv": {
								"north": {"uv": [8, 75], "uv_size": [1.5, 3.5]},
								"east": {"uv": [25, 77], "uv_size": [1, 3.5]},
								"south": {"uv": [15, 75], "uv_size": [1.5, 3.5]},
								"west": {"uv": [77, 40], "uv_size": [1, 3.5]},
								"up": {"uv": [82, 20], "uv_size": [1.5, 1]},
								"down": {"uv": [22, 83], "uv_size": [1.5, -1]}
							}
						},
						{
							"origin": [-7.2564, -1.65534, 21.28936],
							"size": [0.5, 0.5, 2.5],
							"pivot": [-7.5064, -2.90534, 21.28936],
							"rotation": [10, 0, -35],
							"uv": {
								"east": {"uv": [66, 83], "uv_size": [2.5, 0.5]},
								"south": {"uv": [87, 39], "uv_size": [0.5, 0.5]},
								"west": {"uv": [76, 83], "uv_size": [2.5, 0.5]},
								"up": {"uv": [80, 83], "uv_size": [0.5, 2.5]},
								"down": {"uv": [2, 86.5], "uv_size": [0.5, -2.5]}
							}
						},
						{
							"origin": [-7.0064, -4.34284, 21.28936],
							"size": [0.5, 0.5, 2.5],
							"pivot": [-7.2564, -2.84284, 21.28936],
							"rotation": [-7.5, 0, -35],
							"uv": {
								"east": {"uv": [84, 2], "uv_size": [2.5, 0.5]},
								"south": {"uv": [87, 41], "uv_size": [0.5, 0.5]},
								"west": {"uv": [4, 84], "uv_size": [2.5, 0.5]},
								"up": {"uv": [22, 84], "uv_size": [0.5, 2.5]},
								"down": {"uv": [24, 86.5], "uv_size": [0.5, -2.5]}
							}
						},
						{
							"origin": [-8.7564, -3.21784, 22.47686],
							"size": [3.5, 1.625, 1.625],
							"pivot": [-7.0064, -2.40534, 23.28936],
							"rotation": [-45, 0, 0],
							"uv": {
								"north": {"uv": [75, 15], "uv_size": [3.5, 1.5]},
								"east": {"uv": [81, 2], "uv_size": [1.5, 1.5]},
								"south": {"uv": [18, 75], "uv_size": [3.5, 1.5]},
								"west": {"uv": [41, 81], "uv_size": [1.5, 1.5]},
								"up": {"uv": [75, 25], "uv_size": [3.5, 1.5]},
								"down": {"uv": [75, 38.5], "uv_size": [3.5, -1.5]}
							}
						},
						{
							"origin": [-9.7564, -2.90534, 22.78936],
							"size": [4.75, 1, 1],
							"uv": {
								"north": {"uv": [75, 2], "uv_size": [5, 1]},
								"east": {"uv": [84, 56], "uv_size": [1, 1]},
								"south": {"uv": [75, 66], "uv_size": [5, 1]},
								"west": {"uv": [84, 58], "uv_size": [1, 1]},
								"up": {"uv": [76, 6], "uv_size": [5, 1]},
								"down": {"uv": [76, 29], "uv_size": [5, -1]}
							}
						},
						{
							"origin": [-9.5064, -2.65534, 23.78936],
							"size": [0.5, 0.5, 6],
							"uv": {
								"east": {"uv": [77, 54], "uv_size": [6, 0.5]},
								"west": {"uv": [77, 56], "uv_size": [6, 0.5]},
								"up": {"uv": [18, 78], "uv_size": [0.5, 6]},
								"down": {"uv": [20, 84], "uv_size": [0.5, -6]}
							}
						},
						{
							"origin": [-9.5064, -2.65534, 29.78936],
							"size": [0.5, 0.5, 0.5],
							"pivot": [-9.5064, -2.65534, 29.78936],
							"rotation": [0, 45, 0],
							"uv": {
								"east": {"uv": [87, 43], "uv_size": [0.5, 0.5]},
								"west": {"uv": [87, 45], "uv_size": [0.5, 0.5]},
								"up": {"uv": [52, 87], "uv_size": [0.5, 0.5]},
								"down": {"uv": [58, 87.5], "uv_size": [0.5, -0.5]}
							}
						},
						{
							"origin": [-9.15284, -2.65534, 30.14292],
							"size": [0.5, 0.5, 1.125],
							"pivot": [-9.15284, -2.65534, 30.14292],
							"rotation": [0, 90, 0],
							"uv": {
								"east": {"uv": [86, 57], "uv_size": [1, 0.5]},
								"south": {"uv": [87, 61], "uv_size": [0.5, 0.5]},
								"west": {"uv": [86, 59], "uv_size": [1, 0.5]},
								"up": {"uv": [61, 86], "uv_size": [0.5, 1]},
								"down": {"uv": [63, 87], "uv_size": [0.5, -1]}
							}
						}
					]
				},
				{
					"name": "positioning2",
					"parent": "gun",
					"pivot": [0, 0, 8],
					"locators": {
						"locator": [-8, 5, -38]
					}
				},
				{
					"name": "muzzle_flash",
					"parent": "positioning2",
					"pivot": [-8, 4.9375, -38.25]
				},
				{
					"name": "right_hand",
					"parent": "right_gun",
					"pivot": [-5.5, 18, 7]
				},
				{
					"name": "righthand_pos",
					"parent": "right_hand",
					"pivot": [0, 7, 7],
					"rotation": [0, 180, 0],
					"cubes": [
						{
							"origin": [4, 7, 5],
							"size": [3, 12, 4],
							"uv": {
								"north": {"uv": [5, 13], "uv_size": [3, 12]},
								"east": {"uv": [0, 0], "uv_size": [4, 12]},
								"south": {"uv": [9, 13], "uv_size": [3, 12]},
								"west": {"uv": [5, 0], "uv_size": [4, 12]},
								"up": {"uv": [25, 0], "uv_size": [3, 4]},
								"down": {"uv": [25, 9], "uv_size": [3, -4]}
							}
						}
					]
				},
				{
					"name": "left_mag",
					"parent": "root",
					"pivot": [0, 0, 0]
				},
				{
					"name": "mag",
					"parent": "left_mag",
					"pivot": [0, 0, 0]
				},
				{
					"name": "left_hand",
					"parent": "left_mag",
					"pivot": [5.5, 18, 7]
				},
				{
					"name": "lefthand_pos",
					"parent": "left_hand",
					"pivot": [0, 7, 7],
					"rotation": [0, 180, 0],
					"cubes": [
						{
							"origin": [-7, 7, 5],
							"size": [3, 12, 4],
							"uv": {
								"north": {"uv": [13, 13], "uv_size": [3, 12]},
								"east": {"uv": [10, 0], "uv_size": [4, 12]},
								"south": {"uv": [15, 0], "uv_size": [3, 12]},
								"west": {"uv": [0, 13], "uv_size": [4, 12]},
								"up": {"uv": [0, 26], "uv_size": [3, 4]},
								"down": {"uv": [4, 30], "uv_size": [3, -4]}
							}
						}
					]
				},
				{
					"name": "positioning",
					"pivot": [3, 4, 0]
				},
				{
					"name": "thirdperson_hand",
					"parent": "positioning",
					"pivot": [-8, 4, 17]
				},
				{
					"name": "ground",
					"parent": "positioning",
					"pivot": [0, -2, -1]
				},
				{
					"name": "fixed",
					"parent": "positioning",
					"pivot": [0, 5, -1],
					"rotation": [0, 90, 0]
				},
				{
					"name": "view",
					"pivot": [0, 0, 0]
				},
				{
					"name": "idle_view",
					"parent": "view",
					"pivot": [-5.6278, 12.82, -6.5],
					"rotation": [0, 0, -12.5]
				},
				{
					"name": "iron_view",
					"parent": "view",
					"pivot": [-5.3778, 11.32, -4.5],
					"rotation": [0, 0, -10]
				},
				{
					"name": "refit_view",
					"parent": "view",
					"pivot": [34, 9, 3],
					"rotation": [0, 90, 0]
				},
				{
					"name": "refit_extended_mag_view",
					"parent": "view",
					"pivot": [-20, 18, 49],
					"rotation": [18.28295, -37.73595, -2.59544]
				},
				{
					"name": "camera",
					"pivot": [-5.6278, 12.82, -6.5],
					"rotation": [0, 0, -12.5]
				}
			]
		}
	]
}