{
  "ammo": "tacz:9mm",
  //其实这枪用的是意大利9x19 glisenti，而不是熟知的德国9x19 parabellum，为了方便就用了自带的
  "rpm": 2000,
  //其实这枪射速有1200x2=2400rpm，但太鬼畜了，就用了战地1的1800rpm
  "bullet": {
    "life": 0.8,
    "bullet_amount": 1,
    "damage": 5.5,
    "tracer_count_interval": 0,
    "extra_damage": {
      "armor_ignore": 0.15,
      "head_shot_multiplier": 1.25,
      "damage_adjust": [
        //        {"distance": 1, "damage": 7.5},
        {
          "distance": 18,
          "damage": 5.5
        },
        {
          "distance": 40,
          "damage": 5
        },
        {
          "distance": 65,
          "damage": 4.5
        },
        {
          "distance": "infinite",
          "damage": 3.5
        }
      ]
    },
    "speed": 180,
    "gravity": 0.098,
    "knockback": 0,
    "friction": 0.02,
    "ignite": false,
    "pierce": 1
  },
  "ammo_amount": 40,
  "extended_mag_ammo_amount": [
    50,
    60,
    100
  ],
  "bolt": "open_bolt",
  "reload": {
    "type": "magazine",
    "feed": {
      "empty": 3.21,
      "tactical": 2.63
    },
    "cooldown": {
      "empty": 3.5,
      "tactical": 3
    }
  },
  "draw_time": 0.32,
  "put_away_time": 0.35,
  "sprint_time": 0.2,
  "aim_time": 0.17,
  // 重量，枪械的总重将影响“移速属性”，默认-1.5%移动速度/kg，可在ServerConfig中调整
  // 调整的属性会作为“百分比增加”类型(MULTIPLY_BASE)的属性修饰器添加至实体上
  // 注意，移速属性并不能直接反应实际移速，此属性对实际移速的影响较为复杂，请自行查阅相关资料
  "weight": 6.5,
  // 额外移速修正，多种情况同时满足时，仅计算最后一个修正
  // 对于其中的每个情况，最终的修正值是枪械和所有配件该情况下修正值的和
  // 调整的属性将作为“最终乘算”类型(MULTIPLY_TOTAL)的属性修饰器添加至实体上
  "movement_speed": {
    // 默认修正
    "base": 0,
    // 瞄准时
    "aim": -0.1,
    // 换弹时
    "reload": 0
  },
  "fire_mode": [
    "auto"
  ],
  "allow_attachment_types": [
    "scope",
    "stock",
    "grip",
    "muzzle",
    "extended_mag",
    "laser"
  ],
  "recoil": {
    "pitch": [
      {
        "time": 0,
        "value": [ 1, 1 ]
      },
      {
        "time": 0.3,
        "value": [ 1, 1 ]
      },
      {
        "time": 0.5,
        "value": [ -0.125, -0.125 ]
      },
      {
        "time": 0.65,
        "value": [ 0, 0 ]
      }
    ],
    "yaw": [
      {
        "time": 0,
        "value": [ -0.15, 0.45 ]
      },
      {
        "time": 0.3,
        "value": [ -0.15, 0.45 ]
      },
      {
        "time": 0.5,
        "value": [ 0, 0 ]
      }
    ]
  },
  "inaccuracy": {
    "stand": 4,
    "move": 6,
    "sneak": 3,
    "lie": 3,
    "aim": 2
  }

}